date,open,high,low,close,volume,ticker
2016-05-25,22.46218339734215,22.705768375818476,22.334700189714447,22.678451538085938,152675200,AAPL
2016-05-26,22.692114268003046,22.93114706454491,22.455358453980953,22.858299255371094,225324800,AAPL
2016-05-27,22.637484245340822,22.871963132776415,22.594230251291048,22.84464454650879,145364800,AAPL
2016-05-31,22.673907673583287,22.856028111455124,22.496341201914312,22.733097076416016,169228800,AAPL
2016-06-01,22.54186425664834,22.660243029826294,22.38478720234156,22.41438102722168,116693200,AAPL
2016-06-02,22.21860160279867,22.273237022921467,21.997781203065305,22.245920181274414,160766400,AAPL
2016-06-03,22.26186238942752,22.371133263074594,22.18446059516739,22.29145622253418,114019600,AAPL
2016-06-06,22.307389304787257,23.19522331053951,22.207224637192535,22.45308494567871,93170000,AAPL
2016-06-07,22.594223052512856,22.735366431348574,22.5282044593556,22.544139862060547,89638000,AAPL
2016-06-08,22.541871314818184,22.66480235461189,22.464471254668045,22.52366065979004,83392400,AAPL
2016-06-09,22.423484380413168,22.76268177965261,22.414378188489007,22.68528175354004,106405600,AAPL
2016-06-10,22.430319675347505,22.61699231836452,22.418938234975986,22.498615264892578,126851600,AAPL
2016-06-13,22.46674268329849,22.56463209429389,22.104778866146614,22.159414291381836,152082000,AAPL
2016-06-14,22.15486053124813,22.418934919147425,22.02510031976761,22.186731338500977,127727600,AAPL
2016-06-15,22.268685783411325,22.402999962509963,22.088842374994137,22.11388397216797,117780800,AAPL
2016-06-16,21.956804117871677,22.252749304634087,21.870297891613266,22.20722007751465,125307200,AAPL
2016-06-17,21.995505742306662,22.002334952651616,21.695008329327894,21.70183753967285,244032800,AAPL
2016-06-20,21.85436392148318,21.984124137793835,21.63354350813392,21.649478912353516,137647600,AAPL
2016-06-21,21.613057137237522,21.934042222919945,21.553867745183094,21.833877563476562,142185600,AAPL
2016-06-22,21.91128433726474,22.056980011054485,21.706399253238715,21.751930236816406,116876400,AAPL
2016-06-23,21.84071127676792,21.920388318940777,21.6836324387491,21.877134323120117,128960800,AAPL
2016-06-24,21.1509300314275,21.549316923000653,21.09174063551022,21.26247787475586,301245600,AAPL
2016-06-27,21.171414750344976,21.18279792612506,20.8299403188878,20.952871322631836,181958400,AAPL
2016-06-28,21.14865941539771,21.321673689564705,20.97564514123071,21.305736541748047,161779600,AAPL
2016-06-29,21.39223434601581,21.524271537990504,21.314832574681827,21.490123748779297,146124000,AAPL
2016-06-30,21.49923486383234,21.802007597523946,21.467364049759535,21.763307571411133,143345600,AAPL
2016-07-01,21.73826451524654,21.96136193566166,21.701841474526535,21.82932472229004,104106000,AAPL
2016-07-05,21.71549369850432,21.717770680658365,21.50377951571921,21.624433517456055,110820800,AAPL
2016-07-06,21.535657420975962,21.776967240861612,21.483298971964736,21.747371673583984,123796400,AAPL
2016-07-07,21.786070612908745,21.968191025990517,21.767859961063753,21.840707778930664,100558400,AAPL
2016-07-08,21.965910827619155,22.05697102082978,21.86574617823332,22.009164810180664,115648400,AAPL
2016-07-11,22.025102967911465,22.229987994048525,22.020550739254617,22.077463150024414,95179600,AAPL
2016-07-12,22.120713250890383,22.241367272101378,22.109331811940137,22.17762565612793,96670000,AAPL
2016-07-13,22.175350667633943,22.234538319250756,22.045588714831684,22.052419662475586,103568800,AAPL
2016-07-14,22.170797838449396,22.535036907490163,22.154862433454767,22.4895076751709,155676000,AAPL
2016-07-15,22.51910302038946,22.605610999187544,22.423490583976943,22.487232208251953,120548000,AAPL
2016-07-18,22.46902350931756,22.79456263260826,22.446258887884987,22.726268768310547,145975600,AAPL
2016-07-19,22.6648018679587,22.764968284194516,22.614718659840797,22.735374450683594,95119600,AAPL
2016-07-20,22.764959845311658,22.869678452180658,22.70577046340184,22.7558536529541,105104000,AAPL
2016-07-21,22.726262605703987,22.992612251581413,22.566906825229403,22.635202407836914,130808000,AAPL
2016-07-22,22.59650460290621,22.6056107972683,22.380236394671762,22.459915161132812,113254800,AAPL
2016-07-25,22.366576289676537,22.500888738552472,22.063801863012984,22.159414291381836,161531600,AAPL
2016-07-26,22.041039045479174,22.30283649036816,21.94997883810531,22.00689125061035,224959200,AAPL
2016-07-27,23.737028539192586,23.755240928260108,23.391001831054744,23.43653106689453,369379200,AAPL
2016-07-28,23.409212413656437,23.77800371125491,23.406935430991453,23.752962112426758,159479200,AAPL
2016-07-29,23.718813555670316,23.80076755467956,23.602711767602433,23.723365783691406,110934800,AAPL
2016-08-01,23.768895323111177,24.16500513669012,23.768895323111177,24.142240524291992,152671600,AAPL
2016-08-02,24.142243754724728,24.14679598308204,23.675561322388425,23.784833908081055,135266400,AAPL
2016-08-03,23.85995808599503,24.09443693605807,23.850851892023883,24.08305549621582,120810400,AAPL
2016-08-04,24.16544864727516,24.261579012946477,24.09678310251717,24.23182487487793,109634800,AAPL
2016-08-05,24.323382443715563,24.639241929922044,24.302783823087015,24.600332260131836,162213600,AAPL
2016-08-08,24.609479581688284,24.804031372070312,24.527083374554618,24.804031372070312,112148800,AAPL
2016-08-09,24.771994361398967,24.934500993309076,24.721639849436276,24.90474510192871,105260800,AAPL
2016-08-10,24.881861288365783,24.92534960067685,24.66442321928655,24.7193546295166,96034000,AAPL
2016-08-11,24.83836914609631,24.932211964247323,24.685018036971154,24.70332908630371,109938000,AAPL
2016-08-12,24.668994145530196,24.82005766994111,24.668994145530196,24.760547637939453,74641600,AAPL
2016-08-15,24.75139199583661,25.07182834461946,24.73765958322399,25.058095932006836,103472800,AAPL
2016-08-16,25.09242846604213,25.22975958534201,24.99629807952239,25.035207748413086,135177600,AAPL
2016-08-17,24.971125798130323,25.03292516337279,24.79717429294162,24.998592376708984,101424000,AAPL
2016-08-18,25.000877886414337,25.085563434881703,24.95281094466424,24.96654510498047,87938800,AAPL
2016-08-19,24.89558262290471,25.106156136493034,24.801741578291914,25.030624389648438,101472400,AAPL
2016-08-22,24.91618537887745,24.971116769936508,24.685013228240997,24.836076736450195,103280800,AAPL
2016-08-23,24.854390339443075,25.021475605068048,24.840657925859944,24.91390037536621,85030800,AAPL
2016-08-24,24.8498123178777,24.891011302987323,24.64610670990169,24.726215362548828,94700400,AAPL
2016-08-25,24.579732636625383,24.691884760216265,24.417225999435953,24.62093162536621,100344800,AAPL
2016-08-26,24.58431130314203,24.707906523282393,24.332538734832134,24.476736068725586,111065200,AAPL
2016-08-29,24.40349627266993,24.59118018732707,24.327964493954276,24.44927215576172,99881200,AAPL
2016-08-30,24.21581506942435,24.37603242442293,24.147149490860276,24.2615909576416,99455600,AAPL
2016-08-31,24.183758540844376,24.39204098988421,24.17917990675188,24.284465789794922,118649600,AAPL
2016-09-01,24.29362148687816,24.4446849807489,24.174603193174132,24.42866325378418,106806000,AAPL
2016-09-02,24.650684766074676,24.719350326588074,24.44926846613325,24.65755271911621,107210000,AAPL
2016-09-06,24.696460067460034,24.788013557460886,24.607195894924537,24.65068244934082,107521600,AAPL
2016-09-07,24.68044063237792,24.893301774270007,24.506489159826664,24.801748275756836,169457200,AAPL
2016-09-08,24.547686247936387,24.552263136701015,24.087631219518045,24.151718139648438,212008000,AAPL
2016-09-09,23.950306121353805,24.197500068374616,23.604692459106445,23.604692459106445,186228000,AAPL
2016-09-12,23.494822392574967,24.197492597182514,23.467355824862786,24.133405685424805,181171200,AAPL
2016-09-13,24.60719374239886,24.90016348778386,24.54539439990324,24.707901000976562,248704800,AAPL
2016-09-14,24.886434865548,25.87063014465147,24.85667897528379,25.582237243652344,443554800,AAPL
2016-09-15,26.0606044333641,26.488616040660265,25.97591714049353,26.451993942260742,359934400,AAPL
2016-09-16,26.348994552349193,26.580164975590975,26.101800653078442,26.3032169342041,319547600,AAPL
2016-09-19,26.365020681676523,26.591614254034297,25.9209873158799,25.996519088745117,188092000,AAPL
2016-09-20,25.875206237689383,26.12011081115645,25.75160929226149,25.994224548339844,138057200,AAPL
2016-09-21,26.058314539943815,26.090358002216576,25.735590599557394,25.98965072631836,144012800,AAPL
2016-09-22,26.1727606486588,26.30780247483782,26.092651978673636,26.234560012817383,124296000,AAPL
2016-09-23,26.188777575064645,26.273464865638555,25.531884855537015,25.797388076782227,209924800,AAPL
2016-09-26,25.552487489063047,25.95303257460885,25.53188886571493,25.836301803588867,119477600,AAPL
2016-09-27,25.863764554138143,25.904963540976546,25.71270102031809,25.884363174438477,98429600,AAPL
2016-09-28,26.021691363229483,26.239129368791218,25.96218133422534,26.081199645996094,118564400,AAPL
2016-09-29,25.9003847630911,26.046869650892393,25.58910393995395,25.67607879638672,143548000,AAPL
2016-09-30,25.740168003580504,25.94845225875798,25.58910621359226,25.87520980834961,145516400,AAPL
2016-10-03,25.797386922770695,25.875208003159123,25.698967223190934,25.75389862060547,86807200,AAPL
2016-10-04,25.87749431398079,26.163597874842022,25.779074619195026,25.86376190185547,118947200,AAPL
2016-10-05,25.955318465634114,26.014828502290214,25.79281183336047,25.87520980834961,85812400,AAPL
2016-10-06,26.02397843706358,26.17046331624547,25.893515286972285,26.067466735839844,115117200,AAPL
2016-10-07,26.163601182051714,26.220821901456944,25.98049592769764,26.106380462646484,97433600,AAPL
2016-10-10,26.326106405350398,26.722074530767596,26.257442593485038,26.561857223510742,144944000,AAPL
2016-10-11,26.93950843329308,27.166103692627097,26.596184187773265,26.61907386779785,256164000,AAPL
2016-10-12,26.859407924510492,27.003605268881365,26.722078533968947,26.857118606567383,150347200,AAPL
2016-10-13,26.73123283788793,26.880007065108106,26.486328216305616,26.774721145629883,140769600,AAPL
2016-10-14,26.9807131513981,27.0470893958653,26.809050992125677,26.923492431640625,142608800,AAPL
2016-10-17,26.85482547052972,26.97155446787286,26.72893920331153,26.905179977416992,94499600,AAPL
2016-10-18,27.049377967973744,27.056244174757325,26.88229270254308,26.886871337890625,98214000,AAPL
2016-10-19,26.836514930670027,26.953245676457854,26.046869774062202,26.806760787963867,80138400,AAPL
2016-10-20,26.747253906948913,26.866272238030678,26.625946258085435,26.79302978515625,96503200,AAPL
2016-10-21,26.735805515536914,26.75869519784017,26.61449788277504,26.687740325927734,92770800,AAPL
2016-10-24,26.80218379106691,26.94866868851393,26.779295853260383,26.928070068359375,94154800,AAPL
2016-10-25,26.99673361095342,27.090576425127797,26.8502487149759,27.065399169921875,192516000,AAPL
2016-10-26,26.163597996001634,26.481745017453612,25.934715146252724,26.456567764282227,264536800,AAPL
2016-10-27,26.410795252814587,26.51837048528033,26.115536129527058,26.202512741088867,138248000,AAPL
2016-10-28,26.062891508815476,26.36959369845516,25.966759381906105,26.0285587310791,151446800,AAPL
2016-10-31,26.012541073173228,26.145293569875925,25.90954272383994,25.987363815307617,105677600,AAPL
2016-11-01,25.96904791551526,26.040001040121055,25.29842109609378,25.51814842224121,175303200,AAPL
2016-11-02,25.49755005141465,25.714988062228944,25.458640385687897,25.54103660583496,113326800,AAPL
2016-11-03,25.53183038866328,25.64225721450681,25.20284747153307,25.267263412475586,107730400,AAPL
2016-11-04,24.96819331187081,25.36389333452078,24.87156937755949,25.03951072692871,123348000,AAPL
2016-11-07,25.32479147908192,25.42371651435973,25.18215485106164,25.400711059570312,130240000,AAPL
2016-11-08,25.377701755545395,25.702084433482014,25.2373662111449,25.55024528503418,97016800,AAPL
2016-11-09,25.27876923832055,25.610053278444553,24.857764485066493,25.508827209472656,236705600,AAPL
2016-11-10,25.557141052136153,25.557141052136153,24.34703729863719,24.797950744628906,228538000,AAPL
2016-11-11,24.643814994203094,25.0464165171127,24.51268199694924,24.9451904296875,136575600,AAPL
2016-11-14,24.779543424410114,24.8025488700783,23.944433635754226,24.319427490234375,204702000,AAPL
2016-11-15,24.517278491798816,24.772642986196743,24.422955634114782,24.641510009765625,129058000,AAPL
2016-11-16,24.547182470466577,25.35928850527834,24.524177026593794,25.304073333740234,235362000,AAPL
2016-11-17,25.262670024350157,25.38690156287228,25.037214152931146,25.294878005981445,110528000,AAPL
2016-11-18,25.241958218785776,25.430605665066192,25.228155303634452,25.32017707824707,113715600,AAPL
2016-11-21,25.333986530501825,25.764193849148143,25.308680011145785,25.70438003540039,117058400,AAPL
2016-11-22,25.75499489378593,25.863122445096884,25.628464034646015,25.720487594604492,103862000,AAPL
2016-11-23,25.61926238079961,25.653771436366686,25.382302890551035,25.58935546875,109705600,AAPL
2016-11-25,25.56634439798822,25.73658857833759,25.524933888606377,25.718183517456055,45903600,AAPL
2016-11-28,25.635367850516595,25.874628426316654,25.62616531815464,25.66757583618164,108776000,AAPL
2016-11-29,25.48582390871544,25.773396396862534,25.322482946072274,25.642263412475586,114115200,AAPL
2016-11-30,25.674475126343566,25.812509589697417,25.368497533186847,25.42601203918457,144649200,AAPL
2016-12-01,25.391502843763547,25.52263583743851,25.083224201929145,25.189050674438477,148347600,AAPL
2016-12-02,25.115427883165925,25.32708079195349,25.041809403796204,25.283370971679688,106112000,AAPL
2016-12-05,25.306386511515836,25.31328797245911,24.903784907923537,25.101634979248047,137298000,AAPL
2016-12-06,25.19135260148136,25.389202634475474,25.12003517861256,25.294878005981445,104782000,AAPL
2016-12-07,25.136135021878374,25.58014698705001,25.113129575252483,25.543336868286133,119994800,AAPL
2016-12-08,25.504233822463927,25.86542486610041,25.44441824209,25.79410743713379,108273200,AAPL
2016-12-09,25.837812005163336,26.387650454674247,25.837812005163336,26.215106964111328,137610400,AAPL
2016-12-12,26.06327738867511,26.456676454019128,25.879230241696117,26.06557846069336,105497600,AAPL
2016-12-13,26.18980365187071,26.66832474553946,26.169099272965543,26.500383377075195,174935200,AAPL
2016-12-14,26.465874323696543,26.732740709071145,26.45207140442643,26.500383377075195,136127200,AAPL
2016-12-15,26.544094797742623,26.85467454156549,26.50958749749872,26.645320892333984,186098000,AAPL
2016-12-16,26.794853821721503,26.801755280446198,26.606206344032927,26.679824829101562,177404400,AAPL
2016-12-19,26.640719315305457,27.00420965154858,26.629215712268476,26.833967208862305,111117600,AAPL
2016-12-20,26.856967195985213,27.031811746397484,26.843164279311598,26.9052791595459,85700000,AAPL
2016-12-21,26.870777761079413,27.008812223697966,26.86617561771019,26.930591583251953,95132800,AAPL
2016-12-22,26.767251406445986,26.804061533698256,26.60391041597186,26.753448486328125,104343600,AAPL
2016-12-23,26.592398643238692,26.806352615356445,26.592398643238692,26.806352615356445,56998000,AAPL
2016-12-27,26.806360259684002,27.1008360056042,26.799458799777113,26.976604461669922,73187600,AAPL
2016-12-28,27.036416999651617,27.151446006509776,26.732740491754218,26.861574172973633,83623600,AAPL
2016-12-29,26.790248054702733,26.942087146916545,26.77874621011868,26.854665756225586,60158000,AAPL
2016-12-30,26.83626947796643,26.96280034100216,26.555598401292904,26.645320892333984,122345200,AAPL
2017-01-03,26.640715331660193,26.76264578272473,26.401454816935974,26.721235275268555,115127600,AAPL
2017-01-04,26.652214801343774,26.804053900212143,26.62920935596453,26.69132423400879,84472400,AAPL
2017-01-05,26.668323926614956,26.884579016290644,26.64301740526128,26.827064514160156,88774400,AAPL
2017-01-06,26.866170143698557,27.183651273757864,26.79485273283738,27.126136779785156,127007600,AAPL
2017-01-09,27.135344611060074,27.475831276214816,27.13304529444941,27.374605178833008,134247600,AAPL
2017-01-10,27.323991499898003,27.464327038866397,27.215865699974678,27.402212142944336,97848400,AAPL
2017-01-11,27.317081355604625,27.590850886429095,27.28487338200209,27.549440383911133,110354400,AAPL
2017-01-12,27.3538977720558,27.445921327204168,27.195157183304946,27.434417724609375,108344800,AAPL
2017-01-13,27.402206665093118,27.519536728605953,27.333188567684832,27.3861026763916,104447600,AAPL
2017-01-17,27.225065050993486,27.662175636930506,27.19745921211967,27.606962203979492,137759200,AAPL
2017-01-18,27.60696110572876,27.721990110335962,27.540244072432184,27.604660034179688,94852000,AAPL
2017-01-19,27.468927386690293,27.62766622376003,27.46202592706161,27.55634880065918,102389200,AAPL
2017-01-20,27.710487610163064,27.710487610163064,27.54484731131003,27.606962203979492,130391600,AAPL
2017-01-23,27.606957336766985,27.793303737125175,27.55404322958216,27.625362396240234,88200800,AAPL
2017-01-24,27.50342796445064,27.629958780791963,27.491924365145604,27.600051879882812,92844000,AAPL
2017-01-25,27.70358052260405,28.090077985152917,27.671372546991893,28.039464950561523,129510400,AAPL
2017-01-26,27.991153703122777,28.16829932872382,27.97504971490478,28.05327033996582,105350400,AAPL
2017-01-27,28.099282181284575,28.147594147568313,27.97505065861076,28.055570602416992,82251600,AAPL
2017-01-30,27.82091277645912,27.981952667236328,27.7587978915031,27.981952667236328,121510000,AAPL
2017-01-31,27.87152869592351,27.92674212772511,27.749598229560107,27.917539596557617,196804000,AAPL
2017-02-01,29.224270243127602,30.020272543535167,29.21966985497879,29.619970321655273,447940000,AAPL
2017-02-02,29.442824161746977,29.767205035094836,29.396811507766348,29.569355010986328,134841600,AAPL
2017-02-03,29.51874097170494,29.721193131971837,29.484233676389646,29.695886611938477,98029200,AAPL
2017-02-06,29.707388111636728,30.02256642123465,29.65447224868922,29.974252700805664,107383600,AAPL
2017-02-07,30.03177231808843,30.388362950360797,30.011067938833033,30.259531021118164,152735200,AAPL
2017-02-08,30.218114989032692,30.41826429447201,30.188206330369457,30.37685203552246,92016400,AAPL
2017-02-09,30.41844179425914,30.603286818135548,30.295982715136457,30.596355438232422,113399600,AAPL
2017-02-10,30.605613476149404,30.71651913040471,30.510879873776638,30.52705192565918,80262000,AAPL
2017-02-13,30.748862679899332,30.919844998644407,30.672613950957338,30.797382354736328,92141600,AAPL
2017-02-14,30.838968783082613,31.21327745462507,30.788136306005725,31.197105407714844,132904800,AAPL
2017-02-15,31.31264224864995,31.485933873104685,31.104690183927993,31.31032943725586,142492400,AAPL
2017-02-16,31.347295215836816,31.400436986802053,31.155518752514713,31.273359298706055,90338400,AAPL
2017-02-17,31.21559341039314,31.384262905527905,31.21559341039314,31.35884666442871,88792800,AAPL
2017-02-21,31.47667931905758,31.596829126310965,31.418915463250798,31.585275650024414,98028800,AAPL
2017-02-22,31.52288462404608,31.682313404508225,31.448948733841043,31.680004119873047,83347600,AAPL
2017-02-23,31.74239038798178,31.76549381144753,31.4928501454238,31.545991897583008,83152800,AAPL
2017-02-24,31.402741084003488,31.576032638549805,31.257175049984358,31.576032638549805,87106400,AAPL
2017-02-27,31.68694711981432,31.756264466169437,31.488239273930557,31.638423919677734,81029600,AAPL
2017-02-28,31.673086399147035,31.756266515014435,31.585284186390634,31.652292251586914,93931600,AAPL
2017-03-01,31.860232400519113,32.3824163916019,31.79322787856917,32.29923629760742,145658400,AAPL
2017-03-02,32.34775608734624,32.41245131747088,32.06124612134738,32.107460021972656,104844000,AAPL
2017-03-03,32.06585782125351,32.30846661838351,32.021956745266955,32.296913146972656,84432400,AAPL
2017-03-06,32.20218665877828,32.294610924650605,32.0242765575214,32.195255279541016,87000000,AAPL
2017-03-07,32.130563702118074,32.34313424930706,32.06817775627844,32.23685073852539,69785200,AAPL
2017-03-08,32.10516099742172,32.30155958253522,32.07512617986917,32.11671447753906,74828800,AAPL
2017-03-09,32.05662140985935,32.06817135717713,31.666137293520123,32.042755126953125,88623600,AAPL
2017-03-10,32.17447553943943,32.19989178322456,32.03353155583584,32.1490592956543,78451200,AAPL
2017-03-13,32.082050798304046,32.21605985740259,32.07511941682055,32.16291809082031,69686800,AAPL
2017-03-14,32.18601793683025,32.266885211484286,32.07973090151632,32.1143913269043,61236400,AAPL
2017-03-15,32.21143545714722,32.52104885946369,32.123633273411656,32.454044342041016,102767200,AAPL
2017-03-16,32.51412590106739,32.58344324693821,32.407838833981906,32.50719451904297,76928000,AAPL
2017-03-17,32.57881991544937,32.57881991544937,32.3223482133878,32.345455169677734,175540000,AAPL
2017-03-20,32.44018264011968,32.694345036519806,32.400903638062616,32.68510437011719,86168000,AAPL
2017-03-21,32.8352917141338,32.99472054637454,32.28537858857916,32.310794830322266,158119600,AAPL
2017-03-22,32.31310613499406,32.71745317302266,32.292308464990825,32.67586135864258,103440800,AAPL
2017-03-23,32.63888743408401,32.71282686095234,32.488702820993375,32.56032943725586,81385200,AAPL
2017-03-24,32.694343799918045,32.749798373115034,32.42863146197127,32.495635986328125,89582400,AAPL
2017-03-27,32.20681260478574,32.6296444169478,32.0288989566286,32.55108642578125,94300400,AAPL
2017-03-28,32.55801904145993,33.28122008560219,32.49101099744345,33.22576904296875,133499200,AAPL
2017-03-29,33.198051967140444,33.38520988039427,33.084837030521676,33.29971694946289,116760000,AAPL
2017-03-30,33.315882636755454,33.387509255140365,33.15645382776915,33.25580596923828,84829200,AAPL
2017-03-31,33.207286986680685,33.33436817947322,33.0432360785983,33.193424224853516,78646800,AAPL
2017-04-03,33.204976232250445,33.299706275752946,33.052478807647475,33.20266342163086,79942800,AAPL
2017-04-04,33.098688727826826,33.47761947345894,33.080203871256245,33.449893951416016,79565600,AAPL
2017-04-05,33.32282171915426,33.60933178453863,33.22808812588683,33.276611328125,110871600,AAPL
2017-04-06,33.338986749664876,33.39213203750382,33.14490103283233,33.193424224853516,84596000,AAPL
2017-04-07,33.20960307310597,33.31357733372976,33.1033195269134,33.11949157714844,66688800,AAPL
2017-04-10,33.17956349994475,33.24425874286062,33.01782186702875,33.08020782470703,75733600,AAPL
2017-04-11,33.02706638137571,33.121799961435954,32.36162556132028,32.72438430786133,121517600,AAPL
2017-04-12,32.71746147833437,32.84453918775802,32.58113604857397,32.763671875,81400000,AAPL
2017-04-13,32.78907799558137,32.89767433330219,32.590370178222656,32.590370178222656,71291600,AAPL
2017-04-17,32.689724731172724,32.78214902839294,32.54878076283502,32.77059555053711,66328400,AAPL
2017-04-18,32.673546075114686,32.819108584656504,32.604228747624155,32.625022888183594,58790000,AAPL
2017-04-19,32.782148358168236,32.80987388395424,32.45173723150411,32.504878997802734,69313600,AAPL
2017-04-20,32.62964547182509,33.022438965982026,32.61578271124467,32.91153335571289,93278400,AAPL
2017-04-21,32.91154387146392,32.96699493150307,32.775221981365114,32.87226486206055,69283600,AAPL
2017-04-24,33.15644557162086,33.26041978292252,33.082506160972926,33.18879318237305,68537200,AAPL
2017-04-25,33.251194061188805,33.47993672371542,33.24194986789126,33.394447326660156,75486000,AAPL
2017-04-26,33.38059110163879,33.410629447300266,33.1287414321574,33.198055267333984,80164800,AAPL
2017-04-27,33.253499487413826,33.30895406388303,33.11255552381096,33.22346115112305,56985200,AAPL
2017-04-28,33.29277364954495,33.34129683760354,33.103310044002505,33.19110870361328,83441600,AAPL
2017-05-01,33.52615333013811,34.01136774840602,33.493805702253574,33.86811447143555,134411600,AAPL
2017-05-02,34.089916305108204,34.21699749566795,33.928178210589465,34.082984924316406,181408800,AAPL
2017-05-03,33.63936354242312,34.07837103137064,33.334372168846535,33.9790153503418,182788000,AAPL
2017-05-04,33.85424665336897,33.99749990895938,33.69019572710698,33.8565559387207,93487600,AAPL
2017-05-05,33.90970485056654,34.42264835683271,33.90970485056654,34.41802978515625,109310800,AAPL
2017-05-08,34.43419436903658,35.51322292684159,34.43419436903658,35.35379409790039,195009600,AAPL
2017-05-09,35.55250547264491,35.78587376314534,35.45546259441152,35.58023452758789,156521600,AAPL
2017-05-10,35.4970453320954,35.56867194825436,35.145840106230295,35.41155242919922,103222800,AAPL
2017-05-11,35.36979404638002,35.74565127496851,35.33731290713693,35.71780776977539,109020400,AAPL
2017-05-12,35.89180653954682,36.29086246895266,35.88484654986236,36.21662139892578,130108000,AAPL
2017-05-15,36.19574352326371,36.34422922660591,35.97301673833962,36.12382125854492,104038800,AAPL
2017-05-16,36.1794981997311,36.207338157780946,35.896446825631735,36.07045364379883,80194000,AAPL
2017-05-17,35.63659927380828,35.86164838463973,34.73408401394015,34.85936737060547,203070800,AAPL
2017-05-18,35.09602551609839,35.57628262123861,35.063544376331315,35.39067459106445,134272800,AAPL
2017-05-19,35.5855666531375,35.72477002721877,35.411559780401745,35.511322021484375,107843200,AAPL
2017-05-22,35.72941156011525,35.8639773012021,35.4765224188457,35.72709274291992,91865600,AAPL
2017-05-23,35.93821805739705,35.93821805739705,35.569324336589276,35.68301010131836,79675600,AAPL
2017-05-24,35.69227942289396,35.768842851420054,35.420829198216694,35.57627487182617,76712000,AAPL
2017-05-25,35.666764314693346,35.8106123896768,35.50435862375579,35.69924545288086,76942400,AAPL
2017-05-26,35.72940706676329,35.78509053405886,35.569320195944684,35.63892364501953,87710400,AAPL
2017-05-30,35.59483357440635,35.82916147696767,35.573953606294275,35.652835845947266,80507600,AAPL
2017-05-31,35.722463239496015,35.76886437981524,35.35356939471508,35.44173049926758,97804800,AAPL
2017-06-01,35.536842864976805,35.57396518048359,35.31643486944589,35.539161682128906,65616400,AAPL
2017-06-02,35.63195530592104,36.06581115722656,35.471868472609174,36.06581115722656,111082800,AAPL
2017-06-05,35.80828605555389,35.83380719987951,35.60412044112713,35.71316146850586,101326800,AAPL
2017-06-06,35.70620697236029,36.1493453010279,35.67836700705885,35.83381271362305,106499600,AAPL
2017-06-07,35.96605159431426,36.1887783473258,35.84076469808959,36.0472526550293,84278400,AAPL
2017-06-08,36.01941991941855,36.08670101408541,35.822210729231124,35.95909881591797,85003200,AAPL
2017-06-09,36.00551036982716,36.00551036982716,33.87798630919757,34.56473159790039,259530800,AAPL
2017-06-12,33.81301798022594,33.89421906626686,33.06362580621396,33.738773345947266,289229200,AAPL
2017-06-13,34.14247031488895,34.20975141652605,33.67612961736451,34.010223388671875,136661600,AAPL
2017-06-14,34.22134826314073,34.22134826314073,33.37219395829046,33.67844772338867,126124800,AAPL
2017-06-15,33.251562593426584,33.52069059391153,32.99403222161778,33.47660827636719,128661600,AAPL
2017-06-16,33.35827088059254,33.525317729657,32.99169604737768,33.007938385009766,201444400,AAPL
2017-06-19,33.330434298736115,34.045022883262455,33.330434298736115,33.95221710205078,130165600,AAPL
2017-06-20,34.075179545849174,34.075179545849174,33.62740362744633,33.64364242553711,99600400,AAPL
2017-06-21,33.761972901353,33.88957864340851,33.55084372269558,33.84317398071289,85063200,AAPL
2017-06-22,33.81997579978962,34.035742616466905,33.66916772366512,33.78749465942383,76425200,AAPL
2017-06-23,33.67148438772323,34.142462613482856,33.66684321411892,33.93829345703125,141757600,AAPL
2017-06-26,34.14479909194507,34.40232948743289,33.72950411408706,33.83158874511719,102769600,AAPL
2017-06-27,33.64365501437434,33.91046773590415,33.32116234692363,33.346683502197266,99047600,AAPL
2017-06-28,33.523005208444474,33.89885891933453,33.214432597089726,33.83389663696289,88329600,AAPL
2017-06-29,33.57404423508429,33.67148764914415,33.010260183521176,33.3350715637207,125997600,AAPL
2017-06-30,33.51372556665097,33.63205251495539,33.35827983983494,33.413963317871094,92096400,AAPL
2017-07-03,33.613485823453566,33.710929238845075,33.200509831479685,33.293312072753906,57111200,AAPL
2017-07-05,33.33739642246375,33.59260437172023,33.11234725637412,33.430198669433594,86278400,AAPL
2017-07-06,33.18194297823651,33.293306356681505,33.040417283475556,33.11465835571289,96515200,AAPL
2017-07-07,33.15410508801684,33.58332341824197,33.15410508801684,33.45107650756836,76806800,AAPL
2017-07-10,33.434846329571144,33.86174241272838,33.263158245175966,33.65525436401367,84362400,AAPL
2017-07-11,33.57868183594897,33.83853448003167,33.49748076106818,33.76428985595703,79127200,AAPL
2017-07-12,33.84318140267704,33.91510368937792,33.59957457099455,33.81302261352539,99538000,AAPL
2017-07-13,33.7573385226845,34.45104730356028,33.7434185371451,34.284000396728516,100797600,AAPL
2017-07-14,34.3303882628221,34.64592079378021,34.1819025741464,34.578636169433594,80528400,AAPL
2017-07-17,34.52759911588152,35.010174972615246,34.46959683558217,34.699283599853516,95174000,AAPL
2017-07-18,34.61575048382867,34.83152074702938,34.492785967232614,34.81991958618164,71475200,AAPL
2017-07-19,34.91273417035607,35.13082332697542,34.7897696101649,35.038021087646484,83692000,AAPL
2017-07-20,35.149384286938314,35.205067754332376,34.845452883625036,34.880252838134766,68974800,AAPL
2017-07-21,34.79905901253468,34.90346243798861,34.54152867498606,34.86402130126953,105010400,AAPL
2017-07-24,34.93594515949075,35.367482405670145,34.77817706531301,35.286277770996094,85972800,AAPL
2017-07-25,35.21898362396672,35.69228065092934,35.21898362396672,35.43707275390625,75415600,AAPL
2017-07-26,35.57860864023195,35.71317084727418,35.51132399653175,35.604129791259766,63124000,AAPL
2017-07-27,35.671403166837266,35.727086631610675,34.17494501031293,34.93129348754883,129905200,AAPL
2017-07-28,34.775847185583764,34.85472943749042,34.61344150807646,34.68536376953125,68854800,AAPL
2017-07-31,34.77817563461861,34.87794142569058,34.36752192350949,34.5067253112793,79383600,AAPL
2017-08-01,34.592576413705046,34.852425609468234,34.43248948410816,34.812984466552734,141474400,AAPL
2017-08-02,36.95442727963152,37.06347189329879,36.23055966565275,36.45792770385742,279747200,AAPL
2017-08-03,36.43703863608513,36.474160950665876,35.966060332900575,36.093666076660156,108389200,AAPL
2017-08-04,36.20966776094429,36.5182367982239,36.12150315590527,36.28390884399414,82239600,AAPL
2017-08-07,36.43937033879472,36.87090766290361,36.34888687761931,36.84538650512695,87481200,AAPL
2017-08-08,36.79664975369933,37.54603825885882,36.72008631531287,37.14002227783203,144823600,AAPL
2017-08-09,36.94978385570976,37.4161246126443,36.91498389183977,37.367401123046875,104526000,AAPL
2017-08-10,37.24394126576149,37.26723470908686,36.016454281468874,36.17716979980469,163217200,AAPL
2017-08-11,36.47531517491972,36.9341683844951,36.351867717935605,36.68028259277344,105028400,AAPL
2017-08-14,37.10884856633273,37.31614740550101,36.97608234424056,37.232295989990234,88490800,AAPL
2017-08-15,37.42095468305778,37.77965017452428,37.299835201723255,37.63990020751953,117862000,AAPL
2017-08-16,37.71910243792333,37.85186512027864,37.30217323789386,37.48851013183594,110686400,AAPL
2017-08-17,37.38835604433153,37.43261145636436,36.76412798432432,36.7687873840332,111762400,AAPL
2017-08-18,36.768791772499455,37.150780850365045,36.50326282269144,36.684940338134766,109712400,AAPL
2017-08-21,36.684931157832516,36.775769892822034,36.128252027187976,36.61738586425781,105474000,AAPL
2017-08-22,36.85497248223008,37.26724234582348,36.806061216936655,37.215999603271484,86418400,AAPL
2017-08-23,37.050622350639216,37.37670924800208,37.00636693869412,37.262577056884766,77596400,AAPL
2017-08-24,37.36740240950668,37.43961068868213,36.92951465775347,37.09721755981445,79275600,AAPL
2017-08-25,37.185704340312455,37.39766255153382,37.09719709100755,37.234619140625,101920400,AAPL
2017-08-28,37.29983867949579,37.73307037035567,37.25092387633161,37.609622955322266,103864000,AAPL
2017-08-29,37.29053252414095,37.99394910280157,37.2672390780848,37.945037841796875,118067600,AAPL
2017-08-30,38.15233307291767,38.17329503991752,37.87515744009567,38.04751968383789,109078400,AAPL
2017-08-31,38.11506215835603,38.32003307581607,38.07779407262144,38.19891357421875,107140400,AAPL
2017-09-01,38.385253828589875,38.417862517958746,38.11273759156137,38.21056365966797,66364400,AAPL
2017-09-05,38.140685318075796,38.25714542591725,37.397669261394455,37.751708984375,117874000,AAPL
2017-09-06,37.898453140961124,37.963670522676125,37.38835725576962,37.71211624145508,86606800,AAPL
2017-09-07,37.75403510325225,37.78897526638358,37.35108414451552,37.56071090698242,87714000,AAPL
2017-09-08,37.467542599456294,37.535087892012,36.92483812021589,36.9481315612793,114446000,AAPL
2017-09-11,37.38369886793957,37.74472595411591,37.24161737805395,37.61661911010742,126323200,AAPL
2017-09-12,37.875154916994575,38.18959861736738,36.980742177111466,37.46754455566406,286856000,AAPL
2017-09-13,37.23695363861418,37.257919159067484,36.78043200745177,37.18571090698242,179629600,AAPL
2017-09-14,37.031986397763134,37.127480985161284,36.82235607104816,36.86661148071289,95042800,AAPL
2017-09-15,36.91086616450887,37.493166692687424,36.80139338088487,37.23928451538086,196458400,AAPL
2017-09-18,37.292871949292646,37.38371073039949,36.801409940206355,36.95746612548828,113077600,AAPL
2017-09-19,37.153105416508424,37.213666952238235,36.903882613105765,36.97142791748047,83242400,AAPL
2017-09-20,36.77810091676466,36.86195233721681,35.830117479786594,36.35186004638672,211805600,AAPL
2017-09-21,36.28896142105042,36.28896142105042,35.578554226497566,35.727622985839844,150046800,AAPL
2017-09-22,35.296730433842086,35.4667647623346,35.068469601363695,35.37825393676758,186581600,AAPL
2017-09-25,34.9357006684078,35.36427296614295,34.74237648371551,35.06613540649414,177549200,AAPL
2017-09-26,35.35262386670793,35.85107289889718,35.33166190394329,35.669395446777344,146640000,AAPL
2017-09-27,35.82312863998077,36.03741480448484,35.76256711139289,35.923282623291016,102016800,AAPL
2017-09-28,35.844084925287866,35.934923649693694,35.56690935351426,35.702003479003906,88022000,AAPL
2017-09-29,35.685708417667065,35.89999459326319,35.40387338808492,35.89766311645508,105199200,AAPL
2017-10-02,35.930283392535586,35.97453881719591,35.571587702377876,35.825469970703125,74795200,AAPL
2017-10-03,35.872044994281765,36.123599280752316,35.84875510265796,35.98151779174805,64921200,AAPL
2017-10-04,35.783532540208626,35.83710319267838,35.51101632449689,35.748592376708984,80655200,AAPL
2017-10-05,35.91164256334408,36.20512435397174,35.88136534751433,36.193477630615234,85135200,AAPL
2017-10-06,36.09564795285132,36.21676746633701,36.00014980656297,36.17251205444336,69630400,AAPL
2017-10-09,36.29129148774914,36.505577619836615,36.21675888071339,36.29827880859375,65051600,AAPL
2017-10-10,36.349531579630025,36.801397407591345,36.12593014262862,36.31226348876953,62468000,AAPL
2017-10-11,36.32856703960228,36.563815182604465,36.277324306816766,36.463661193847656,67622400,AAPL
2017-10-12,36.41708335599889,36.654659457585346,36.27267038086556,36.3355598449707,64500400,AAPL
2017-10-13,36.50558912676728,36.63369597276531,36.43105649623809,36.5661506652832,65576800,AAPL
2017-10-16,36.77809993812558,37.267233803427715,36.719869885307716,37.23928451538086,96486000,AAPL
2017-10-17,37.21599725793115,37.46987947743301,37.0878904096244,37.376712799072266,75989200,AAPL
2017-10-18,37.3650624314904,37.43261128768263,37.17406969325437,37.211334228515625,65496800,AAPL
2017-10-19,36.510255533120954,36.58711965546994,36.10730442572919,36.33090591430664,170336800,AAPL
2017-10-20,36.47763116535656,36.74316004028321,36.32623446320929,36.39377975463867,95896400,AAPL
2017-10-23,36.54286310559142,36.72920004305189,36.21910405396044,36.375160217285156,87937200,AAPL
2017-10-24,36.40310938726473,36.66631044378954,36.38214741481978,36.59177780151367,71028800,AAPL
2017-10-25,36.547505620070204,36.69657439034687,36.16551667410626,36.43104553222656,84828400,AAPL
2017-10-26,36.62205870286859,36.76181230804649,36.517245276026074,36.66398620605469,68002000,AAPL
2017-10-27,37.10187094974917,38.105760372075004,36.96444883340868,37.97765350341797,177816800,AAPL
2017-10-30,38.1732976116592,39.14690605329501,38.13370159774283,38.832462310791016,178803200,AAPL
2017-10-31,39.10730812671052,39.51491855976353,38.883706679435335,39.37283706665039,144187200,AAPL
2017-11-01,39.566152425643104,39.58245854526735,38.57391367345149,38.87205123901367,134551200,AAPL
2017-11-02,38.804518780172856,39.24706587583461,38.49706231483044,39.156227111816406,165573600,AAPL
2017-11-03,40.52811796768852,40.588675944952875,39.85730660195206,40.17873764038086,237594400,AAPL
2017-11-06,40.14846587104661,40.75871939626235,39.99706911692099,40.58635711669922,140105200,AAPL
2017-11-07,40.50715864248612,40.81927090225437,40.43495393878697,40.7167854309082,97446000,AAPL
2017-11-08,40.681858865899855,41.04987335205078,40.60499474340489,41.04987335205078,97638000,AAPL
2017-11-09,40.78666527374036,41.0172576015806,40.327812095180505,40.96601486206055,117930400,AAPL
2017-11-10,40.93328296542886,40.99639849993857,40.736927487906414,40.83042907714844,100582000,AAPL
2017-11-13,40.556935118264605,40.79069266937852,40.53355793641035,40.66680145263672,67928400,AAPL
2017-11-14,40.449412033186846,40.5522659440664,40.01462277065098,40.052024841308594,99130000,AAPL
2017-11-15,39.731763826553525,39.813580380903474,39.36009024575425,39.523719787597656,116632400,AAPL
2017-11-16,40.014623372072364,40.175916683207014,39.8089191140793,39.99592590332031,94550000,AAPL
2017-11-17,39.98188974925974,40.063706318434406,39.654630606275354,39.77384567260742,87598000,AAPL
2017-11-20,39.80657606378088,39.869691608046615,39.63593403195173,39.73411178588867,65049600,AAPL
2017-11-21,39.92111417337202,40.60368579254124,39.92111417337202,40.472782135009766,100525200,AAPL
2017-11-22,40.52420657796541,40.9075687942775,40.45174231251265,40.89822006225586,102355600,AAPL
2017-11-24,40.93095191185509,41.024453513062106,40.82575815192538,40.90056228637695,56106800,AAPL
2017-11-27,40.91924823128709,40.926260670448954,40.51952136478021,40.69483947753906,82867200,AAPL
2017-11-28,40.74393784446522,40.87717778066195,40.17356890543842,40.456417083740234,105715200,AAPL
2017-11-29,40.35356790075893,40.421356022358474,39.07491378830195,39.61722946166992,166665600,AAPL
2017-11-30,39.839295289727644,40.23902224712282,39.37412007422577,40.171234130859375,166108800,AAPL
2017-12-01,39.72709530718462,40.12915858256177,39.38814756965987,39.984230041503906,159037200,AAPL
2017-12-04,40.31850036895455,40.3512262825852,39.652293505718426,39.69203186035156,130169600,AAPL
2017-12-05,39.519056556395874,40.094101782104794,39.36477569500352,39.65463638305664,109400800,AAPL
2017-12-06,39.15438974818077,39.785534421794935,38.9112834648331,39.507362365722656,114240000,AAPL
2017-12-07,39.51204229074438,39.84164132481947,39.48399252337033,39.579833984375,102693200,AAPL
2017-12-08,39.853329305384676,39.972544381752805,39.4629545923694,39.59151840209961,93420800,AAPL
2017-12-11,39.55177980714525,40.41434580408775,39.455938348183324,40.362918853759766,141095200,AAPL
2017-12-12,40.241374913388476,40.297478029125415,40.08008514350427,40.13618469238281,77636800,AAPL
2017-12-13,40.3231800504292,40.566286349142075,40.206301267674334,40.26941680908203,95273600,AAPL
2017-12-14,40.29980704541993,40.47045265407189,40.124488853110634,40.25773239135742,81906000,AAPL
2017-12-15,40.5873247413037,40.71355224948807,40.313828834523285,40.66680145263672,160677200,AAPL
2017-12-18,40.87951693560756,41.42183253648349,40.87484078640801,41.239501953125,117684400,AAPL
2017-12-19,40.914579856867505,40.99873270965546,40.694847209762465,40.8000373840332,109745600,AAPL
2017-12-20,40.87717802562036,41.00574538016436,40.4984919693788,40.7556266784668,93902400,AAPL
2017-12-21,40.713552805108094,41.146005707313414,40.69719163107256,40.909908294677734,83799600,AAPL
2017-12-22,40.83276787373455,41.00574974798811,40.79069322605128,40.909908294677734,65397600,AAPL
2017-12-26,39.92577631104657,40.082393386832074,39.66396552100964,39.872013092041016,132742000,AAPL
2017-12-27,39.76216859553665,39.92112204908144,39.67100327556646,39.87904739379883,85992800,AAPL
2017-12-28,39.97254804917525,40.171243428209586,39.850993103171035,39.991249084472656,65920800,AAPL
2017-12-29,39.86033752972982,39.87669870309674,39.55645200818158,39.55878829956055,103999600,AAPL
2018-01-02,39.776189634537445,40.27643070005527,39.565805677893536,40.2670783996582,102223600,AAPL
2018-01-03,40.33019115208112,40.80238241744237,40.19695119893329,40.26006317138672,118071600,AAPL
2018-01-04,40.33252478094121,40.5499211500562,40.224998308918046,40.44706726074219,89738400,AAPL
2018-01-05,40.542916251500806,40.994066679999236,40.451750935713896,40.90757751464844,94640000,AAPL
2018-01-08,40.7556266784668,41.050159881448366,40.65744537728277,40.7556266784668,82271200,AAPL
2018-01-09,40.80238825912582,40.921603346574265,40.53590474782042,40.75096130371094,86336000,AAPL
2018-01-10,40.47747160200724,40.74395515447264,40.44006952559076,40.741615295410156,95839600,AAPL
2018-01-11,40.81174438189376,41.02212839218549,40.78837075865585,40.97303771972656,74670800,AAPL
2018-01-12,41.18340176092249,41.45923751339591,41.05951054984298,41.396121978759766,101672400,AAPL
2018-01-16,41.58546481936825,41.93376483703263,41.17405283422285,41.18574142456055,118263600,AAPL
2018-01-17,41.176390621417674,41.901040446396664,40.92393560860837,41.8659782409668,137547200,AAPL
2018-01-18,41.92907955526688,42.099725089944926,41.66727230963817,41.90336608886719,124773600,AAPL
2018-01-19,41.751450920555335,41.978196109630254,41.470942474678054,41.71638870239258,129700400,AAPL
2018-01-22,41.44522336108701,41.55742601082084,41.281593753796436,41.37509536743164,108434400,AAPL
2018-01-23,41.44521299016399,41.945453988337626,41.333010368506855,41.38443374633789,130756400,AAPL
2018-01-24,41.43352385908979,41.44521244943131,40.486805111138345,40.72523880004883,204420400,AAPL
2018-01-25,40.79304653151452,40.89590046900383,39.86269207607174,39.99827194213867,166116000,AAPL
2018-01-26,40.206301219057266,40.206301219057266,39.75281097181956,40.091758728027344,156572000,AAPL
2018-01-29,39.776194571434615,39.776194571434615,39.053884434411934,39.26192855834961,202561600,AAPL
2018-01-30,38.6938794975192,39.123992450453756,38.499860340445615,39.03049087524414,184192800,AAPL
2018-01-31,39.007123526143936,39.374124613366014,38.92063436894064,39.13802719116211,129915600,AAPL
2018-02-01,39.07724875688061,39.41619648711814,38.98140730643512,39.21984100341797,188923200,AAPL
2018-02-02,38.80375196035035,38.99075870726561,37.424583889707215,37.51808547973633,346375200,AAPL
2018-02-05,37.19083407744985,38.30819507475602,36.46618412011472,36.580726623535156,290954000,AAPL
2018-02-06,36.192689296369814,38.27079419819336,35.998670062167655,38.109500885009766,272975200,AAPL
2018-02-07,38.123518306819236,38.19598257725575,37.183815515739305,37.293678283691406,206434400,AAPL
2018-02-08,37.46900825511856,37.63497773878801,36.23944442797,36.267494201660156,217562000,AAPL
2018-02-09,36.86599229990847,37.05845311203358,35.2629186182967,36.711082458496094,282690400,AAPL
2018-02-12,37.20162894435836,38.466718895803275,36.96926416827277,38.189762115478516,243278000,AAPL
2018-02-13,38.011387447072025,38.66857795561748,37.94097353876356,38.57234573364258,130196800,AAPL
2018-02-14,38.26721478410091,39.32341248785229,38.22966380983118,39.283512115478516,162579600,AAPL
2018-02-15,39.85151934431027,40.62606519891659,39.666099508224036,40.602596282958984,204588800,AAPL
2018-02-16,40.45471775078253,41.032107382495894,40.31623936113969,40.47114562988281,160704400,AAPL
2018-02-20,40.38196338095014,40.900671851907454,40.234094542494496,40.33502197265625,135722000,AAPL
2018-02-21,40.56504027258118,40.86781542185468,40.13786518942926,40.15195083618164,149886400,AAPL
2018-02-22,40.32329023698601,40.82791670005755,40.30216713810029,40.487586975097656,123967600,AAPL
2018-02-23,40.76218681135434,41.22691276622604,40.73167328929835,41.191707611083984,135249600,AAPL
2018-02-26,41.391216287340875,42.10473494491624,41.35835694616437,42.00615692138672,152648800,AAPL
2018-02-27,42.03668323356099,42.36058152900351,41.816054626517115,41.87003707885742,155712400,AAPL
2018-02-28,42.07421433892811,42.39342084865955,41.79021656257379,41.806644439697266,151128400,AAPL
2018-03-01,41.90523004911441,42.19627249006448,40.52513412020834,41.07435607910156,195208000,AAPL
2018-03-02,40.557999950612896,41.37948720362311,40.475849792751795,41.35836410522461,153816000,AAPL
2018-03-05,41.12364926720145,41.71746684872899,40.961698366530335,41.50153350830078,113605600,AAPL
2018-03-06,41.75736246248173,41.837163204570295,41.339577893430516,41.4663200378418,95154000,AAPL
2018-03-07,41.06027110203652,41.27385859802717,40.90301543683224,41.08139419555664,126814000,AAPL
2018-03-08,41.187022122543205,41.57194742905669,41.090793481964944,41.529701232910156,95096400,AAPL
2018-03-09,41.76910835419292,42.24791649869535,41.63532156620826,42.243221282958984,128740800,AAPL
2018-03-12,42.31596951674786,42.808863174580104,42.29719582170219,42.651607513427734,128828400,AAPL
2018-03-13,42.85580050964318,43.06938797986928,42.06952227846858,42.24085998535156,126774000,AAPL
2018-03-14,42.32301671345703,42.36995811673612,41.73389082089603,41.88175964355469,117473600,AAPL
2018-03-15,41.89584418772932,42.30424194138419,41.79492034377192,41.93104934692383,90975200,AAPL
2018-03-16,41.931056957763644,42.0413712517957,41.68930527034882,41.7831916809082,157618800,AAPL
2018-03-19,41.61888416294302,41.65408931941201,40.75984253110528,41.14476776123047,133787200,AAPL
2018-03-20,41.13068389892578,41.49683183577984,41.060270007669395,41.13068389892578,78597600,AAPL
2018-03-21,41.083754981689786,41.095491231721496,40.196548916582934,40.19889831542969,148219600,AAPL
2018-03-22,39.90079799352127,40.529820619288714,39.57220461907548,39.630882263183594,165963200,AAPL
2018-03-23,39.522908313354655,39.882015158730724,38.713157653808594,38.713157653808594,164115200,AAPL
2018-03-26,39.44780634373773,40.62840019813181,39.06522697707837,40.55094528198242,150164800,AAPL
2018-03-27,40.76454247240878,41.10956740172063,39.177899826116274,39.51118850708008,163690400,AAPL
2018-03-28,39.2553474561917,39.905496814461294,38.77184419806612,39.07461929321289,166674000,AAPL
2018-03-29,39.386786515119255,40.31154688271614,39.173199002522075,39.37974548339844,153594000,AAPL
2018-04-02,39.11217229534909,39.65200736477822,38.60285074845011,39.121559143066406,150347200,AAPL
2018-04-03,39.34688194941007,39.60741083952156,38.6990820303163,39.52291488647461,121112000,AAPL
2018-04-04,38.69908517590817,40.37256933160999,38.6732668664508,40.2786865234375,138422000,AAPL
2018-04-05,40.50635822090288,40.89362930170126,40.38900291382461,40.5579948425293,107732800,AAPL
2018-04-06,40.12847614077942,40.482887897857516,39.478326701909054,39.52057647705078,140021200,AAPL
2018-04-09,39.872643872253846,40.62606300601005,39.8656028397066,39.91254425048828,116070800,AAPL
2018-04-10,40.60493852359392,40.839649150897934,40.25991361494503,40.66361618041992,113634400,AAPL
2018-04-11,40.42420849279554,40.82087000785947,40.29981215251393,40.4734992980957,89726400,AAPL
2018-04-12,40.70115605059519,41.07434495378245,40.614310714484674,40.872493743896484,91557200,AAPL
2018-04-13,41.02271875981588,41.271511425086416,40.8044396188746,41.010982513427734,100497200,AAPL
2018-04-16,41.081384229836075,41.353649307157035,41.03444283960107,41.266807556152344,86313600,AAPL
2018-04-17,41.42408756403929,41.99912799101432,41.40531028061391,41.83483123779297,106421600,AAPL
2018-04-18,41.733899061182015,41.97095910385769,41.51561988120563,41.74094009399414,83018000,AAPL
2018-04-19,40.78331502653571,41.16589447365878,40.525135499803376,40.5579948425293,139235200,AAPL
2018-04-20,40.04162516124711,40.187144570368126,38.828168347966916,38.896236419677734,261964400,AAPL
2018-04-23,39.156765922577186,39.17788901493464,38.51365765341196,38.78357696533203,146062000,AAPL
2018-04-24,38.88450667946601,39.03941654299841,37.84004517183039,38.24374771118164,134768000,AAPL
2018-04-25,38.16864110139597,38.825831574734394,38.11935387520056,38.41039276123047,113528400,AAPL
2018-04-26,38.520701702278025,38.89858590345385,38.344668756042076,38.54417419433594,111852000,AAPL
2018-04-27,38.49254441988215,38.56999935976334,37.70157072022894,38.09823226928711,142623200,AAPL
2018-04-30,38.053631107612816,39.25769406239759,37.98556302734298,38.788272857666016,169709600,AAPL
2018-05-01,39.05819917447311,39.71304029620329,38.79062918324785,39.689571380615234,214277600,AAPL
2018-05-02,41.12832952549235,41.71980112653362,40.79269515111264,41.44284439086914,266157600,AAPL
2018-05-03,41.28090316830111,41.66113320985868,40.94291931740563,41.51795959472656,136272800,AAPL
2018-05-04,41.837176087943014,43.245440079683036,41.818398804951755,43.1468620300293,224805200,AAPL
2018-05-07,43.46371797122614,44.048148799513136,43.362794107261145,43.45902633666992,169805600,AAPL
2018-05-08,43.41912263854349,43.707815723321396,43.1093028742744,43.66791534423828,113611200,AAPL
2018-05-09,43.78526872136192,43.98477060792433,43.47310315384662,43.97538375854492,92844800,AAPL
2018-05-10,44.064569122468185,44.68185556216297,44.04344244670562,44.604400634765625,111957200,AAPL
2018-05-11,44.646824986202176,44.781124079827364,44.1661668942968,44.43476867675781,104848800,AAPL
2018-05-14,44.53372631386614,44.656247495945635,44.26276967169345,44.33109664916992,83115200,AAPL
2018-05-15,44.008308257959634,44.07663883685339,43.61247553480892,43.928199768066406,94780800,AAPL
2018-05-16,43.84100824044488,44.40412953249525,43.82451341829647,44.33815383911133,76732400,AAPL
2018-05-17,44.295744112587485,44.510155226195536,43.9093345737116,44.05777359008789,69176000,AAPL
2018-05-18,44.104899251623095,44.25097982122303,43.85514720867744,43.89755630493164,73190800,AAPL
2018-05-21,44.29575668563138,44.594989665645436,44.038936405996104,44.208580017089844,73603200,AAPL
2018-05-22,44.385279304995024,44.50308713532342,44.00829280986027,44.09782791137695,60962800,AAPL
2018-05-23,43.90697946331335,44.41355169174006,43.76796349223717,44.38056564331055,80233600,AAPL
2018-05-24,44.477180841529915,44.49367207255778,43.874005168539476,44.33109664916992,92936000,AAPL
2018-05-25,44.34994044932966,44.6845142986647,44.21328291731223,44.43240737915039,69844000,AAPL
2018-05-29,44.20149302333628,44.47244955605774,44.02949102723114,44.27217483520508,90056400,AAPL
2018-05-30,44.229783744648095,44.295755859375,44.00830439011752,44.177947998046875,74762000,AAPL
2018-05-31,44.111965976448204,44.349936508610654,43.857500621703196,44.02949905395508,109931200,AAPL
2018-06-01,44.29340808773352,44.82825327523949,44.236859010966775,44.823543548583984,93770000,AAPL
2018-06-04,45.153383085968876,45.57277865594449,45.085056129264544,45.198150634765625,105064800,AAPL
2018-06-05,45.49032571725215,45.69531022935619,45.32303698544506,45.546871185302734,86264000,AAPL
2018-06-06,45.62226003673747,45.72828636153599,45.21935568825165,45.7047233581543,83734400,AAPL
2018-06-07,45.74243130384017,45.756567670436446,45.318322329900795,45.58221435546875,85388800,AAPL
2018-06-08,45.04264641511956,45.238207849226285,44.71278592096952,45.16752243041992,106627200,AAPL
2018-06-11,45.08506572699524,45.23114631083224,44.81646397224416,45.05678939819336,73234000,AAPL
2018-06-12,45.09449373664577,45.38194521050095,45.03794466802796,45.30419158935547,67644400,AAPL
2018-06-13,45.337174592969205,45.44555940171566,44.870656492735385,44.931915283203125,86553600,AAPL
2018-06-14,45.13217896352785,45.13689228323737,44.81880971422139,44.955467224121094,86440400,AAPL
2018-06-15,44.77405469747586,44.80468589134723,44.35701386908553,44.49367141723633,246876800,AAPL
2018-06-18,44.267470793974596,44.583194911549555,44.107250277682624,44.47010040283203,73939600,AAPL
2018-06-19,43.62188694452313,43.90227017955534,43.223695869239414,43.7514762878418,134314000,AAPL
2018-06-20,43.90697705384341,44.10724819574322,43.76089290863536,43.942317962646484,82514800,AAPL
2018-06-21,44.119035175144084,44.37821385591246,43.57476354074038,43.69728469848633,102847600,AAPL
2018-06-22,43.852783531530534,43.8598517133983,43.51820974068812,43.570045471191406,108801600,AAPL
2018-06-25,43.21191781471853,43.5700546843232,42.58282432899554,42.92211151123047,126652400,AAPL
2018-06-26,43.11532148892775,43.94939954793936,43.00929153976301,43.45460510253906,98276800,AAPL
2018-06-27,43.64308664748483,44.12609945793199,43.360348581313914,43.3909797668457,101141200,AAPL
2018-06-28,43.37685407100263,43.874003367746724,43.306168638273,43.70671463012695,69460800,AAPL
2018-06-29,43.89283951007356,44.104895760187524,43.096461027816034,43.61481475830078,90950800,AAPL
2018-07-02,43.31087761470998,44.13081920457902,43.216629182120954,44.102542877197266,70925200,AAPL
2018-07-03,44.24626991591381,44.28396929007822,43.24490320913668,43.33443832397461,55819200,AAPL
2018-07-05,43.65016137767174,43.92112157794117,43.41925900843449,43.68314743041992,66416800,AAPL
2018-07-06,43.68786030860455,44.39706223311594,43.636024569780716,44.28868103027344,69940800,AAPL
2018-07-09,44.64917535845704,44.92720016005415,44.60205293727909,44.90364074707031,79026400,AAPL
2018-07-10,44.93428241779234,45.068581529229874,44.809402759492706,44.84946060180664,63756400,AAPL
2018-07-11,44.41355952665594,44.71514733555964,44.20386169710242,44.267478942871094,75326000,AAPL
2018-07-12,44.65623911158645,45.09919773617647,44.60440337487018,45.00966262817383,72164400,AAPL
2018-07-13,45.02144504787517,45.20051167231687,44.97903235551187,45.08034896850586,50055600,AAPL
2018-07-16,45.12510996660727,45.391353204429265,44.86593131540765,44.98138427734375,60172400,AAPL
2018-07-17,44.708081328191334,45.20758548689798,44.578491967618255,45.10862731933594,62138000,AAPL
2018-07-18,45.18637208262621,45.19108540259918,44.750481662975155,44.86122131347656,65573600,AAPL
2018-07-19,44.69393913236674,45.36780012426097,44.69393913236674,45.209938049316406,81147200,AAPL
2018-07-20,45.18637831095939,45.33952707669777,44.80703689306761,45.10626983642578,82704800,AAPL
2018-07-23,44.92719968848247,45.22879109031837,44.66331125648758,45.146324157714844,63957600,AAPL
2018-07-24,45.34422660434203,45.62932309432081,45.249981791818506,45.47381591796875,74791600,AAPL
2018-07-25,45.487963024230176,45.90971710862951,45.33952399399678,45.90264892578125,66839600,AAPL
2018-07-26,45.85316358781776,46.171246165870855,45.61754792858129,45.75891876220703,76304000,AAPL
2018-07-27,45.94269236331336,45.989814769630826,44.79053209208713,44.99787139892578,96096000,AAPL
2018-07-30,45.2146462036936,45.285331624624746,44.547857012990356,44.74577331542969,84118000,AAPL
2018-07-31,44.837666532786,45.27119853960078,44.61147388845953,44.83530807495117,157492000,AAPL
2018-08-01,46.918150683987434,47.53781746675014,46.48932842822588,47.476558685302734,271742800,AAPL
2018-08-02,47.259795643672035,49.097598749071246,47.20560504150239,48.86433792114258,249616000,AAPL
2018-08-03,48.7795141514494,49.182418547865296,48.41430912684515,49.005706787109375,133789600,AAPL
2018-08-06,49.008059489642534,49.302579077921635,48.78893864166359,49.260169982910156,101701600,AAPL
2018-08-07,49.31905568004424,49.36146475938803,48.715876766111904,48.798343658447266,102349600,AAPL
2018-08-08,48.548617914751276,48.963300271358555,48.188126164952756,48.831356048583984,90102000,AAPL
2018-08-09,49.368557091360415,49.427461016071646,48.81957208162651,49.21540832519531,93970400,AAPL
2018-08-10,49.0286148009558,49.44002519266483,48.86546923859156,49.068809509277344,98444800,AAPL
2018-08-13,49.48967807024764,49.87744283435731,49.10900627803238,49.385643005371094,103563600,AAPL
2018-08-14,49.69065012134938,49.78522547543453,49.241408169898676,49.59370803833008,82992000,AAPL
2018-08-15,49.468407558933215,49.827800496523814,49.25797427207032,49.70957946777344,115230400,AAPL
2018-08-16,50.066604679924524,50.55367473143679,50.000401193766706,50.43782043457031,114001600,AAPL
2018-08-17,50.46618706310315,51.53253931119231,50.39998358384993,51.4450569152832,141708000,AAPL
2018-08-20,51.56800483956419,51.82335904051192,50.86104191692848,50.94379806518555,121150800,AAPL
2018-08-21,51.26062262083593,51.352834849865985,50.60567731793008,50.844482421875,104639200,AAPL
2018-08-22,50.62222837910076,51.156585944720106,50.56075115648966,50.84684753417969,76072400,AAPL
2018-08-23,50.7522793586269,51.31974238483337,50.74046014360053,50.95089340209961,75532800,AAPL
2018-08-24,51.21333757583482,51.28426728810176,50.861037704362104,51.10930252075195,73905600,AAPL
2018-08-27,51.343375438036134,51.71932093494493,51.14949488701187,51.53016662597656,82100400,AAPL
2018-08-28,51.7831663768743,52.14492238496493,51.761887460591076,51.946311950683594,91107200,AAPL
2018-08-29,52.05270103162549,52.84241999553279,51.8777362734872,52.721832275390625,109019200,AAPL
2018-08-30,52.785672712873435,53.97024574907113,52.58469558416517,53.206539154052734,195175200,AAPL
2018-08-31,53.55647918343615,54.11448247965439,53.43589505535609,53.82129669189453,173360400,AAPL
2018-09-04,54.005711675140766,54.18776939590025,53.584845253725106,53.99388885498047,109560400,AAPL
2018-09-05,54.14286111353829,54.303639960299556,53.223101771937806,53.6416015625,133332000,AAPL
2018-09-06,53.49027852572328,53.755096048130156,52.324621069428616,52.75021743774414,137160000,AAPL
2018-09-07,52.45465930046942,53.2869325453365,52.18511556397365,52.324615478515625,150479200,AAPL
2018-09-10,52.24186001307081,52.45465998116174,51.18260084633692,51.62238311767578,158066000,AAPL
2018-09-11,51.54672332040395,53.03394564193792,51.203883114038426,52.927547454833984,142996000,AAPL
2018-09-12,53.18527415765987,53.19946010310294,51.97941828552849,52.27024459838867,197114800,AAPL
2018-09-13,52.84951587627025,53.991531148163254,52.62489670197329,53.532833099365234,166825600,AAPL
2018-09-14,53.376791326239925,53.63451228780782,52.613084535836826,52.92518615722656,127997200,AAPL
2018-09-17,52.525584424011406,52.714738729611575,51.37175001470513,51.5159797668457,148780400,AAPL
2018-09-18,51.49470675410538,52.45466440089387,51.33629103116489,51.60110855102539,126286800,AAPL
2018-09-19,51.66257836751287,51.92739226002057,50.90596466904896,51.631839752197266,108495200,AAPL
2018-09-20,52.07398836223533,52.55632846390417,51.81626383542605,52.02433395385742,106435200,AAPL
2018-09-21,52.20167199078347,52.338808803475615,51.37648799310484,51.46397399902344,384986800,AAPL
2018-09-24,51.26535388953533,52.315153292233006,51.22042933428429,52.20402526855469,110773600,AAPL
2018-09-25,51.958130371548314,52.68400905547717,51.946307549786276,52.53504943847656,98217600,AAPL
2018-09-26,52.25368725227918,52.90390281763559,51.960497843994546,52.11655044555664,95938800,AAPL
2018-09-27,52.9204374982189,53.53991423536293,52.85423043488124,53.18761444091797,120724800,AAPL
2018-09-28,53.14979737223942,53.398062202116094,52.96773962377275,53.374420166015625,91717600,AAPL
2018-10-01,53.896959816847335,54.24452988828253,53.518654734943205,53.73381423950195,94403200,AAPL
2018-10-02,53.7314374289486,54.38165284338032,53.58484456274216,54.2114143371582,99152800,AAPL
2018-10-03,54.39348748822865,55.20211876466658,54.329647132562286,54.87110137939453,114619200,AAPL
2018-10-04,54.566089500033,54.93730520599613,53.60849859022037,53.90641784667969,128168000,AAPL
2018-10-05,53.899327312763546,54.00572550581806,52.15438395852076,53.03158187866211,134322000,AAPL
2018-10-08,52.53978898349141,53.15217302088543,52.0645381588214,52.90863800048828,118655600,AAPL
2018-10-09,52.87789482474594,53.73618053808223,52.54924055121309,53.6416015625,107564000,AAPL
2018-10-10,53.30821307731672,53.5186463057796,51.08329306782395,51.15658950805664,167962400,AAPL
2018-10-11,50.72154687603227,51.89902721215979,50.20137511528744,50.704994201660156,212497600,AAPL
2018-10-12,52.11655615761714,52.69820518727146,51.270093186822955,52.516143798828125,161351600,AAPL
2018-10-15,52.2915240188917,52.44993975756,51.37176459969738,51.393043518066406,123164000,AAPL
2018-10-16,51.76424921811775,52.72420684082225,51.25117047250022,52.52559280395508,116736000,AAPL
2018-10-17,52.56106913997548,52.64145857217466,51.86119907516877,52.29861831665039,91541600,AAPL
2018-10-18,51.51125481132157,51.955766930543895,50.36214653480621,51.076202392578125,130325200,AAPL
2018-10-19,51.558542953192145,52.31515664645652,51.40958333577089,51.854095458984375,132314800,AAPL
2018-10-22,51.967592478519066,52.81169226211933,51.766618916580256,52.17093276977539,115168400,AAPL
2018-10-23,51.03127894622945,52.785678210129554,50.76409832307149,52.66272735595703,155071200,AAPL
2018-10-24,52.63198967990546,53.01738767953561,50.726264164214655,50.85630798339844,163702000,AAPL
2018-10-25,51.475796278943854,52.34353810184047,51.24881034120332,51.9699592590332,119423200,AAPL
2018-10-26,51.0478160738919,52.06215406994389,50.28410957792078,51.14239501953125,189033600,AAPL
2018-10-29,51.825716512907476,51.94393749911957,48.72832523102341,50.18244552612305,183742000,AAPL
2018-10-30,49.92473008302534,50.87759111597405,49.480221547617695,50.433082580566406,146640000,AAPL
2018-10-31,51.27953421575745,52.12363014967308,51.21805699622307,51.74768829345703,153435600,AAPL
2018-11-01,51.79263154257351,52.57525414732443,51.26300005412576,52.542152404785156,233292800,AAPL
2018-11-02,49.54642446027015,50.51583454720711,48.57228091507329,49.05698776245117,365314800,AAPL
2018-11-05,48.30509263572986,48.32637154602719,46.85570228184564,47.66433334350586,264654800,AAPL
2018-11-06,47.74237132513075,48.4044096899324,47.68799067176834,48.17979049682617,127531600,AAPL
2018-11-07,48.699960659016895,49.66700760551551,48.264908230328544,49.64099884033203,133697600,AAPL
2018-11-08,49.82132566766374,49.85454290419516,49.0549542402841,49.46780014038086,101450400,AAPL
2018-11-09,48.770221974842265,48.879362743694706,47.987240320926354,48.513973236083984,137463200,AAPL
2018-11-12,47.21612935039931,47.41780773297329,45.97996678297015,46.07012939453125,204542000,AAPL
2018-11-13,45.46747093822109,46.784299734622806,45.42476100071037,45.60982894897461,187531600,AAPL
2018-11-14,46.006073457133304,46.14368876236647,44.115055029309836,44.32147979736328,243204000,AAPL
2018-11-15,44.69873575688715,45.5481521610165,44.345206577891304,45.415283203125,185915200,AAPL
2018-11-16,45.19936284522291,46.259946609491415,44.95260676177665,45.91828155517578,147713200,AAPL
2018-11-19,45.08071555395701,45.24680167665356,43.8920095682225,44.09843063354492,167701200,AAPL
2018-11-20,42.32131328103685,43.056842423109295,41.642729521839435,41.991512298583984,271300800,AAPL
2018-11-21,42.64399822705807,42.772124438484425,41.889490881307914,41.944061279296875,124496800,AAPL
2018-11-23,41.50749825732366,41.901362428757146,40.83366070501607,40.87873840332031,94496000,AAPL
2018-11-26,41.34139771589679,41.50985523537514,40.397072578660236,41.431556701660156,179994000,AAPL
2018-11-27,40.693662435434945,41.467155183306716,40.54418668522253,41.34140396118164,165549600,AAPL
2018-11-28,41.932195651447095,43.014132585864616,41.505114329859374,42.93109130859375,184250000,AAPL
2018-11-29,43.33919219005899,43.37240942608668,42.16234624717858,42.60129165649414,167080000,AAPL
2018-11-30,42.77686405200895,42.78635675904082,42.003374967632006,42.37113952636719,158126000,AAPL
2018-12-03,43.76627212076378,43.8801592662894,42.99515437591232,43.851688385009766,163210000,AAPL
2018-12-04,42.9334627157085,43.27512777330079,41.823054898940676,41.922706604003906,165377200,AAPL
2018-12-06,40.75297981442607,41.469527189200136,40.43504289397928,41.455291748046875,172393600,AAPL
2018-12-07,41.163450556848574,41.40071754199759,39.9320343246601,39.977115631103516,169126400,AAPL
2018-12-10,39.14905645625793,40.356744662283546,38.7528209859677,40.24048614501953,248104000,AAPL
2018-12-11,40.72926047741938,40.76010273038026,39.623595215094355,40.01034164428711,189126800,AAPL
2018-12-12,40.430300935727146,40.79094783925062,40.10287489238267,40.121856689453125,142510800,AAPL
2018-12-13,40.451657837058576,40.94517370109351,40.22862624634583,40.56079864501953,127594400,AAPL
2018-12-14,40.09812024955147,40.117102042698306,39.21548678046134,39.262939453125,162814800,AAPL
2018-12-17,39.25582050641888,39.94389690996211,38.610454041222965,38.89754867553711,177151600,AAPL
2018-12-18,39.23921640915953,39.74933899527448,39.00432078305257,39.402931213378906,135366000,AAPL
2018-12-19,39.38632766402629,39.7303641394197,37.74681158935484,38.173892974853516,196189200,AAPL
2018-12-20,38.05762791222595,38.4633561025011,36.84756830306149,37.21058654785156,259092000,AAPL
2018-12-21,37.217700060216195,37.52614787017046,35.50226074249866,35.76325225830078,382978400,AAPL
2018-12-24,35.15110406579586,35.957814025738095,34.78096813070543,34.837913513183594,148676800,AAPL
2018-12-26,35.1866843091986,37.3054761278104,34.81180214808445,37.29124069213867,234330000,AAPL
2018-12-27,36.975680308293434,37.19634045254991,35.60665262499373,37.049232482910156,212468400,AAPL
2018-12-28,37.3695521467641,37.61156549819046,36.669615227461684,37.06822204589844,169165600,AAPL
2018-12-31,37.613945420363905,37.81087750774478,37.12754724024566,37.42650604248047,140014000,AAPL
2019-01-02,36.750288975035055,37.689867977237725,36.59369187126671,37.469207763671875,148158800,AAPL
2019-01-03,34.16170590164323,34.57455183641599,33.69191819683805,33.73699951171875,365248800,AAPL
2019-01-04,34.29219923540596,35.24601358953824,34.11899533904399,35.17720413208008,234428400,AAPL
2019-01-07,35.281600249745665,35.31244611659193,34.617251961933846,35.09890365600586,219111200,AAPL
2019-01-08,35.485645667649806,36.0218713099174,35.23888962424999,35.76799392700195,164101200,AAPL
2019-01-09,35.89612775325254,36.66487424188444,35.502267230819925,36.37540817260742,180396400,AAPL
2019-01-10,36.183217066092084,36.53199984154206,35.79409933557466,36.49166488647461,143122800,AAPL
2019-01-11,36.273378795691265,36.46793584598435,35.94832055566885,36.13338851928711,108092800,AAPL
2019-01-14,35.791735812990616,35.891387539186205,35.404989364339656,35.590057373046875,129756800,AAPL
2019-01-15,35.65411028555859,36.3943821085161,35.601911260051914,36.318458557128906,114843600,AAPL
2019-01-16,36.32083304295525,36.98518137158213,36.30185124837653,36.762149810791016,122278800,AAPL
2019-01-17,36.586577880660485,37.40752345530275,36.36354627747528,36.98044204711914,119284800,AAPL
2019-01-18,37.36955746448795,37.459720094996186,37.008910562862575,37.20821762084961,135004000,AAPL
2019-01-22,37.110924342637915,37.18684788366704,36.21168057896924,36.373023986816406,121576000,AAPL
2019-01-23,36.57471200591153,36.80960767396495,35.9934084941028,36.5201416015625,92522400,AAPL
2019-01-24,36.56522212472766,36.6530097672651,36.00290042236398,36.230674743652344,101766000,AAPL
2019-01-25,36.890271619149736,37.51903133240946,36.61504465459194,37.43124008178711,134142000,AAPL
2019-01-28,36.963818953658674,37.09194514242652,36.458442779137826,37.0848274230957,104768400,AAPL
2019-01-29,37.07296175472334,37.519024789086224,36.565210615346906,36.7004508972168,166348800,AAPL
2019-01-30,38.73383622739391,39.421909052183295,38.017288901847,39.208370208740234,244439200,AAPL
2019-01-31,39.41241268525057,40.098114016816574,39.04464819355946,39.4907112121582,162958400,AAPL
2019-02-01,39.614098831561684,40.09337555178489,39.369710497458655,39.509700775146484,130672400,AAPL
2019-02-04,39.72086886633868,40.72925360434192,39.69002299817537,40.63197326660156,125982000,AAPL
2019-02-05,41.01398828679719,41.54072150293222,40.892983377299075,41.327178955078125,144406400,AAPL
2019-02-06,41.43868068103189,41.6569695100412,41.01160297138825,41.34140396118164,112958400,AAPL
2019-02-07,40.90482219115942,41.27021533462275,40.41605283598708,40.558414459228516,126966800,AAPL
2019-02-08,40.26771919259328,40.665654071185585,40.13189521411374,40.606082916259766,95280000,AAPL
2019-02-11,40.75858212354943,40.79670853270349,40.32966911040256,40.37255859375,83973600,AAPL
2019-02-12,40.53221193539128,40.7466666211287,40.436895913781186,40.720455169677734,89134000,AAPL
2019-02-13,40.8395916413653,41.099320945808756,40.48931303829851,40.551265716552734,89960800,AAPL
2019-02-14,40.43927581927432,40.808613992609324,40.3606414751641,40.699005126953125,87342800,AAPL
2019-02-15,40.80623995233979,40.91346730094003,40.44881303304922,40.608463287353516,98507200,AAPL
2019-02-19,40.43928042114127,40.85151175450796,40.38685751910222,40.729984283447266,75891200,AAPL
2019-02-20,40.79193018083782,41.29947740453898,40.744274000963244,40.992088317871094,104457600,AAPL
2019-02-21,40.937283860774336,41.073104155107245,40.57985705809458,40.76095199584961,68998800,AAPL
2019-02-22,40.88486811040405,41.223231773038286,40.83721192224632,41.21608352661133,75652800,AAPL
2019-02-25,41.499648872153486,41.90711352229098,41.449607503854075,41.516326904296875,87493600,AAPL
2019-02-26,41.392422020496234,41.77129368525542,41.26374629243125,41.540157318115234,68280800,AAPL
2019-02-27,41.27326604666543,41.69979376594638,41.15888685160674,41.66881561279297,111341600,AAPL
2019-02-28,41.537772157173244,41.67835919496109,41.20417154412631,41.258975982666016,112861600,AAPL
2019-03-01,41.52823291281517,41.73553931695009,41.197017519159516,41.692649841308594,103544800,AAPL
2019-03-04,41.86421353434797,42.35507912985598,41.45436381391855,41.902339935302734,109744800,AAPL
2019-03-05,41.9237931397582,41.938089634020294,41.59019251792692,41.82609558105469,78949600,AAPL
2019-03-06,41.621171381521776,41.81656650222476,41.44722463850816,41.58543014526367,83241600,AAPL
2019-03-07,41.430532678062825,41.566356613968864,40.98970845134733,41.10408401489258,99185600,AAPL
2019-03-08,40.584637390153304,41.23992008169563,40.3892422605175,41.2017936706543,95997600,AAPL
2019-03-11,41.81656828662146,42.68153896438816,41.78320858604554,42.62911605834961,128044000,AAPL
2019-03-12,42.891215320225385,43.52743457783006,42.74109490310592,43.108055114746094,129870400,AAPL
2019-03-13,43.42736286383217,43.67756238941142,43.11044394955633,43.29869079589844,124130000,AAPL
2019-03-14,43.82054106149008,43.868200895214414,43.501240536772094,43.780033111572266,94318000,AAPL
2019-03-15,44.04690664893718,44.63785139707803,43.7824106162076,44.349525451660156,156171600,AAPL
2019-03-18,44.273269369596825,44.89042547105156,44.27088419713954,44.80226135253906,104879200,AAPL
2019-03-19,44.8809110601797,45.03341307639729,44.30187752445981,44.44723129272461,126585600,AAPL
2019-03-20,44.37573359295211,45.152543603093804,44.01830674487972,44.83562469482422,124140800,AAPL
2019-03-21,45.27884496121636,46.782420346635014,45.228803590706896,46.48694610595703,204136800,AAPL
2019-03-22,46.546512238552936,47.10648249507304,45.45993505954188,45.52427291870117,169630800,AAPL
2019-03-25,45.633876819634864,45.7458708587234,44.4639023409663,44.97383117675781,175381200,AAPL
2019-03-26,45.66962270436676,45.96033017793337,43.98256747013785,44.50917434692383,199202000,AAPL
2019-03-27,44.97622334144566,45.21688950575341,44.451997889288634,44.90950393676758,119393600,AAPL
2019-03-28,45.0238672363422,45.16922096451442,44.68550359481245,44.96906280517578,83121600,AAPL
2019-03-29,45.23356445269698,45.2931356005877,44.926175293457625,45.26215744018555,94256000,AAPL
2019-04-01,45.66486577166774,45.67439555693616,44.88805919660428,45.56955337524414,111448000,AAPL
2019-04-02,45.53380735459335,46.336828999804766,45.524277569564575,46.23198318481445,91062800,AAPL
2019-04-03,46.048497688881305,46.822922617672326,46.024667775160154,46.54889678955078,93087200,AAPL
2019-04-04,46.415447417089275,46.79193745474998,46.02227935106706,46.629905700683594,76457200,AAPL
2019-04-05,46.81101654355472,46.96590374026455,46.687107513373874,46.942073822021484,74106400,AAPL
2019-04-08,46.80386629170483,47.71173014450236,46.78480308511343,47.680755615234375,103526800,AAPL
2019-04-09,47.73317589155191,48.336035677504945,47.47344289751336,47.53778076171875,143072800,AAPL
2019-04-10,47.34238803810109,47.833257424849805,47.223245724372106,47.80466079711914,86781200,AAPL
2019-04-11,47.85945826640106,47.89519949822014,47.28519156894748,47.406715393066406,83603200,AAPL
2019-04-12,47.466283877663756,47.690271947006345,46.75381536646613,47.38764953613281,111042800,AAPL
2019-04-15,47.31855473245824,47.62117718246721,47.18273076972158,47.47343826293945,70146400,AAPL
2019-04-16,47.528263275293334,47.98338424506243,47.31380488442717,47.47822189331055,102785600,AAPL
2019-04-17,47.547307445984586,48.462323072559556,47.32570451341118,48.40275192260742,115627200,AAPL
2019-04-18,48.400358790031696,48.6457915965976,48.257390235218836,48.576690673828125,96783200,AAPL
2019-04-22,48.331256554226314,48.834037108916725,48.21449581375746,48.7363395690918,77758000,AAPL
2019-04-23,48.71252407529548,49.503630774436516,48.58623351509709,49.439292907714844,93292000,AAPL
2019-04-24,49.410689482360645,49.67756704213216,49.33682184606203,49.363033294677734,70162400,AAPL
2019-04-25,49.28440380449955,49.50600673522847,48.8769355424073,48.915061950683594,74172800,AAPL
2019-04-26,48.82451383821142,48.848343752952516,48.162082930875414,48.68154525756836,74596400,AAPL
2019-04-29,48.70537549946289,49.07948410291866,48.57670340282082,48.75541687011719,88818800,AAPL
2019-04-30,48.38606647084663,48.467082355820594,47.444843102407766,47.816566467285156,186139600,AAPL
2019-05-01,50.01117901340884,51.30506280144106,49.856291823259944,50.16368103027344,259309200,AAPL
2019-05-02,50.00164383738716,50.6712230384966,49.59417917290959,49.83722686767578,127985200,AAPL
2019-05-03,50.25183931905875,50.4782089626399,50.0945706099009,50.456764221191406,83569600,AAPL
2019-05-06,48.679161066436805,49.7633567622048,48.490917825549325,49.677574157714844,129772400,AAPL
2019-05-07,49.05803760722793,49.42499431382498,47.854699576559206,48.338417053222656,155054800,AAPL
2019-05-08,48.109657759852,48.92935733960514,48.073916525359294,48.34794235229492,105358000,AAPL
2019-05-09,47.75222695826382,48.057230920723306,46.8610449825507,47.8284797668457,139634400,AAPL
2019-05-10,47.223295764690995,47.565356793291954,46.111007044630455,47.16588592529297,164834800,AAPL
2019-05-13,44.90065057528068,45.32403587911326,43.73812763352999,44.42463684082031,229722400,AAPL
2019-05-14,44.58968654744338,45.37666024246978,44.35048432829495,45.127891540527344,146118800,AAPL
2019-05-15,44.556202404072714,45.867029661329525,44.49640184388846,45.66849136352539,106178800,AAPL
2019-05-16,45.42689206250881,46.03924912918253,45.17094394873877,45.46755599975586,132125600,AAPL
2019-05-17,44.7140667516376,45.663699804341405,44.67340281448622,45.2092170715332,131516400,AAPL
2019-05-20,43.89839489959819,44.09693319133087,43.123378349333606,43.795536041259766,154449200,AAPL
2019-05-21,44.30504299247997,44.97002498483525,44.180656795007685,44.6351432800293,113459200,AAPL
2019-05-22,44.17107963556311,44.422242678436454,43.666362841765874,43.721378326416016,118994400,AAPL
2019-05-23,43.008562935243226,43.18557025463366,42.53254916971738,42.975074768066406,146118800,AAPL
2019-05-24,43.10423814743245,43.56829102566304,42.72629821206873,42.810020446777344,94858800,AAPL
2019-05-28,42.79806481034798,43.197532117519515,42.55647185928589,42.63301467895508,111792800,AAPL
2019-05-29,42.200055575560086,42.90091998412499,42.09959108029265,42.429691314697266,113924800,AAPL
2019-05-30,42.56603514665155,42.87221370220988,42.259856591093225,42.649757385253906,84873600,AAPL
2019-05-31,42.15461188376971,42.575610183606656,41.858003426997364,41.877140045166016,108174400,AAPL
2019-06-03,42.00391264942133,42.558859919788816,40.72896433762629,41.4537467956543,161584400,AAPL
2019-06-04,41.96563871336283,43.01573632949458,41.74557310553312,42.97028732299805,123872000,AAPL
2019-06-05,44.080184117507756,44.250019297013125,43.32908930449805,43.663970947265625,119093600,AAPL
2019-06-06,43.793138271764924,44.364831371467275,43.57067833258456,44.305030822753906,90105200,AAPL
2019-06-07,44.613602808905426,45.90768763912735,44.4365955097193,45.48429870605469,122737600,AAPL
2019-06-10,45.88138787190985,46.73294738855598,45.8359388555826,46.065574645996094,104883600,AAPL
2019-06-11,46.610948421278835,46.88363882764626,46.30955491422111,46.5989875793457,107731600,AAPL
2019-06-12,46.39326993216043,46.87645943951271,46.25931727268128,46.450679779052734,73012800,AAPL
2019-06-13,46.57266300118658,47.072594673728766,46.309542797186474,46.44110107421875,86698400,AAPL
2019-06-14,45.8191886319466,46.30715958311369,45.52018583958195,46.10383987426758,75046000,AAPL
2019-06-17,46.14210618535647,46.63486581817367,45.96748958898146,46.3789176940918,58676400,AAPL
2019-06-18,46.89559690653218,47.90981200382238,46.69466791366559,47.46968078613281,106204000,AAPL
2019-06-19,47.76389181421512,47.811735172431156,47.19698378872574,47.330936431884766,84496800,AAPL
2019-06-20,47.92894825704651,47.986358104546575,47.36921593118183,47.71127700805664,86056000,AAPL
2019-06-21,47.55339956808391,48.04376482331306,47.39791594328948,47.548614501953125,191202400,AAPL
2019-06-24,47.49120043743662,47.87871046099822,47.402696796530876,47.500770568847656,72881600,AAPL
2019-06-25,47.46488790932587,47.663426161251905,46.7137931929715,46.7807731628418,84281200,AAPL
2019-06-26,47.30702234220642,48.07725375444767,47.20655785147097,47.7926025390625,104270000,AAPL
2019-06-27,47.90981377120324,48.215995988213024,47.73759152091885,47.778255462646484,83598800,AAPL
2019-06-28,47.52469168182497,47.72083923918838,47.1347945750101,47.342899322509766,124442400,AAPL
2019-07-01,48.59871861867151,48.91446732715429,47.99592795243673,48.211212158203125,109012000,AAPL
2019-07-02,48.177720388644275,48.5891485023053,48.165759547562075,48.493465423583984,67740800,AAPL
2019-07-03,48.625032628500364,48.902508111863035,48.483904178318824,48.89533233642578,45448000,AAPL
2019-07-05,48.64176894973504,49.05558773477184,48.53412503952128,48.852264404296875,69062000,AAPL
2019-07-08,48.03419442469582,48.1753228503153,47.460110590009364,47.8452262878418,101354400,AAPL
2019-07-09,47.64907988705199,48.20163641262728,47.555791170395594,48.137054443359375,82312000,AAPL
2019-07-10,48.28296724647705,48.73266491650779,48.21359656204675,48.61306381225586,71588400,AAPL
2019-07-11,48.63220718977892,48.8905460488803,48.24948579291271,48.25905227661133,80767200,AAPL
2019-07-12,48.42649079222815,48.79725497916496,48.36669023465564,48.62981414794922,70380800,AAPL
2019-07-15,48.81877623409258,49.244555859075206,48.797248912027776,49.08668518066406,67789600,AAPL
2019-07-16,48.93839363172402,49.30198211962224,48.67766402228246,48.916866302490234,67467200,AAPL
2019-07-17,48.8092217046724,49.05799044819137,48.62264423454898,48.641780853271484,56430000,AAPL
2019-07-18,48.79725175606653,49.246953087288276,48.72549036173215,49.19432830810547,74162400,AAPL
2019-07-19,49.22543030950413,49.39526551603992,48.40496832917344,48.459983825683594,83717200,AAPL
2019-07-22,48.71352460835078,49.56986888785843,48.70395812670782,49.56747817993164,89111600,AAPL
2019-07-23,49.86409602597792,49.97173629421098,49.5842262186613,49.95499038696289,73420800,AAPL
2019-07-24,49.67513109219279,50.029149402153855,49.555529966536255,49.91433334350586,59966400,AAPL
2019-07-25,49.9669526841349,50.050674922943,49.450275001634395,49.51964569091797,55638400,AAPL
2019-07-26,49.62968053839526,50.167885587126946,49.54835265146059,49.69187545776367,70475600,AAPL
2019-07-29,49.86410236528758,50.38556151543497,49.85931729833176,50.15592575073242,86693600,AAPL
2019-07-30,49.93586587243436,50.27075124912288,49.589023301883856,49.940650939941406,135742800,AAPL
2019-07-31,51.768137442475606,52.95218755117396,50.54342339953186,50.959632873535156,277125600,AAPL
2019-08-01,51.165343061942444,52.15324919895179,49.45265828667918,49.85690689086914,216071600,AAPL
2019-08-02,49.163241840121984,49.37852242130375,48.230354455085056,48.80204772949219,163448400,AAPL
2019-08-05,47.35965283602837,47.517523540558116,46.065567840975476,46.24736022949219,209572000,AAPL
2019-08-06,46.957790753154114,47.3787890279519,46.4148006509655,47.122840881347656,143299200,AAPL
2019-08-07,46.742507730135785,47.735195505332065,46.36217706782614,47.610809326171875,133457600,AAPL
2019-08-08,47.888281812721345,48.684825611688794,47.694528606203654,48.66090393066406,108038000,AAPL
2019-08-09,48.33435204748465,48.6849121066314,47.85172652260763,48.259918212890625,98478800,AAPL
2019-08-12,47.93096316663212,48.51443488116721,47.8181106881789,48.13745880126953,89927600,AAPL
2019-08-13,48.267116866849314,50.93715015941955,48.13745486807871,50.17599868774414,188874000,AAPL
2019-08-14,48.780960598066514,49.56852452960049,48.644095544305394,48.68251419067383,146189600,AAPL
2019-08-15,48.852993722567405,49.25637851041577,47.94297083087483,48.44000244140625,108909600,AAPL
2019-08-16,49.04988469774485,49.74140568988817,48.944235250189195,49.58293151855469,110481600,AAPL
2019-08-19,50.57219735243816,51.07883190639441,50.43053268655295,50.50736999511719,97654400,AAPL
2019-08-20,50.634624409226056,51.22769905454453,50.50016279412302,50.509765625,107537200,AAPL
2019-08-21,51.141253161466004,51.29972366781528,50.80749895306689,51.057212829589844,86141600,AAPL
2019-08-22,51.189276167751544,51.48941498513007,50.60340461002002,51.01399612426758,89014800,AAPL
2019-08-23,50.28645752648354,50.91555099493653,48.262323049739784,48.656105041503906,187272000,AAPL
2019-08-26,49.429257136875236,49.748605248722136,49.237167578736795,49.580528259277344,104174400,AAPL
2019-08-27,49.90948253160488,50.07515974076012,48.86980125519638,49.02107238769531,103493200,AAPL
2019-08-28,49.006660548328036,49.395639227523624,48.819374246211396,49.35001754760742,63755200,AAPL
2019-08-29,50.06315259687426,50.26004541127674,49.621349155907794,50.18560791015625,83962000,AAPL
2019-08-30,50.46173818969739,50.5313687808023,49.751007883111264,50.12078094482422,84573600,AAPL
2019-09-03,49.56612247903739,49.69818428979416,49.03547910827453,49.39084243774414,80092000,AAPL
2019-09-04,50.036742667870506,50.29846283883695,49.77982574387522,50.22883224487305,76752400,AAPL
2019-09-05,50.90354224548307,51.376561303793046,50.78588651283309,51.21088409423828,95654800,AAPL
2019-09-06,51.39576734347277,51.484607253260535,51.025994300943886,51.206077575683594,77449200,AAPL
2019-09-09,51.58546505309072,51.96964425782235,50.680248893016675,51.424591064453125,109237600,AAPL
2019-09-10,51.350144279794115,52.05126803759896,50.83390703828068,52.03205871582031,127111600,AAPL
2019-09-11,52.36101772978543,53.71524388706847,52.27937718938957,53.68642807006836,177158400,AAPL
2019-09-12,53.97696341496987,54.365942133767874,53.511147403478866,53.56637191772461,128906800,AAPL
2019-09-13,52.82443080357143,53.01411692029238,52.10890090309722,52.5242919921875,159053200,AAPL
2019-09-16,52.279385864836165,52.85565467101706,52.238567419766575,52.8004264831543,84632400,AAPL
2019-09-17,52.81483570644543,53.02133138546332,52.61313961117362,52.992515563964844,73274800,AAPL
2019-09-18,53.07894480353371,53.508745607854166,52.68996609930479,53.48953628540039,101360000,AAPL
2019-09-19,53.307052941713785,53.72724727960935,52.91327096589523,53.05493927001953,88242400,AAPL
2019-09-20,53.155796135159825,53.43912547264002,52.21696086112126,52.279388427734375,221652400,AAPL
2019-09-23,52.57231436011538,52.78601305088982,52.26016925822585,52.51708984375,76662000,AAPL
2019-09-24,53.07174174905982,53.42230547207564,52.14971625438767,52.26736831665039,124763200,AAPL
2019-09-25,52.47627620043449,53.184603139280306,52.137718705200996,53.07175064086914,87613600,AAPL
2019-09-26,52.824431771617654,53.05013674812319,52.543502278670516,52.79801940917969,75334000,AAPL
2019-09-27,52.95408716657338,53.05493702755311,52.17132649489073,52.541099548339844,101408000,AAPL
2019-09-30,53.04052537419581,53.924135874983264,53.01411301418795,53.77766799926758,103909600,AAPL
2019-10-01,54.04180014068749,54.79814854366671,53.832901018952796,53.926544189453125,139223200,AAPL
2019-10-02,53.55917160743665,53.68403038252034,52.3274007167669,52.5747184753418,138449200,AAPL
2019-10-03,52.44745522730388,53.054939558377036,51.65509168829448,53.021324157714844,114426000,AAPL
2019-10-04,54.17865175845741,54.62285862206544,53.75845746297006,54.50760269165039,138478800,AAPL
2019-10-07,54.32992525189106,55.208728860944525,54.22667560102354,54.51961135864258,122306000,AAPL
2019-10-08,54.221881339577685,54.75972776925968,53.8641145411307,53.88092041015625,111820000,AAPL
2019-10-09,54.512413024902344,54.694896109411246,54.17865880193493,54.512413024902344,74770400,AAPL
2019-10-10,54.728505896765036,55.331186933368876,54.577238437627656,55.24714660644531,113013600,AAPL
2019-10-11,55.93387599775765,57.05999756214249,55.780205051339095,56.71664047241211,166795600,AAPL
2019-10-14,56.402094083727334,57.17765554935528,56.34686955839495,56.63500213623047,96427600,AAPL
2019-10-15,56.759854250095415,57.06239287164702,56.39728786256741,56.50293731689453,87360000,AAPL
2019-10-16,56.03471879637498,56.48372898515924,55.99390035444989,56.27482986450195,73903200,AAPL
2019-10-17,56.44771784318485,56.70223502398383,56.070745319870674,56.49333953857422,67585200,AAPL
2019-10-18,56.32764839764216,57.04558173135252,56.25561435236558,56.764652252197266,97433600,AAPL
2019-10-21,57.03118520017032,57.864370947488375,56.983163716549996,57.749114990234375,87247200,AAPL
2019-10-22,57.905186536916496,58.1549004377134,57.535413437281406,57.6170539855957,82293600,AAPL
2019-10-23,58.13088106904136,58.40460749311298,57.91958219298484,58.39019775390625,75828800,AAPL
2019-10-24,58.70955335592496,58.7791876143368,58.06125423337426,58.48625183105469,69275200,AAPL
2019-10-25,58.38540555436381,59.24260012348222,58.31817475144487,59.20658493041992,73477200,AAPL
2019-10-28,59.40828132176833,59.847685025604804,59.240204303203505,59.79966354370117,96572800,AAPL
2019-10-29,59.78045498091568,59.96774132739238,58.24374555756727,58.416622161865234,142839600,AAPL
2019-10-30,58.76957895706002,58.89924097507983,57.917187665272955,58.4094123840332,124522000,AAPL
2019-10-31,59.365060070154456,59.82847265948915,56.96874904224295,59.73002624511719,139162000,AAPL
2019-11-01,59.91730831812791,61.45161774300314,59.82606861277858,61.425209045410156,151125200,AAPL
2019-11-04,61.78777973024419,61.91264217896342,61.31956753037255,61.8286018371582,103272000,AAPL
2019-11-05,61.72054454973453,61.99427467320338,61.545268167001495,61.7397575378418,79897600,AAPL
2019-11-06,61.6532989648753,61.826179178351964,61.317145029672396,61.766151428222656,75864400,AAPL
2019-11-07,62.31285597676723,62.70059923548496,62.161130673338896,62.47903060913086,94940400,AAPL
2019-11-08,62.30082274800635,62.722278694428965,61.85769280629216,62.65003204345703,69986400,AAPL
2019-11-11,62.20689807124033,63.21117067098467,62.20208407745483,63.146148681640625,81821200,AAPL
2019-11-12,62.98958734351304,63.2882239296663,62.83786940371136,63.08832931518555,87388800,AAPL
2019-11-13,62.88844372983046,63.767478813815906,62.87399440184441,63.69282150268555,102734400,AAPL
2019-11-14,63.519410321387355,63.79155153017044,63.12203917697569,63.25209045410156,89182800,AAPL
2019-11-15,63.50256731633181,64.00831588526924,63.341214024330995,64.00350189208984,100206400,AAPL
2019-11-18,64.01313928749168,64.40569660274649,63.635038653115814,64.32622528076172,86703200,AAPL
2019-11-19,64.51888524762629,64.5429699152776,63.9144019823477,64.13114929199219,76167200,AAPL
2019-11-20,63.95051616700854,64.08056012443966,62.71263645285633,63.384559631347656,106234400,AAPL
2019-11-21,63.50496816719241,63.5820361437923,62.90047770949757,63.100372314453125,121395200,AAPL
2019-11-22,63.24004853424612,63.38213847508004,62.81859270394661,63.04497528076172,65325200,AAPL
2019-11-25,63.26895253287637,64.16725825293672,63.22319387946589,64.15039825439453,84020400,AAPL
2019-11-26,64.28767055900286,64.3406538731176,63.21837629203759,63.64946746826172,105207600,AAPL
2019-11-27,63.96015765000588,64.538160314546,63.89513565756925,64.50444030761719,65235600,AAPL
2019-11-29,64.20577308333193,64.54293620552941,64.03718784743079,64.36231231689453,46617600,AAPL
2019-12-02,64.36716714152493,64.60318515159148,63.447194470828975,63.61818313598633,94487200,AAPL
2019-12-03,62.20929663764317,62.50311189277975,61.72281877405297,62.483848571777344,114430400,AAPL
2019-12-04,62.873997512530956,63.413458716319425,62.78006952636724,63.03535079956055,67181600,AAPL
2019-12-05,63.529075313641115,64.03482398336993,63.27379398170731,63.96015930175781,74424400,AAPL
2019-12-06,64.41774268897909,65.26546863947017,64.37438734550834,65.19562530517578,106075600,AAPL
2019-12-09,65.02462660501106,65.21728922547906,63.79879285948436,64.28286743164062,128042400,AAPL
2019-12-10,64.68746036332061,65.04148360806178,64.02757585193183,64.65856170654297,90420400,AAPL
2019-12-11,64.73804673524272,65.28955405101115,64.66338940620615,65.21007537841797,78756800,AAPL
2019-12-12,64.48997619221315,65.64115256416365,64.3791955584024,65.37623596191406,137310400,AAPL
2019-12-13,65.37624490379989,66.3010387920999,65.24860425293159,66.2649154663086,133587600,AAPL
2019-12-16,66.71044750574998,67.62320261796066,66.70563351279964,67.39922332763672,128186000,AAPL
2019-12-17,67.32937932220554,67.85920511821561,67.14393404643634,67.53167724609375,114158400,AAPL
2019-12-18,67.38478014032236,67.89052873128885,67.22101616979477,67.37033081054688,116028400,AAPL
2019-12-19,67.31252943237541,67.71712534090744,67.1800748008847,67.43775939941406,98369200,AAPL
2019-12-20,67.97001134578234,68.07115666009031,67.08615475855936,67.29808807373047,275978000,AAPL
2019-12-23,67.56056855635842,68.45646346454889,67.52203457271943,68.39625549316406,98572000,AAPL
2019-12-24,68.5624563754821,68.61062571090498,68.13618642046343,68.4613037109375,48478800,AAPL
2019-12-26,68.59377651700305,69.83647060071867,68.56487785103917,69.81961059570312,93121200,AAPL
2019-12-27,70.11099073385043,70.79736320865955,69.38849493923185,69.7930908203125,146266000,AAPL
2019-12-30,69.71120798213394,70.4890977572307,68.69008295692782,70.20732116699219,144114400,AAPL
2019-12-31,69.82441117567208,70.72753106158736,69.72566918619233,70.72030639648438,100805600,AAPL
2020-01-02,71.34403185341793,72.39406264366768,71.09116132608638,72.33385467529297,135480400,AAPL
2020-01-03,71.56321309934685,72.38926493117573,71.40667380039741,71.63064575195312,146322800,AAPL
2020-01-06,70.75402846338375,72.23995764322866,70.5035611498287,72.20142364501953,118387200,AAPL
2020-01-07,72.21107183045073,72.46635318310075,71.64271179235746,71.86186981201172,108872000,AAPL
2020-01-08,71.56559876638666,73.31885447118653,71.56559876638666,73.01781463623047,132079200,AAPL
2020-01-09,73.99320238999518,74.76145686133366,73.74274246581768,74.56879425048828,170108400,AAPL
2020-01-10,74.8024026801614,75.30092656417412,74.23644614635045,74.73737335205078,140644800,AAPL
2020-01-13,75.05287082554342,76.36058652225458,74.93485817482635,76.33409118652344,121532000,AAPL
2020-01-14,76.27148630079421,76.48100893453174,75.18051779267843,75.30333709716797,161954400,AAPL
2020-01-15,75.10344798902688,75.98248317068368,74.54953007278792,74.98062133789062,121923600,AAPL
2020-01-16,75.52249718552835,76.03065646802948,75.16124922768141,75.91986846923828,108829200,AAPL
2020-01-17,76.16790133072386,76.76275640961391,75.86204746774389,76.7603530883789,137816400,AAPL
2020-01-21,76.38949561952354,76.83021490503033,76.10290497799846,76.24018096923828,110843200,AAPL
2020-01-22,76.72421683459743,77.06379066619063,76.41836299389982,76.51229095458984,101832400,AAPL
2020-01-23,76.56528622859716,76.96024675038308,76.01859307367198,76.88077545166016,104472000,AAPL
2020-01-24,77.12642473209515,77.86818383448923,76.46895092458591,76.65921020507812,146537600,AAPL
2020-01-27,74.67235687385795,75.08417746726008,73.42484908589569,74.40503692626953,161940000,AAPL
2020-01-28,75.28405419350632,76.68087628820244,75.18531223152581,76.5098876953125,162234000,AAPL
2020-01-29,78.13791500924663,78.95674202148273,77.39855929233421,78.11141967773438,216229200,AAPL
2020-01-30,77.19629315301822,78.05124383327706,76.76520180499128,77.99826049804688,126743200,AAPL
2020-01-31,77.29016693664212,77.71162269093732,74.24605605312745,74.53987121582031,199588400,AAPL
2020-02-03,73.28515870612867,75.4984048922783,72.78423148900761,74.33518981933594,173788400,AAPL
2020-02-04,75.93672133535755,76.97952779146334,75.53212542449515,76.78926849365234,136616400,AAPL
2020-02-05,77.91396003658885,78.21259669148851,76.81336346644713,77.41544342041016,118826800,AAPL
2020-02-06,77.68518356993593,78.32338692930988,77.12886221236752,78.32097625732422,105425600,AAPL
2020-02-07,77.82126159942887,78.0699069624119,76.76632925971391,77.25637817382812,117684000,AAPL
2020-02-10,75.84413352382079,77.62327575683594,75.76447362748293,77.62327575683594,109348800,AAPL
2020-02-11,78.11817322586252,78.19059132825674,76.93770658748598,77.15496826171875,94323200,AAPL
2020-02-12,77.60399867366895,78.99206907115294,77.60399867366895,78.98724365234375,113730400,AAPL
2020-02-13,78.2606215155159,78.75067045270428,78.05784340706401,78.42477416992188,94747600,AAPL
2020-02-14,78.39338411922328,78.69272952184373,77.93713525426901,78.44408416748047,80113600,AAPL
2020-02-18,76.12899353565957,77.18875828805763,75.94794093607852,77.00770568847656,152531200,AAPL
2020-02-19,77.24912913343354,78.35234502696264,77.24912913343354,78.12300872802734,93984000,AAPL
2020-02-20,77.88401513292217,78.37164756799683,76.81700838375629,77.32154083251953,100566000,AAPL
2020-02-21,76.91595360573281,77.3577259732465,74.95575908786314,75.57133483886719,129554000,AAPL
2020-02-24,71.75960997813098,73.43011814732492,69.8211400810818,71.98169708251953,222195200,AAPL
2020-02-25,72.65037140517215,73.03178561562022,69.07277049917455,69.54350280761719,230673600,AAPL
2020-02-26,69.1693328941365,71.90926363042658,69.16209108503992,70.64672088623047,198054800,AAPL
2020-02-27,67.85852144500781,69.04139705399142,65.8934935311334,66.02867889404297,320605600,AAPL
2020-02-28,62.103468343907636,67.20915102510166,61.88861568726967,65.99005889892578,426510000,AAPL
2020-03-02,68.14337454443714,72.76866613954134,67.04257525684778,72.13377380371094,341397200,AAPL
2020-03-03,73.3069988099028,73.38665871766685,68.99311238709194,69.84285736083984,319475600,AAPL
2020-03-04,71.56164999828624,73.24181619852034,70.76260504877715,73.08248901367188,219178400,AAPL
2020-03-05,71.33957264179317,72.31242862903635,70.3474076125405,70.71192932128906,187572800,AAPL
2020-03-06,68.07577636210152,70.20495666747604,67.88989834828591,69.77284240722656,226176800,AAPL
2020-03-09,63.67016438238683,67.13188921300795,63.48911178224734,64.25436401367188,286744800,AAPL
2020-03-10,66.90255338767554,69.14760244929552,65.02684393022976,68.8820571899414,285290000,AAPL
2020-03-11,66.96291749628936,67.88748961967876,65.627949126833,66.48976135253906,255598800,AAPL
2020-03-12,61.7848064103127,65.1789387030404,59.868062216126,59.923583984375,418474000,AAPL
2020-03-13,63.94537376560975,67.57366791219874,61.06301183278901,67.1029281616211,370732000,AAPL
2020-03-16,58.40758108532822,62.542820889319664,57.93684495675963,58.4703483581543,322423600,AAPL
2020-03-17,59.749772593000145,62.187945473114404,57.550586794967394,61.041282653808594,324056000,AAPL
2020-03-18,57.88131450093201,60.350871115595204,57.24159305699179,59.5469970703125,300233600,AAPL
2020-03-19,59.72081110917334,61.036459434063396,58.566902685612334,59.09074783325195,271857200,AAPL
2020-03-20,59.67012006159394,60.79264863512061,55.04000233501268,55.3393440246582,401693200,AAPL
2020-03-23,55.05931643178171,55.16070547027294,51.32480360482342,54.1637077331543,336752800,AAPL
2020-03-24,57.05812866753022,59.79323063321941,56.56083807077307,59.597694396972656,287531200,AAPL
2020-03-25,60.5319411050652,62.34246775825758,58.97488892002493,59.26940155029297,303602000,AAPL
2020-03-26,59.51078437689467,62.44624776872447,59.47215893769996,62.38831329345703,252087200,AAPL
2020-03-27,61.01474738694628,61.7679252857542,59.63874788584496,59.80531692504883,204216800,AAPL
2020-03-30,60.529517371062305,61.68342585318123,60.206033868463194,61.512027740478516,167976400,AAPL
2020-03-31,61.702735358357586,63.366001623216455,60.83368129501873,61.38649368286133,197002000,AAPL
2020-04-01,59.50596949204973,60.04188561745125,57.726826674200176,58.156524658203125,176218400,AAPL
2020-04-02,58.01891202578832,59.18006218576405,57.1884834576866,59.126953125,165934000,AAPL
2020-04-03,58.6127685713981,59.31283722451452,57.68819275537644,58.277217864990234,129880000,AAPL
2020-04-06,60.56815356854759,63.51568906281684,60.20122279835169,63.3611946105957,201820400,AAPL
2020-04-07,65.3720764386448,65.5893455207901,62.52351758063344,62.6273193359375,202887200,AAPL
2020-04-08,63.4263318411564,64.54403084792533,63.06181768868783,64.23020935058594,168895200,AAPL
2020-04-09,64.86511973614601,65.19584133375365,63.899505790640596,64.69371795654297,161834800,AAPL
2020-04-13,64.77097468626023,66.07214313145124,64.17229133387406,65.96350860595703,131022800,AAPL
2020-04-14,67.59297682109842,69.58455560243435,67.12223707141726,69.29486846923828,194994800,AAPL
2020-04-15,68.17235045630129,69.12106449233013,67.7450688913163,68.66239929199219,131154400,AAPL
2020-04-16,69.37456161234648,69.57251431493546,68.1603019063984,69.20799255371094,157125200,AAPL
2020-04-17,68.72515410233876,69.27072829912615,66.83496081662895,68.2688980102539,215250000,AAPL
2020-04-20,67.09811926901436,67.99854979022932,66.83257389218826,66.85188293457031,130015200,AAPL
2020-04-21,66.69494058852548,66.92910221467082,64.07571185080862,64.78543853759766,180991600,AAPL
2020-04-22,66.05041238241853,67.0860355273564,65.71003990834832,66.6515121459961,116862400,AAPL
2020-04-23,66.59597413685326,68.01542772017612,66.35457066668404,66.39319610595703,124814400,AAPL
2020-04-24,66.91705617630512,68.31960998543786,66.86877252729914,68.30995178222656,126161200,AAPL
2020-04-27,68.02751680090847,68.68896753125865,67.58092613126625,68.35824584960938,117087600,AAPL
2020-04-28,68.81931364694016,69.00036629064134,67.1584635837108,67.25019073486328,112004800,AAPL
2020-04-29,68.73481211774124,69.92734583940624,68.53203408860236,69.45902252197266,137280800,AAPL
2020-04-30,69.99736587702316,71.10058178322025,69.60870972779222,70.92435455322266,183064000,AAPL
2020-05-01,69.10176434791705,72.1796595284793,69.00520440389795,69.78252410888672,240616800,AAPL
2020-05-04,69.80665406694762,70.89779524622708,69.11865261133845,70.76985168457031,133568000,AAPL
2020-05-05,71.2285073158129,72.66244451792257,71.08366376030753,71.83201599121094,147751200,AAPL
2020-05-06,72.5321011645588,73.20320267035598,72.14827044329485,72.5731430053711,142333600,AAPL
2020-05-07,73.19836352852457,73.66910326152602,72.89660917840814,73.32389068603516,115215200,AAPL
2020-05-08,73.98228898395239,75.12237513838589,73.65551062741005,75.06912231445312,133838400,AAPL
2020-05-11,74.57772932553729,76.74413405998023,74.36955655879322,76.2503433227539,145946400,AAPL
2020-05-12,76.93296121988755,77.38319101183461,75.25793117438776,75.37895965576172,162301200,AAPL
2020-05-13,75.55806719087377,76.47788793234099,73.39407770388901,74.46881103515625,200622400,AAPL
2020-05-14,73.7087840752181,74.98684482021679,72.98745151047878,74.92633056640625,158929200,AAPL
2020-05-15,72.70180935336562,74.52933644505968,72.66791783323735,74.48334503173828,166348400,AAPL
2020-05-18,75.80500447840275,76.61105115017922,75.11514045510178,76.23828125,135178400,AAPL
2020-05-19,76.25522871352638,77.10000541594032,75.76627615398213,75.79774475097656,101729600,AAPL
2020-05-20,76.65460086911052,77.34204178986873,76.61587086677298,77.2718505859375,111504800,AAPL
2020-05-21,77.13387754437865,77.67366726497515,76.4585365069764,76.69575500488281,102688800,AAPL
2020-05-22,76.43433589476804,77.27185842972254,76.33267609193112,77.18955993652344,81803200,AAPL
2020-05-26,78.30543299444078,78.48455279572174,76.61103413521022,76.66670989990234,125522000,AAPL
2020-05-27,76.52390248864035,77.14598335609439,75.78562421645006,77.00074768066406,112945200,AAPL
2020-05-28,76.67637525704153,78.29089831885972,76.4004341829612,77.03462219238281,133560800,AAPL
2020-05-29,77.2767040924692,77.736610955793,76.60378586836536,76.95960998535156,153532400,AAPL
2020-06-01,76.91358626954592,78.02704957806893,76.78287346449119,77.90602111816406,80791200,AAPL
2020-06-02,77.63977407114822,78.29090791932163,77.19922860751555,78.2667007446289,87642800,AAPL
2020-06-03,78.58622664893751,78.9589964979716,78.0149682866651,78.69757080078125,104491200,AAPL
2020-06-04,78.5208656190316,78.81859097042819,77.6470360985682,78.01980590820312,87560400,AAPL
2020-06-05,78.26914190101967,80.30241946972693,78.24009623942295,80.24190521240234,137250400,AAPL
2020-06-08,79.93931540745123,80.75020774515244,79.23009024878114,80.71631622314453,95654400,AAPL
2020-06-09,80.39681304328083,83.6573136410901,80.36534445233356,83.26518249511719,147712400,AAPL
2020-06-10,84.2116096226659,85.87453965160508,83.77348714351568,85.4073715209961,166651600,AAPL
2020-06-11,84.55294696423167,84.97654679882439,81.20530123598519,81.30696105957031,201662400,AAPL
2020-06-12,83.44189186655679,84.18742419889422,80.90029328946143,82.0089111328125,200146000,AAPL
2020-06-15,80.6654845616587,83.6742509001126,80.50330314287096,83.02311706542969,138808800,AAPL
2020-06-16,85.07335265810912,85.4945368687229,83.4418908130573,85.22342681884766,165428800,AAPL
2020-06-17,85.96652717235735,86.02704141186865,84.98377651365317,85.10480499267578,114406400,AAPL
2020-06-18,85.06125001022909,85.55504835135272,84.53114459703605,85.13871002197266,96820400,AAPL
2020-06-19,85.8430918789263,86.30783714893171,83.54596609025744,84.65216827392578,264476000,AAPL
2020-06-22,85.04429286253834,87.00979422869749,84.99830144840965,86.86698150634766,135445200,AAPL
2020-06-23,88.10872660527849,90.13716495464834,87.68996543764521,88.72113037109375,212155600,AAPL
2020-06-24,88.35079128217394,89.26818923809188,86.78225950639512,87.155029296875,192623200,AAPL
2020-06-25,87.3099530977363,88.35079512662277,86.55231359048508,88.31206512451172,137522400,AAPL
2020-06-26,88.2079995637923,88.4282723384794,85.45096655963653,85.59862518310547,205256800,AAPL
2020-06-29,85.50664961268454,87.66580166563776,85.02979694710713,87.57139587402344,130646000,AAPL
2020-06-30,87.15988924218063,88.58803158175118,87.14052793069565,88.30239868164062,140223200,AAPL
2020-07-01,88.37982532273861,88.92203048346985,88.08693850505696,88.13534545898438,110737200,AAPL
2020-07-02,89.04064340262327,89.67483137890527,88.02158579310888,88.13534545898438,114041600,AAPL
2020-07-06,89.56109054157537,90.96017971455592,89.52962194946613,90.49301147460938,118655600,AAPL
2020-07-07,90.87060685450933,91.64760765010688,90.10086747244101,90.21221160888672,112424400,AAPL
2020-07-08,91.1876920007991,92.344723894615,91.1005476599512,92.3132553100586,117092000,AAPL
2020-07-09,93.20404179945581,93.25729463316677,91.66456287634601,92.71025085449219,125642800,AAPL
2020-07-10,92.30599364635842,92.93050469526396,91.69601281004776,92.87240600585938,90257200,AAPL
2020-07-13,94.17468319640058,96.77921853086478,92.23096604261153,92.44397735595703,191649200,AAPL
2020-07-14,91.82672629574613,94.16499745387678,90.89481289415856,93.9737777709961,170989200,AAPL
2020-07-15,95.84487913129125,96.09419752364778,93.42430934647335,94.62007141113281,153198000,AAPL
2020-07-16,93.49450240060445,94.31023318785083,92.85789140298706,93.45577239990234,110577600,AAPL
2020-07-17,93.90600170117715,94.06091431617955,92.79495374103925,93.2669677734375,92186800,AAPL
2020-07-20,93.35412562962276,95.37045717183655,93.01040144233045,95.23248291015625,90318000,AAPL
2020-07-21,96.02158177786353,96.09661884897764,93.66878769091768,93.91810607910156,103433200,AAPL
2020-07-22,93.62035668832587,94.8621099281947,93.53321973878694,94.18193054199219,89001600,AAPL
2020-07-23,93.91568941051719,93.99314942038049,89.08665688068213,89.89512634277344,197004400,AAPL
2020-07-24,88.09662345174227,90.01613315170617,86.31265765589474,89.67240905761719,185438800,AAPL
2020-07-27,90.73265713883738,91.88968945823548,90.50996880574512,91.7977066040039,121214000,AAPL
2020-07-28,91.36925259131361,91.54595685387366,90.28483461346657,90.28968048095703,103625600,AAPL
2020-07-29,90.7713632677891,92.20434377285328,90.73505619988047,92.02037811279297,90329200,AAPL
2020-07-30,91.1949712384762,93.23793283077006,90.7883172670131,93.13385009765625,158130000,AAPL
2020-07-31,99.61613418906329,103.03397765297315,97.62157959922047,102.88390350341797,374336800,AAPL
2020-08-03,104.76226254133908,108.09054616095987,104.4645371706777,105.47633361816406,308151200,AAPL
2020-08-04,105.6651273181697,107.26996618839969,104.94379489849536,106.18070983886719,173071600,AAPL
2020-08-05,105.90234853375506,106.8850992523654,105.43759589570149,106.56558227539062,121776800,AAPL
2020-08-06,106.89720218347466,110.77737527223312,106.30900549573542,110.28357696533203,202428800,AAPL
2020-08-07,109.80585245809037,110.26174118969138,106.98080610359243,107.77618408203125,198045600,AAPL
2020-08-10,109.21900790302215,110.35872965555401,106.69707843818168,109.34268188476562,212403600,AAPL
2020-08-11,108.60795666047292,109.10506522291367,105.83140397675015,106.09087371826172,187902400,AAPL
2020-08-12,107.17968875805187,109.87379511625261,106.98569693797657,109.61675262451172,165598000,AAPL
2020-08-13,110.9940770606822,112.55816241863091,110.5066629686095,111.5566635131836,210082000,AAPL
2020-08-14,111.38208775805406,111.54698151987802,109.65068105796512,111.45726013183594,165565200,AAPL
2020-08-17,112.57756555807367,112.60181637912858,110.54062239475888,111.16625213623047,119561600,AAPL
2020-08-18,110.91890789561272,112.51693852673742,110.58426581680665,112.09257507324219,105633600,AAPL
2020-08-19,112.49993660539087,113.64450549830475,112.13862388675622,112.23319244384766,145538000,AAPL
2020-08-20,112.27445537799255,114.837612647254,112.25747906222769,114.72364044189453,126907200,AAPL
2020-08-21,115.68148892938783,121.11819493819868,115.66936721789659,120.63563537597656,338054800,AAPL
2020-08-24,124.83318239328597,124.91806397068724,120.2161130032418,122.07846069335938,345937600,AAPL
2020-08-25,120.95329871627834,121.42130925505194,119.35768781992573,121.07696533203125,211495600,AAPL
2020-08-26,122.39128067814039,123.17938430241111,121.32673099966804,122.72349548339844,163022400,AAPL
2020-08-27,123.32486169573068,123.657076446734,120.11424426928406,121.25639343261719,155552400,AAPL
2020-08-28,122.2287948592591,122.64588380173389,120.83688511649021,121.05998229980469,187630000,AAPL
2020-08-31,123.74922926791106,127.06653708598974,122.2166692582802,125.1653823852539,225702700,AAPL
2020-09-01,128.77367095981276,130.75242510254097,126.61063429258002,130.15103149414062,151948100,AAPL
2020-09-02,133.45865195686625,133.8369410345014,123.1866360174791,127.45451354980469,200119000,AAPL
2020-09-03,123.09935930505591,124.97140134269283,116.8818246649217,117.25041198730469,257599600,AAPL
2020-09-04,116.46474975837279,119.98575186395645,107.56039029271544,117.3280258178711,332607200,AAPL
2020-09-08,110.52848630276392,115.41715402612338,109.29662311428591,109.43241882324219,231366600,AAPL
2020-09-09,113.7391061983007,115.56265389882519,111.79915900187885,113.79730224609375,176940500,AAPL
2020-09-10,116.74602745349068,116.88182317054356,109.12203408038299,110.08230590820312,182274400,AAPL
2020-09-11,111.12989436180371,111.77008060116817,106.69711453574045,108.6370620727539,180860300,AAPL
2020-09-14,111.27538896641066,112.4490563072492,109.41304115616997,111.89617156982422,140150100,AAPL
2020-09-15,114.77699796976391,115.26198485471991,110.19872059172918,112.07077026367188,184642000,AAPL
2020-09-16,111.77007759799923,112.51695412354394,108.67585899150183,108.76315307617188,154679000,AAPL
2020-09-17,106.42552224944927,108.83105303274593,105.44584667867372,107.02690124511719,178011000,AAPL
2020-09-18,107.08509211161683,107.5506753180143,102.9045006607274,103.6319808959961,287104900,AAPL
2020-09-21,101.40105617439414,106.88140931284494,100.00429161371379,106.77471160888672,195713800,AAPL
2020-09-22,109.29663089711133,109.47122644967507,105.8823269140235,108.45275115966797,183055400,AAPL
2020-09-23,108.26845317272523,108.74373815268274,103.56407541081022,103.90357208251953,150718700,AAPL
2020-09-24,102.01215016082656,106.93961919790263,101.84725637895488,104.97057342529297,167743300,AAPL
2020-09-25,105.17424100477153,109.0638373334494,104.43705897382922,108.90863800048828,149981400,AAPL
2020-09-28,111.55668035738763,111.85736984450415,109.39363569114487,111.5081787109375,137672400,AAPL
2020-09-29,111.11049343812664,111.84766814275456,110.1599159291002,110.66429901123047,99382200,AAPL
2020-09-30,110.37329816208843,113.73910777869786,110.2084044241761,112.3326416015625,142675200,AAPL
2020-10-01,114.10769446919807,114.18529413378772,112.35204460964711,113.28321838378906,116120400,AAPL
2020-10-02,109.50033277715342,111.90587086149135,108.85045216012577,109.62642669677734,144712000,AAPL
2020-10-05,110.4896945754234,113.14742012517607,110.1405034929378,113.00192260742188,106243800,AAPL
2020-10-06,112.22592545814258,112.63331993229768,108.87952000821461,109.76219940185547,161498200,AAPL
2020-10-07,111.17838574960963,112.08046156708008,110.70309331868141,111.62457275390625,96849000,AAPL
2020-10-08,112.75944851761336,112.90494606027923,111.14928853931941,111.51788330078125,83477200,AAPL
2020-10-09,111.8185743074938,113.48693036528995,111.46938316049868,113.45783233642578,100506900,AAPL
2020-10-12,116.45504403658781,121.42131221454332,115.69846570876324,120.66473388671875,240226800,AAPL
2020-10-13,121.50859444916024,121.62499394990238,116.05734733652297,117.46380615234375,262330500,AAPL
2020-10-14,117.36680433445795,119.33584953717633,116.02824344500344,117.55110168457031,150712000,AAPL
2020-10-15,115.15526489684527,117.56079523723751,114.60238025084043,117.08551025390625,112559200,AAPL
2020-10-16,117.63839325335097,117.90029026113083,115.24255735409358,115.44625091552734,115393800,AAPL
2020-10-19,116.35803418573154,116.80422116143153,112.18715207359088,112.49754333496094,120639300,AAPL
2020-10-20,112.71093501778782,115.40746797741103,112.15805033404632,113.98160552978516,124423700,AAPL
2020-10-21,113.16681779596242,115.14556482205545,112.95342242055368,113.3608169555664,89946000,AAPL
2020-10-22,113.92340448698165,114.49569279996962,111.14927920105526,112.27445220947266,101988000,AAPL
2020-10-23,112.89523260157101,113.05043193781697,110.84858760677534,111.58576965332031,82572600,AAPL
2020-10-26,110.58671585421544,113.05045021305911,109.49064071564872,111.59548950195312,111850700,AAPL
2020-10-27,112.02224386138344,113.75849741390176,111.10077194371063,113.09891510009766,92276800,AAPL
2020-10-28,111.59546536731106,111.96405267029793,107.76406521649079,107.8610610961914,143937800,AAPL
2020-10-29,108.99594153712782,113.41901900582575,108.83104039265947,111.85736083984375,146129200,AAPL
2020-10-30,107.72525497153092,108.62733062614099,104.48554702075934,105.59131622314453,190272600,AAPL
2020-11-02,105.83383085542181,107.356689266343,104.09757704674024,105.50403594970703,122866900,AAPL
2020-11-03,106.3673230400161,108.14236934595198,105.46524717293197,107.1239013671875,107624400,AAPL
2020-11-04,110.71279021468385,112.11924902667879,108.97653651830575,111.49846649169922,138235500,AAPL
2020-11-05,114.40838224963099,116.02824377297978,113.3608163942021,115.4559555053711,126387100,AAPL
2020-11-06,114.96528648231298,115.82033327578648,112.83737692583377,115.32479858398438,114457900,AAPL
2020-11-09,117.08348090470506,118.53123307425452,112.75965407719045,113.0219955444336,154515300,AAPL
2020-11-10,112.27381767890381,114.25597110360664,110.89407325748324,112.6819076538086,138023400,AAPL
2020-11-11,113.86732041488949,116.23813418126791,113.13858512576901,116.10210418701172,112295000,AAPL
2020-11-12,116.22842646880996,117.1126214574974,115.20819406878398,115.83004760742188,103162300,AAPL
2020-11-13,116.05352836084144,116.27700303551688,114.52804275815001,115.87863159179688,81581900,AAPL
2020-11-16,115.54825966136949,117.55956865833653,114.80009473182567,116.8891372680664,91183000,AAPL
2020-11-17,116.16039565890526,117.24863549686008,115.58712010448728,116.00492858886719,74271000,AAPL
2020-11-18,115.24705927558566,116.42275133775613,114.65435397133162,114.68350219726562,76322100,AAPL
2020-11-19,114.25596702688232,115.68428930116418,113.4980835539356,115.27619934082031,74113000,AAPL
2020-11-20,115.27621337018954,115.40252482669361,113.96449124482857,114.01306915283203,73604300,AAPL
2020-11-23,113.85761911856477,114.28514625847261,110.52486892820643,110.62203216552734,127959300,AAPL
2020-11-24,110.68033950800988,112.56533009298217,109.39775804807978,111.90460968017578,113874200,AAPL
2020-11-25,112.27381743371453,113.43979090606146,111.90458681744444,112.74020385742188,76499200,AAPL
2020-11-27,113.26491022315516,114.15882383972767,112.92483519653295,113.28433990478516,46691300,AAPL
2020-11-30,113.6535707986605,117.5401594833683,113.49810369299398,115.67459869384766,169410200,AAPL
2020-12-01,117.57900124296866,119.96925188593028,116.60735427852516,119.24051666259766,127728200,AAPL
2020-12-02,118.56039614708436,119.87212588677608,117.4624374051066,119.59034729003906,89004200,AAPL
2020-12-03,120.01782662918774,120.27045690895935,118.74497151143471,119.45427703857422,78967600,AAPL
2020-12-04,119.12394191020984,119.37657225081612,118.07456118438024,118.78386688232422,78260400,AAPL
2020-12-07,118.84215876062711,121.038083362331,118.7838623046875,120.2413330078125,86712000,AAPL
2020-12-08,120.84376634333147,121.43647173529656,119.60005168582639,120.85347747802734,82225500,AAPL
2020-12-09,120.99922399995596,122.37896123763355,117.56931058790569,118.32719421386719,115089200,AAPL
2020-12-10,117.08347755039478,120.35793100204793,116.74340254220034,119.74578857421875,81312200,AAPL
2020-12-11,118.95874547462877,119.2793907717679,117.13205173775964,118.93931579589844,86939800,AAPL
2020-12-14,119.12394461719592,119.85268001340195,118.0940009627436,118.32719421386719,79184500,AAPL
2020-12-15,120.81458769248664,124.27365614702585,120.610542706532,124.25421905517578,157243700,AAPL
2020-12-16,123.79755012617825,124.73032296084445,122.97164423038534,124.18620300292969,98208600,AAPL
2020-12-17,125.24530607028412,125.90603381216341,124.40968896582861,125.05097961425781,94359800,AAPL
2020-12-18,125.30361605465058,125.43964605507787,122.5441344465272,123.0688247680664,192541500,AAPL
2020-12-21,121.47532055765235,124.672040495101,119.94983486476208,124.59430694580078,121251600,AAPL
2020-12-22,127.87848972538272,130.5991048748753,125.97405467288996,128.14083862304688,168904800,AAPL
2020-12-23,128.4128836440795,128.67521768491736,127.07200590849821,127.24691009521484,88223700,AAPL
2020-12-24,127.59669160383469,129.67601559807733,127.38292807699283,128.22825622558594,54930100,AAPL
2020-12-28,130.19099379190865,133.44600251933943,129.72459253226933,132.81443786621094,124486200,AAPL
2020-12-29,134.1358655444837,134.85487480481046,130.53104880605997,131.0460205078125,121047300,AAPL
2020-12-30,131.7359140805847,132.13429294527648,129.61771571736733,129.92864990234375,96452100,AAPL
2020-12-31,130.27844532518537,130.91973597132423,127.98535756948488,128.9278564453125,99116600,AAPL
2021-01-04,129.73433819675842,129.82178288641367,123.1660010540864,125.7408676147461,143301900,AAPL
2021-01-05,125.2355842462787,128.0047841932833,124.78862009202955,127.29547119140625,97664900,AAPL
2021-01-06,124.09876065496377,127.3343470647896,122.79674977159817,123.01051330566406,155088000,AAPL
2021-01-07,124.72062409151188,127.89791430422592,124.23480053472447,127.20803833007812,109578200,AAPL
2021-01-08,128.67521556411702,128.86955684085643,126.53759495540402,128.30599975585938,105158200,AAPL
2021-01-11,125.527088604103,126.47929859092635,124.85664974689551,125.32303619384766,100384500,AAPL
2021-01-12,124.85665049211372,126.01291289609365,123.26314986487158,125.14814758300781,91951100,AAPL
2021-01-13,125.10927337732423,127.72300640920702,124.84693933910279,127.17888641357422,88636800,AAPL
2021-01-14,127.09146337014927,127.28578985507761,125.1092946758631,125.25505065917969,90221800,AAPL
2021-01-15,125.1287025525268,126.52787663913662,123.39917203606663,123.53520202636719,111598500,AAPL
2021-01-19,124.15704975663279,125.06068915645737,123.34086985277312,124.20563507080078,90757300,AAPL
2021-01-20,125.0121142129877,128.73352422939956,124.90523244341398,128.28656005859375,104319500,AAPL
2021-01-21,130.00642996250977,135.70999567011074,129.80237747734301,132.9893798828125,120150900,AAPL
2021-01-22,132.41604973812463,135.88483658611096,131.19177987621222,135.126953125,114459400,AAPL
2021-01-25,139.01355380816258,140.97627022018892,132.6686847833474,138.8677978515625,157611700,AAPL
2021-01-26,139.528555618627,140.20870575076052,137.36177150504042,139.1010284423828,98390600,AAPL
2021-01-27,139.36337874928745,140.2087220647341,136.4290142912036,138.0322265625,140843800,AAPL
2021-01-28,135.5642045936499,137.96417406452278,132.82415271471342,133.20309448242188,142621100,AAPL
2021-01-29,131.9788209864335,132.86302336292994,126.51816929301403,128.2185516357422,177523800,AAPL
2021-02-01,129.95781964029345,131.54160940158948,127.21776727973175,130.33676147460938,106239800,AAPL
2021-02-02,131.8816527763116,132.4452098565485,130.79341280132044,131.1626434326172,83305400,AAPL
2021-02-03,131.91083115954507,131.9205571212181,129.82179541007085,130.14244079589844,89880900,AAPL
2021-02-04,132.43550657690793,133.5043095225396,130.7739834636992,133.49459838867188,84183100,AAPL
2021-02-05,133.65516390896917,133.7232731231055,132.20524094162676,133.08102416992188,75693800,AAPL
2021-02-08,132.37062753976116,133.27561713779653,131.29048728628555,133.22695922851562,71297200,AAPL
2021-02-09,132.94478730279516,134.17090160726997,132.19551172596402,132.3511962890625,76774200,AAPL
2021-02-10,132.80853804149436,133.3048279995829,130.7844904817518,131.74786376953125,73046600,AAPL
2021-02-11,132.24411789704274,132.72094164331565,130.17142759822354,131.49484252929688,64280000,AAPL
2021-02-12,130.73585850968206,131.88410821935858,130.0936095966532,131.72840881347656,60145100,AAPL
2021-02-16,131.84518629017936,132.35118706954955,129.2178071626484,129.6070556640625,80576300,AAPL
2021-02-17,127.7192408682256,128.66314806479286,125.98712587517291,127.32026672363281,97918500,AAPL
2021-02-18,125.72440543319924,126.50288771185818,123.98256451257895,126.22069549560547,96856700,AAPL
2021-02-19,126.73642239782728,127.19378012757379,125.33515742569439,126.3763656616211,87668800,AAPL
2021-02-22,124.56640502266376,126.23041094448011,122.22124015432108,122.61048126220703,103916400,AAPL
2021-02-23,120.43073670834654,123.30137584564321,115.20519230196524,122.4742431640625,158273000,AAPL
2021-02-24,121.57899194807914,122.18230857916163,118.94189453786483,121.97795867919922,111039900,AAPL
2021-02-25,121.32597453863157,123.05808944115938,117.29734557401017,117.73523712158203,148199500,AAPL
2021-02-26,119.2921941436735,121.49139980199843,117.93958722628282,117.99797821044922,164560400,AAPL
2021-03-01,120.42101925940007,124.48857398468387,119.48684497058966,124.35234069824219,116307900,AAPL
2021-03-02,124.95564701355688,125.25730532990295,121.64710890595583,121.754150390625,102260900,AAPL
2021-03-03,121.45249652917722,122.32828720569532,118.56239100874602,118.77647399902344,112966300,AAPL
2021-03-04,118.47480719948628,120.27503892466773,115.42900990064756,116.89838409423828,178155000,AAPL
2021-03-05,117.7255127803743,118.65968686991202,114.40724183835442,118.15367126464844,153766600,AAPL
2021-03-08,117.67687524164398,117.74499188213018,113.08384627126932,113.22981262207031,154376600,AAPL
2021-03-09,115.82797605727136,118.77646492277744,115.5944343694315,117.83255767822266,129525800,AAPL
2021-03-10,118.41643235397203,118.88351576641335,116.23668501538924,116.75243377685547,111943300,AAPL
2021-03-11,119.24355264557505,119.89552719538874,117.99798711036199,118.67915344238281,103026500,AAPL
2021-03-12,117.16114299809291,117.91042610160652,115.95450209117227,117.7741928100586,88105100,AAPL
2021-03-15,118.14395874848536,120.6642817142442,117.18058534747087,120.65454864501953,92403800,AAPL
2021-03-16,122.31854732264155,123.79766203262986,121.36491441345117,122.19204711914062,115227900,AAPL
2021-03-17,120.71293209328559,122.47423888090718,119.04892629520441,121.4038314819336,111932600,AAPL
2021-03-18,119.57440947336566,119.86634216018179,117.08327826271949,117.28762817382812,121229700,AAPL
2021-03-19,116.67456302671786,118.16340319964601,116.46048007455593,116.76213836669922,185549500,AAPL
2021-03-22,117.09302062360135,120.53779245026008,117.02490398115997,120.0707015991211,111912300,AAPL
2021-03-23,120.01231762490714,120.89783397367995,118.85432728312398,119.24356842041016,95467100,AAPL
2021-03-24,119.51602254128295,119.59387224546333,116.84000020937296,116.85945892333984,88530500,AAPL
2021-03-25,116.32427390112565,118.38724678280408,115.79879946642953,117.34602355957031,98844700,AAPL
2021-03-26,117.11246742653448,118.21207408800578,115.72093550893463,117.94933319091797,94071200,AAPL
2021-03-29,118.37749665321657,119.28247903408416,117.48224734126221,118.1244888305664,80819200,AAPL
2021-03-30,116.8789257121579,117.16112532326552,115.66255191815422,116.67457580566406,85671900,AAPL
2021-03-31,118.3774946900482,120.19718506636265,117.89094519064328,118.86404418945312,118323800,AAPL
2021-04-01,120.33342627373456,120.83943448866229,119.19489479787379,119.69117736816406,75089100,AAPL
2021-04-05,120.53777850848313,122.7661761594041,119.75929632134557,122.51316833496094,88651200,AAPL
2021-04-06,123.09701892635115,123.71006860087718,122.26988629191437,122.8148193359375,80171300,AAPL
2021-04-07,122.44505868103397,124.47883218903853,121.77361794195266,124.4593734741211,83466700,AAPL
2021-04-08,125.48112193995918,126.88238697462579,125.0626964676061,126.85319519042969,88844600,AAPL
2021-04-09,126.3082511367721,129.4610823431084,125.987126690143,129.4221649169922,106686700,AAPL
2021-04-12,128.95509937555343,129.2762238665418,127.11594263503031,127.70953369140625,91420000,AAPL
2021-04-13,128.8772176641677,131.0374983592836,128.3809277339075,130.8136749267578,91266500,AAPL
2021-04-14,131.3099778007929,131.36836136344672,128.11821435701262,128.47825622558594,87222800,AAPL
2021-04-15,130.22013564136392,131.36838551347583,130.04497007288896,130.8818359375,89347100,AAPL
2021-04-16,130.68721289515452,131.04725481288563,129.69464764958488,130.5509796142578,84922400,AAPL
2021-04-19,129.91848365422268,131.82576483686614,129.753058553166,131.21270751953125,94264200,AAPL
2021-04-20,131.38782793049364,131.88410306298763,128.26417368348118,129.52920532226562,94812300,AAPL
2021-04-21,128.79937448295544,130.15198139662152,127.76789199677557,129.90870666503906,68847100,AAPL
2021-04-22,129.46108603950333,130.54122653689166,127.8749447465964,128.39068603515625,84566500,AAPL
2021-04-23,128.60476763173878,131.4851323617936,128.60476763173878,130.7066650390625,78657500,AAPL
2021-04-26,131.20294297565732,131.426751593288,129.9671030596472,131.0959014892578,66905100,AAPL
2021-04-27,131.37809693084532,131.76734545845767,130.5023137282654,130.7747802734375,66015800,AAPL
2021-04-28,130.69689972688315,131.3878064201636,129.4999923395791,129.98654174804688,107760100,AAPL
2021-04-29,132.79880749394718,133.38267277073504,128.88694577541443,129.8892364501953,151101000,AAPL
2021-04-30,128.23496790165584,129.96708270240345,127.54407601900469,127.923583984375,109839500,AAPL
2021-05-03,128.48796838679135,130.4633727552625,128.283625938946,128.97451782226562,75135100,AAPL
2021-05-04,127.66086791309522,127.95280060042849,123.29164779323206,124.41071319580078,137564700,AAPL
2021-05-05,125.72439172337612,126.94076551104096,124.5274840738415,124.65399169921875,84000900,AAPL
2021-05-06,124.44963120105919,126.25959594495404,123.71007387822482,126.24987030029297,78128300,AAPL
2021-05-07,127.54631080549646,127.94594783933177,126.2108903922729,126.92247009277344,78973300,AAPL
2021-05-10,126.14263220253412,126.26933982071908,123.60827160938823,123.64726257324219,88071200,AAPL
2021-05-11,120.381847398056,123.08190661407825,119.67027531129933,122.73100280761719,126142800,AAPL
2021-05-12,120.28440955115845,121.49310006204904,119.16344315883416,119.6703109741211,112172300,AAPL
2021-05-13,121.43459040557941,122.96495055227784,121.12267010296466,121.81474304199219,105861300,AAPL
2021-05-14,123.06243260302256,124.66102519199373,122.67253033910511,124.23213195800781,81918000,AAPL
2021-05-17,123.61802565600583,123.72524895126948,122.00968366381709,123.0819091796875,74244600,AAPL
2021-05-18,123.36460169987382,123.78374532662899,121.62954445690447,121.6977767944336,63342900,AAPL
2021-05-19,120.05047010261795,121.76602841409178,119.75804150303334,121.54183959960938,92612000,AAPL
2021-05-20,122.06817912472063,124.49530918227134,121.94145662294912,124.09565734863281,76857100,AAPL
2021-05-21,124.59279439116175,124.76825004025154,122.04869119774337,122.26313781738281,79295400,AAPL
2021-05-24,122.8284771649978,124.70974844818083,122.76024483604364,123.89095306396484,63092900,AAPL
2021-05-25,124.59279202902988,125.08017543327662,123.1306641265909,123.6960220336914,72009500,AAPL
2021-05-26,123.7544858646491,124.17362943012175,123.22811900776954,123.64726257324219,56575900,AAPL
2021-05-27,123.24764397847942,124.41734339161216,121.92198067731965,122.11692810058594,94625600,AAPL
2021-05-28,122.3995899273286,122.6237861257757,121.40534630909178,121.46382904052734,71311100,AAPL
2021-06-01,121.9219706400981,122.18515038351808,120.8107540580726,121.14216613769531,67637100,AAPL
2021-06-02,121.14217571934485,122.07793673418138,120.91798692698966,121.90248107910156,59278900,AAPL
2021-06-03,121.53206155124437,121.69776758173275,120.02119320163122,120.42084503173828,76229200,AAPL
2021-06-04,120.93745411736649,122.9746892227133,120.7230075339862,122.71150207519531,75169300,AAPL
2021-06-07,122.9844550910691,123.13066937489863,121.67829101219802,122.72127532958984,71057600,AAPL
2021-06-08,123.4035896495703,125.21663622404847,123.02343700167279,123.54005432128906,74403800,AAPL
2021-06-09,123.99820900061968,124.52457600687696,123.32562769760736,123.92022705078125,56877900,AAPL
2021-06-10,123.81299241371467,124.95345787476269,122.7602659341765,122.92597198486328,71186400,AAPL
2021-06-11,123.33538525617847,124.22241326007945,122.91624154472048,124.13468170166016,53522400,AAPL
2021-06-14,124.59279446771667,127.24411353581664,123.86173050218788,127.18563079833984,96906500,AAPL
2021-06-15,126.65930332972108,127.30264335178651,126.12318664466655,126.36687469482422,62746300,AAPL
2021-06-16,127.07839160028391,127.58526671760069,125.21662690472674,126.86394500732422,91815000,AAPL
2021-06-17,126.52280804022224,129.20337594415264,126.37658632134162,128.46255493164062,96721700,AAPL
2021-06-18,127.40985624306948,128.18964604081222,126.95172155645028,127.16616821289062,108953300,AAPL
2021-06-21,127.0101523182265,129.06687904605207,125.94767651117064,128.95965576171875,79663300,AAPL
2021-06-22,128.79399242175575,130.69475593415476,128.2968593599112,130.59727478027344,74783600,AAPL
2021-06-23,130.39255006678223,130.9286665216875,129.8661757752273,130.32431030273438,60214200,AAPL
2021-06-24,131.05542269642876,131.24062798342803,129.57379527397197,130.04168701171875,68711000,AAPL
2021-06-25,130.09037560621056,130.50951172104854,129.45677804212312,129.74920654296875,70783700,AAPL
2021-06-28,130.04166969629122,131.8352098315601,129.98318695524438,131.3770751953125,62111300,AAPL
2021-06-29,131.3965550234282,133.0438880631515,130.9579196567259,132.88792419433594,64556100,AAPL
2021-06-30,132.73195190270366,133.94064949902392,132.43952338561445,133.50201416015625,63261400,AAPL
2021-07-01,133.15114759070119,133.8627124846623,132.33234449341114,133.80422973632812,52485800,AAPL
2021-07-02,134.41828334809892,136.46526832234767,134.27207651002422,136.42628479003906,78852600,AAPL
2021-07-06,136.53350195950557,139.53572463895688,136.53350195950557,138.43426513671875,108181800,AAPL
2021-07-07,139.91588320227135,141.23180423568894,139.0581116318865,140.91989135742188,104911600,AAPL
2021-07-08,138.0053823208354,140.42276298269945,137.11835448019005,139.62347412109375,105575500,AAPL
2021-07-09,139.1458433075578,141.97261806281588,139.04836216143113,141.44625854492188,99890800,AAPL
2021-07-12,142.51848639937432,142.62570970674338,140.364278087154,140.85165405273438,76299700,AAPL
2021-07-13,140.39352411006757,143.7369310790402,140.00362927408963,141.96287536621094,100827100,AAPL
2021-07-14,144.3607540301203,145.79364043052715,143.95134516697595,145.3842315673828,127050800,AAPL
2021-07-15,145.47196100861444,146.21276700697837,143.37623575739534,144.73114013671875,106820300,AAPL
2021-07-16,144.71166743629377,145.97883295333372,142.19680585690423,142.6939239501953,93251400,AAPL
2021-07-19,140.12060468938105,140.43253247911716,138.09311867670348,138.85342407226562,121434600,AAPL
2021-07-20,139.83789124908492,143.3859869898834,139.350515378791,142.4599609375,96350000,AAPL
2021-07-21,141.85563485293181,142.44049190950972,140.97836414159778,141.72891235351562,74993500,AAPL
2021-07-22,142.25529492286392,144.4582288663732,142.12857241610413,143.0935821533203,77338200,AAPL
2021-07-23,143.82461867014172,144.96507639303513,143.2105203295334,144.80911254882812,71447400,AAPL
2021-07-26,144.52647939059113,146.04709009069717,143.97086362595675,145.22830200195312,72434100,AAPL
2021-07-27,145.35498894389306,145.44272791296905,141.87513262554674,143.0643310546875,104818600,AAPL
2021-07-28,141.15381301329907,143.25928057886588,138.94112214929507,141.31951904296875,118931200,AAPL
2021-07-29,141.03686397561236,142.84990322262558,140.92964066468824,141.96287536621094,56699500,AAPL
2021-07-30,140.73469364228038,142.63545700170118,140.47150644681145,142.1773223876953,70440600,AAPL
2021-08-02,142.6647202141764,143.23982039265098,141.58274477107045,141.84593200683594,62880000,AAPL
2021-08-03,142.12855135709023,144.30224361135603,141.51445299043982,143.63941955566406,64786600,AAPL
2021-08-04,143.55173491626834,144.05859526042843,142.58672505684436,143.23980712890625,56368300,AAPL
2021-08-05,143.26906394319104,144.10735137016883,142.47951709743447,143.3470458984375,46397700,AAPL
2021-08-06,142.86867690985883,143.61059289976055,142.16580285802874,142.66366577148438,54126800,AAPL
2021-08-09,142.72222158501236,143.210327688173,142.0584044347056,142.61483764648438,48908700,AAPL
2021-08-10,142.9565505100319,144.196344465899,141.84366893661831,142.13653564453125,69023100,AAPL
2021-08-11,142.57583309295842,143.22989365517753,142.06819844175104,142.39035034179688,48493500,AAPL
2021-08-12,142.7124810649403,145.50444888855472,142.37080079552103,145.34825134277344,72282600,AAPL
2021-08-13,145.42634081402107,145.88516176552068,144.74299521470792,145.55325317382812,59375000,AAPL
2021-08-16,145.00659283395282,147.59356480078714,142.9858407795006,147.5252227783203,103296000,AAPL
2021-08-17,146.6563820290242,148.07188700426227,145.5435005089824,146.61734008789062,92229700,AAPL
2021-08-18,146.2365903149313,147.13470375005627,142.6734068529053,142.87841796875,86326000,AAPL
2021-08-19,141.58003947243648,144.47939059702847,141.06264825182848,143.21031188964844,86960300,AAPL
2021-08-20,143.93275769698107,144.96754045087513,143.28845394220284,144.6649169921875,60549600,AAPL
2021-08-23,144.78202147056598,146.61730507779947,144.3720141553827,146.1487274169922,60131800,AAPL
2021-08-24,145.89495874434272,147.2714219782902,145.602092007955,146.0609130859375,48606400,AAPL
2021-08-25,146.24637657624294,146.74425443123712,144.28419502392072,144.83087158203125,58991300,AAPL
2021-08-26,144.82112485660906,145.5727977281921,144.00109506679658,144.03038024902344,48597200,AAPL
2021-08-27,143.97177197062845,145.21156564308194,143.33723999505236,145.0651397705078,55802400,AAPL
2021-08-30,145.45565533870288,149.83885461039787,145.07493307828,149.47764587402344,90956700,AAPL
2021-08-31,149.02859613337498,149.16526528048843,147.69117494824357,148.2183380126953,86453100,AAPL
2021-09-01,149.1945209265185,151.293371319359,148.71617155840954,148.8821258544922,80313700,AAPL
2021-09-02,150.20977826854366,151.03956466217258,148.77474502994417,149.99501037597656,71115500,AAPL
2021-09-03,150.10242979976638,150.95174481050074,149.4483692072004,150.6295928955078,57808700,AAPL
2021-09-07,151.2836513561049,153.5191714127496,150.7174463222015,152.96273803710938,82278300,AAPL
2021-09-08,153.24583117728486,153.30440154284446,150.31719373274197,151.42031860351562,74420200,AAPL
2021-09-09,151.79126431107525,152.39651120399355,150.28788894400816,150.40504455566406,57305700,AAPL
2021-09-10,151.312872980953,151.78145061032407,145.1627338741772,145.4263153076172,140893200,AAPL
2021-09-13,147.04686479158386,147.81806596111582,145.21158088499752,145.9925537109375,102404300,AAPL
2021-09-14,146.7735062300835,147.4763801866019,143.4153339702326,144.59654235839844,109296300,AAPL
2021-09-15,145.02607290209997,145.8851443505808,142.88816593560387,145.48489379882812,83281300,AAPL
2021-09-16,144.90894501042473,145.4263362978241,143.71796490468603,145.2506103515625,68034100,AAPL
2021-09-17,145.27992686740734,145.27992686740734,142.29270460935308,142.5855712890625,129868800,AAPL
2021-09-20,140.37935348466607,141.39460787991925,137.909537174392,139.53981018066406,123478900,AAPL
2021-09-21,140.50620298279006,141.16027821011605,139.38356500550353,140.01809692382812,75834000,AAPL
2021-09-22,141.0138481925674,142.94674416241062,140.28168904837355,142.38055419921875,76404300,AAPL
2021-09-23,143.16153904107028,143.581318108749,142.1755699033987,143.33726501464844,64838200,AAPL
2021-09-24,142.1950877231893,143.96202960944674,142.09746053449825,143.42510986328125,53477900,AAPL
2021-09-27,142.00959923062172,142.48794860245857,140.39885495340664,141.91197204589844,74150700,AAPL
2021-09-28,139.8424381686271,141.3067568929059,138.31954907870838,138.53431701660156,108972300,AAPL
2021-09-29,139.08096654322168,141.0138627120859,138.6514307510702,139.43240356445312,74602000,AAPL
2021-09-30,140.24268621892764,140.9455603850025,137.91929578685694,138.13406372070312,89056700,AAPL
2021-10-01,138.52452409983053,139.5202648503588,135.80089824481317,139.25668334960938,94639600,AAPL
2021-10-04,138.3878720570302,138.82717957779718,134.98090012736012,135.8302001953125,98322000,AAPL
2021-10-05,136.17186716291496,138.8564511470798,136.0449547897289,137.75332641601562,80861100,AAPL
2021-10-06,136.15233067899587,138.76857249312508,135.07849119061893,138.6221466064453,83221100,AAPL
2021-10-07,139.6569450430087,140.78935501402486,139.32503639848235,139.8814697265625,61732700,AAPL
2021-10-08,140.60387247260306,140.75029837603776,139.16883903566588,139.50074768066406,58773200,AAPL
2021-10-11,138.88575464341304,141.3653278052875,138.43669034540312,139.41290283203125,64452200,AAPL
2021-10-12,139.82286975119803,139.84239816609858,137.68496264197734,138.14378356933594,73035900,AAPL
2021-10-13,137.88024208325538,138.03642474342516,135.88876048394778,137.55809020996094,78762700,AAPL
2021-10-14,138.72955687137625,140.45745714105692,138.14382342191217,140.34030151367188,69907100,AAPL
2021-10-15,140.35005282323274,141.45316264244676,140.0962280805495,141.39459228515625,67940300,AAPL
2021-10-18,140.03766984054468,143.347029376178,139.75457479053856,143.06393432617188,85589200,AAPL
2021-10-19,143.51295730034732,145.62157933226285,143.06390800766076,145.22132873535156,76378900,AAPL
2021-10-20,145.16278083703227,146.18780683574556,144.59657585778285,145.70945739746094,58418800,AAPL
2021-10-21,145.27014914498275,146.0804071368253,144.35250720492448,145.92420959472656,61421000,AAPL
2021-10-22,146.129212114762,146.60754657748723,145.10418628692474,145.1529998779297,58883400,AAPL
2021-10-25,145.14322894722775,145.8168177773373,144.10844635434742,145.10418701171875,50720600,AAPL
2021-10-26,145.77779264971988,147.2518679421637,145.46539754636262,145.76803588867188,60893400,AAPL
2021-10-27,145.80711293598463,146.1683068273683,144.95781274994326,145.3092498779297,56094900,AAPL
2021-10-28,146.256135746264,149.52643805425132,146.1585085567286,148.9407196044922,100077900,AAPL
2021-10-29,143.718003300801,146.37330245291255,142.92727357091124,146.23663330078125,124953200,AAPL
2021-11-01,145.44586537540286,146.13896771640327,144.28417043944881,145.4165802001953,74588300,AAPL
2021-11-02,145.12375118515345,147.96453308347574,145.113979527006,146.45140075683594,69122000,AAPL
2021-11-03,146.8125588879088,148.35497602206758,146.25612565424197,147.8863983154297,54511500,AAPL
2021-11-04,147.97423478422334,148.8040061478772,147.056593009041,147.36898803710938,60394600,AAPL
2021-11-05,148.49328605752575,148.79635114627666,146.7042085245969,147.8969268798828,65463900,AAPL
2021-11-08,148.02405391839477,148.18047945260236,146.80200740282297,147.07574462890625,55020900,AAPL
2021-11-09,146.84104938223388,148.04353851031115,146.70418082227025,147.43740844726562,56787900,AAPL
2021-11-10,146.6651351263565,146.77267581374304,144.54366421842147,144.61209106445312,65187100,AAPL
2021-11-11,145.62883774477925,146.0883134852804,144.37744845730748,144.56320190429688,41000000,AAPL
2021-11-12,145.11069182006318,147.03663842202138,144.18193940351156,146.6358184814453,63804000,AAPL
2021-11-15,147.00725921767452,148.48350051743287,146.08827812399716,146.64553833007812,59222800,AAPL
2021-11-16,146.58690654221206,148.102247003654,146.00031832566742,147.62319946289062,59256200,AAPL
2021-11-17,147.62317383397615,151.5337214852073,147.61340283516802,150.0574951171875,88807000,AAPL
2021-11-18,150.27258025090998,155.12165110785514,149.62733629184328,154.33953857421875,137827700,AAPL
2021-11-19,154.12445397592487,157.41910052968012,153.02950540265965,156.95960998535156,117305600,AAPL
2021-11-22,158.0643575600625,161.99446283900974,157.39957149925132,157.41912841796875,117467900,AAPL
2021-11-23,157.51689191338718,158.18169292863084,155.502961782972,157.8004150390625,96041900,AAPL
2021-11-24,157.15513688529995,158.51405162465102,156.06995929361992,158.3185272216797,69463600,AAPL
2021-11-26,156.0015407986573,156.8618512011978,152.86331951425362,153.30325317382812,76959800,AAPL
2021-11-29,155.80603121042097,157.5853380225465,155.23899986098183,156.65658569335938,88748200,AAPL
2021-11-30,156.41215841772612,161.8184901598309,156.34371666317804,161.60340881347656,174048100,AAPL
2021-12-01,163.7346542506034,166.49159798116264,160.85062784337472,161.08526611328125,152052500,AAPL
2021-12-02,155.19009727061072,160.52798674829987,154.27111613625055,160.0978240966797,136739200,AAPL
2021-12-03,160.35203598315746,161.27101721338744,156.14819360952984,158.2207794189453,118023100,AAPL
2021-12-06,160.61597549233863,164.12570364495514,160.60620449270007,161.62295532226562,107497000,AAPL
2021-12-07,165.29891461337388,167.74300783586125,164.57545764919558,167.35194396972656,120405400,AAPL
2021-12-08,168.28070694285483,172.02505945223345,166.88267789889346,171.16473388671875,116998900,AAPL
2021-12-09,170.9985205283445,172.7973693361273,170.03065436230736,170.65634155273438,108923700,AAPL
2021-12-10,171.29180928871014,175.61296364291238,170.78343380069845,175.43698120117188,115402700,AAPL
2021-12-13,177.06961358561998,178.0570365302883,171.6046261840087,171.8099365234375,153237000,AAPL
2021-12-14,171.33094311359295,173.76526545026528,168.35893217623416,170.4315185546875,139380400,AAPL
2021-12-15,171.1940123824784,175.48583813344078,168.45662585148168,175.29031372070312,131063300,AAPL
2021-12-16,175.27074544292535,177.08915070687198,166.93150372687032,168.40773010253906,150185800,AAPL
2021-12-17,166.12984262332955,169.59068583995455,165.89521929851176,167.3127899169922,195432700,AAPL
2021-12-20,164.51676029378936,166.76532847471316,163.71510567618958,165.95388793945312,107499100,AAPL
2021-12-21,167.72341591348743,169.3267401361631,165.3379790393109,169.12144470214844,91185900,AAPL
2021-12-22,169.17031112645324,171.9272548095711,168.300214735498,171.71217346191406,92135300,AAPL
2021-12-23,171.9174985527305,172.8951357013555,171.35046721642092,172.33787536621094,68356600,AAPL
2021-12-27,173.1297226627458,176.38525547317582,173.11018066452525,176.29727172851562,74919600,AAPL
2021-12-28,176.1310871789595,177.27492068975482,174.5375340801528,175.28053283691406,79144300,AAPL
2021-12-29,175.31964543980357,176.59057652650236,174.1562550200767,175.3685302734375,62348900,AAPL
2021-12-30,175.45652327947462,176.53193000592643,174.10737937130014,174.2149200439453,59773000,AAPL
2021-12-31,174.10734418937602,175.22184960905506,173.29590380839542,173.59898376464844,64062300,AAPL
2022-01-03,173.85321176039008,178.79028222604728,173.73590007898758,177.93972778320312,104487900,AAPL
2022-01-04,178.54586564233023,178.84893075193062,175.1143499260673,175.68138122558594,99310400,AAPL
2022-01-05,175.59339039534856,176.14086475419518,170.73453308424857,171.00827026367188,94537600,AAPL
2022-01-06,168.83790737145776,171.37976954533002,167.80161453547433,168.153564453125,96904000,AAPL
2022-01-07,169.02367835082143,170.24572473108867,167.2052727402814,168.3197784423828,86709100,AAPL
2022-01-10,165.29885816519484,168.64237476166727,164.4092049558039,168.3393096923828,106765600,AAPL
2022-01-11,168.46646040973286,171.26248866253403,167.0000045144569,171.16473388671875,76138300,AAPL
2022-01-12,172.18144710369126,173.21774007794218,170.91053076473975,171.60464477539062,74805200,AAPL
2022-01-13,171.8490227811223,172.67023424322653,167.94824595979313,168.3393096923828,84505800,AAPL
2022-01-14,167.50830810674722,169.89374460419103,167.2638988741002,169.1996307373047,80440800,AAPL
2022-01-18,167.6745127192973,168.68147761318977,165.62148401611884,166.0027618408203,90956700,AAPL
2022-01-19,166.19826843077354,167.2541180438521,162.2290651127062,162.5125732421875,94815000,AAPL
2022-01-20,163.24585020445963,165.88546757565922,160.50846314939517,160.83108520507812,91420500,AAPL
2022-01-21,160.74309086318223,162.61038131219433,158.67050497614542,158.77804565429688,122848900,AAPL
2022-01-24,156.44151145113545,158.67052310978175,151.24047430258736,158.00572204589844,162294600,AAPL
2022-01-25,155.4247355135648,159.1202024043847,153.5085752311325,156.20684814453125,115798400,AAPL
2022-01-26,159.84367643647036,160.71377291639465,154.29070450112417,156.11888122558594,108275300,AAPL
2022-01-27,158.817126094803,160.17604091465265,154.7403816352541,155.65936279296875,121954600,AAPL
2022-01-28,162.00425626677838,166.54049197821774,159.15932862262193,166.52093505859375,179935700,AAPL
2022-01-31,166.3547503312831,171.08651082179728,165.71927719769477,170.87142944335938,115541600,AAPL
2022-02-01,170.1186120178827,170.93005253238587,168.4566320719076,170.7052001953125,86213900,AAPL
2022-02-02,170.84209391826516,171.94682868403083,169.45385093947993,171.90771484375,84914300,AAPL
2022-02-03,170.57811566132818,172.29876649074853,168.27089152715305,169.033447265625,89418100,AAPL
2022-02-04,168.05455952783922,170.42346859121156,167.0756769166009,168.74957275390625,82465400,AAPL
2022-02-07,169.20965988540354,170.2766384169295,167.33999039041194,168.03500366210938,77251200,AAPL
2022-02-08,168.10354920331756,171.64711530996314,167.80988135828758,171.13809204101562,74829200,AAPL
2022-02-09,172.3322952525055,172.91961588647231,171.20657123174874,172.55743408203125,71285000,AAPL
2022-02-10,170.462637822063,171.7743370940817,167.92733513885554,168.48529052734375,90865900,AAPL
2022-02-11,168.690860750742,169.4250227899619,164.4914455219278,165.0787811279297,98670700,AAPL
2022-02-14,163.83556797241158,165.99890498473425,163.04267549502603,165.31369018554688,86185500,AAPL
2022-02-15,167.35961515699614,169.29779916943977,166.65481825491335,169.14117431640625,62527400,AAPL
2022-02-16,168.22100455291906,169.67953027359678,166.45901263665095,168.90621948242188,61177400,AAPL
2022-02-17,167.41828169802858,168.27970312361404,164.91234475439344,165.31369018554688,69589300,AAPL
2022-02-18,166.23384762062662,166.93862933962222,162.68049906023276,163.76705932617188,82772700,AAPL
2022-02-22,161.49607262837773,163.16996871038384,158.7258326412145,160.8500213623047,91162800,AAPL
2022-02-23,162.0442012768804,162.64132019491717,156.37647821597528,156.68972778320312,90009200,AAPL
2022-02-24,149.35790916683425,159.4110376690062,148.79015546543386,159.30335998535156,141147500,AAPL
2022-02-25,160.38012393186045,161.6330924831591,157.47284137265066,161.36880493164062,91974200,AAPL
2022-02-28,159.6166064975814,161.9267702066246,158.99990563300975,161.6331024169922,95056600,AAPL
2022-03-01,161.2219862371019,163.08187242749526,158.54964050687724,159.753662109375,83474400,AAPL
2022-03-02,160.91855062373517,163.82583387430233,159.50895693417934,163.042724609375,79724800,AAPL
2022-03-03,164.91233720332733,165.34304789639853,162.05400207433684,162.71963500976562,76678400,AAPL
2022-03-04,161.01640589639365,162.05401907314567,158.67687705595137,159.72427368164062,83737200,AAPL
2022-03-07,159.91026569329455,161.53521443024337,155.68148559760553,155.93600463867188,96418800,AAPL
2022-03-08,155.4661583222758,159.44041971330986,152.50992837199067,154.11529541015625,131148300,AAPL
2022-03-09,158.06996768709067,159.95921898709753,156.04368834876885,159.50892639160156,91454900,AAPL
2022-03-10,156.81701649151432,157.00300660733848,152.6861300144377,155.17250061035156,105342000,AAPL
2022-03-11,155.57379764949783,155.91641251914996,151.23735509056115,151.46249389648438,96970100,AAPL
2022-03-14,148.2517595892854,150.86537421208124,146.9302771053436,147.4392852783203,108732100,AAPL
2022-03-15,147.713390079557,152.28478532825997,147.20438184151632,151.81491088867188,92964300,AAPL
2022-03-16,153.73353879751855,156.6212399212536,151.19823606106897,156.2198944091797,102300200,AAPL
2022-03-17,155.2605702418383,157.60009906528276,154.30126947324382,157.22811889648438,75615400,AAPL
2022-03-18,157.1204572234023,161.00662274780382,156.38629519642316,160.51718139648438,123511700,AAPL
2022-03-21,160.05708320205216,162.83712104497158,159.56764191840216,161.88760375976562,95811400,AAPL
2022-03-22,162.01484532225444,165.8422796739602,161.42752475473955,165.2549591064453,81532000,AAPL
2022-03-23,164.44252537221885,168.99432437394225,164.1096938716203,166.6156463623047,98062700,AAPL
2022-03-24,167.4476727675763,170.46263328488442,166.61563143205333,170.3941192626953,90131400,AAPL
2022-03-25,170.20810721060892,171.578536843318,169.10196511927478,171.03036499023438,80546200,AAPL
2022-03-28,168.53420969754978,172.019029244763,168.36780145361686,171.89178466796875,90371900,AAPL
2022-03-29,172.95877935054617,175.22977935165113,172.6161644453855,175.18084716796875,100589400,AAPL
2022-03-30,174.77948791199498,175.8171010585222,172.96854916161706,174.01596069335938,92633200,AAPL
2022-03-31,174.0844391076412,174.27042914993993,170.7170813260805,170.9226531982422,103049300,AAPL
2022-04-01,170.35495761395958,171.18701389593227,168.30909632537671,170.62904357910156,78751300,AAPL
2022-04-04,170.88357292891146,174.720791608407,170.75631338866327,174.67184448242188,76468400,AAPL
2022-04-05,173.7516811601631,174.53479031608524,170.73672061862993,171.3632049560547,73401800,AAPL
2022-04-06,168.72023795719042,169.96342328033663,166.53733352192953,168.20143127441406,89058800,AAPL
2022-04-07,167.54556668896316,169.69910564386342,166.26323274049562,168.50486755371094,77594700,AAPL
2022-04-08,168.15249864853052,168.15249864853052,165.62697904501124,166.49818420410156,76575500,AAPL
2022-04-11,165.14726983208973,165.46050445879015,162.00505049807634,162.24977111816406,72246700,AAPL
2022-04-12,164.47187468621496,166.28279871101802,163.12101178667447,164.11947631835938,79265200,AAPL
2022-04-13,163.85514371182387,167.4280589196407,163.24824133176645,166.80157470703125,70618900,AAPL
2022-04-14,167.01699285102723,167.65327568742538,161.55482456714066,161.79954528808594,75329400,AAPL
2022-04-18,160.45844346214486,163.08185675186522,160.11584349387897,161.58416748046875,69023900,AAPL
2022-04-19,161.53522902332887,164.27610359926777,160.44866861751814,163.86495971679688,67723800,AAPL
2022-04-20,165.19623667762264,165.31371275678185,162.59242008519655,163.69854736328125,67929800,AAPL
2022-04-21,165.34303171267726,167.90769885113028,162.40638447815172,162.90560913085938,87227800,AAPL
2022-04-22,162.94482378114378,164.3250370614869,158.08955892864606,158.37342834472656,84882400,AAPL
2022-04-25,157.71755627231695,159.72426854560663,155.113739965227,159.44039916992188,96046400,AAPL
2022-04-26,158.82370741856425,158.91180327087787,153.41048764569481,153.48880004882812,95623200,AAPL
2022-04-27,152.61762090114706,156.41567600749497,152.0988142121799,153.26368713378906,88063200,AAPL
2022-04-28,155.88707729102597,161.04579354437072,155.57382764277364,160.1843719482422,130216800,AAPL
2022-04-29,158.4223359956449,162.69026417943107,153.92926902509257,154.32081604003906,131747600,AAPL
2022-05-02,153.40069487713816,154.88858563658798,150.0333364297974,154.62429809570312,123055300,AAPL
2022-05-03,154.8102670522691,157.31621889046943,153.01892515604405,156.1121826171875,88966500,AAPL
2022-05-04,156.29818841895514,162.964376768375,155.8968429541357,162.51409912109375,108256500,AAPL
2022-05-05,160.38994926297363,160.6150881198339,151.67788357069364,153.45945739746094,130525300,AAPL
2022-05-06,152.93986371222095,156.3023722983105,151.14587460582203,154.18487548828125,116124600,AAPL
2022-05-09,151.88108159062776,152.763379211531,148.50879088738637,149.06756591796875,131577900,AAPL
2022-05-10,152.45954000160515,153.65553292727364,149.92049701176046,151.4694061279297,115366700,AAPL
2022-05-11,150.47925033829725,152.39087300235883,142.9405806152843,143.61700439453125,142689800,AAPL
2022-05-12,139.96039053030978,143.32288335129687,136.06851615454784,139.7545166015625,182602000,AAPL
2022-05-13,141.74456868725608,145.18550397266762,140.29369821646105,144.21498107910156,113990900,AAPL
2022-05-16,142.68571610317943,144.616949555646,141.34266624082053,142.6759033203125,86643800,AAPL
2022-05-17,145.93054340694096,146.82263885480765,143.79343645262884,146.30307006835938,78336300,AAPL
2022-05-18,143.96009966859182,144.46005783667513,137.14685888931075,138.04876708984375,109742900,AAPL
2022-05-19,137.127274568989,138.87224434894858,133.91182362893935,134.64706420898438,136095600,AAPL
2022-05-20,136.3528207232791,137.93113785871375,130.00034593006458,134.88233947753906,137426100,AAPL
2022-05-23,135.07838767461445,140.4407432989188,134.94114336987113,140.293701171875,117726300,AAPL
2022-05-24,138.03898075989613,139.17615657107172,134.62746828487894,137.59783935546875,104132700,AAPL
2022-05-25,135.7058176181396,138.99969650386015,135.61759232548434,137.75469970703125,92482700,AAPL
2022-05-26,134.68629593603174,141.49952360823445,134.44121569632296,140.95054626464844,90601500,AAPL
2022-05-27,142.5288422380691,146.73441193920726,142.4013957458045,146.69520568847656,90978500,AAPL
2022-05-31,146.13644955191023,147.69515625482543,143.95032308788612,145.9109649658203,103718400,AAPL
2022-06-01,146.95009283292427,148.75389460714223,144.7737792988703,145.7835235595703,74286600,AAPL
2022-06-02,144.9208398093746,148.2931460840145,143.96992734384497,148.2343292236328,72348100,AAPL
2022-06-03,144.00911981753086,145.05807025566116,141.61714962601158,142.51904296875,88570300,AAPL
2022-06-06,144.13658414441952,145.64628674294468,142.04849579123675,143.26409912109375,71598400,AAPL
2022-06-07,141.50932395629872,146.06781003090646,141.26424373812605,145.7835235595703,67808200,AAPL
2022-06-08,145.6560729457736,146.9206802540853,144.55811838609154,145.04827880859375,53950200,AAPL
2022-06-09,144.18560463111925,145.0384790561678,139.72514139394366,139.83297729492188,69473000,AAPL
2022-06-10,137.51944785790386,137.9899978151303,134.3628126010876,134.4314422607422,91437900,AAPL
2022-06-13,130.2552525242583,132.53940235521404,128.85340060932865,129.2847442626953,122207100,AAPL
2022-06-14,130.51009821175379,131.25513655089347,128.89256009857948,130.14736938476562,84784300,AAPL
2022-06-15,131.64729675078482,134.63727870714717,129.55922325217023,132.76486206054688,91533000,AAPL
2022-06-16,129.48076322339185,129.78466025494586,126.50057984100815,127.5005111694336,108123900,AAPL
2022-06-17,127.51036998343507,130.46113104749855,127.25547692933145,128.97103881835938,134520300,AAPL
2022-06-21,130.79442925101708,134.36279718069025,130.69640612370614,133.1962127685547,81000500,AAPL
2022-06-22,132.13743964836019,135.04899374439105,131.27476747959807,132.68643188476562,73409200,AAPL
2022-06-23,134.1275183400123,135.86267563561398,132.96093402675356,135.54898071289062,72433800,AAPL
2022-06-24,137.14689423988725,139.1173489130396,137.01946268880786,138.8722686767578,89116800,AAPL
2022-06-27,139.89179587794544,140.6662578013618,138.19584483125837,138.8722686767578,70207900,AAPL
2022-06-28,139.3330131628478,140.59762053174873,134.61767206581916,134.7353057861328,67083400,AAPL
2022-06-29,134.75490940956817,137.90173093297278,133.98044756827542,136.4900665283203,66242400,AAPL
2022-06-30,134.5490488814723,135.64700354645933,131.13753620204082,134.02947998046875,98964500,AAPL
2022-07-01,133.36285690870372,136.3038197907336,132.9903451154339,136.19598388671875,71051600,AAPL
2022-07-05,135.05880629688934,138.82323473193733,134.2353254229341,138.7742156982422,73353800,AAPL
2022-07-06,138.56838663745515,141.28386518046202,138.3036957651199,140.10748291015625,74064300,AAPL
2022-07-07,140.4701612232241,143.66601661315485,140.46036340026106,143.46995544433594,66253700,AAPL
2022-07-08,142.40140757015126,144.64635079248632,142.1465295229667,144.14637756347656,64547800,AAPL
2022-07-11,142.80331779694055,143.75423009408246,140.95051223046443,142.01905822753906,63141600,AAPL
2022-07-12,142.89158593841137,145.52865186539117,142.19556639366533,142.9896240234375,77588800,AAPL
2022-07-13,140.17605986446435,143.56796105129766,139.32317069836506,142.62686157226562,71185600,AAPL
2022-07-14,141.2446104323155,146.01876752832248,140.43094244372892,145.5482177734375,78140700,AAPL
2022-07-15,146.8324886136038,147.89123716383364,145.28357952855526,147.21481323242188,76259900,AAPL
2022-07-18,147.77358792071823,148.58725611818477,143.8130828380742,144.17581176757812,81420900,AAPL
2022-07-19,145.0090375439563,148.25389669881054,144.01891901249385,148.02842712402344,82982400,AAPL
2022-07-20,148.14609070693865,150.6949310490213,147.41085002655058,150.02830505371094,64823400,AAPL
2022-07-21,151.45956799212024,152.50851845862235,148.94994906470606,152.2928466796875,65086600,AAPL
2022-07-22,152.33208328648058,153.2045683993023,150.39105184778396,151.0576629638672,66675400,AAPL
2022-07-25,150.97921649648936,151.9889458272938,149.28326552705713,149.94007873535156,53623900,AAPL
2022-07-26,149.2636538636445,150.07732200029463,147.83239373585778,148.6166534423828,55138700,AAPL
2022-07-27,149.5773707705413,154.2338952339947,149.1656377708993,153.7045135498047,78620700,AAPL
2022-07-28,153.89078059336344,154.53779601902812,151.37136349671525,154.25350952148438,81378700,AAPL
2022-07-29,158.06695385906744,160.40992030893383,156.36119003723385,159.31195068359375,101786900,AAPL
2022-08-01,157.84144361325252,160.37067302404677,157.72380990621818,158.33160400390625,67829400,AAPL
2022-08-02,156.94940053816907,159.21393969022574,156.48864846428177,156.8611602783203,59907000,AAPL
2022-08-03,157.67481177613547,163.311657015849,157.58658648416494,162.8607177734375,82507500,AAPL
2022-08-04,162.7430582477967,163.89984462441896,161.19414951620604,162.5469970703125,55474100,AAPL
2022-08-05,160.22039768650808,162.8120387299593,160.0142377831412,162.32119750976562,56697000,AAPL
2022-08-08,163.32254540690658,164.7361708864107,161.19229575323052,161.8500213623047,60276900,AAPL
2022-08-09,161.0156004495246,162.78263230320212,160.25970057725633,161.89910888671875,63135500,AAPL
2022-08-10,164.60853143111325,166.23812814464867,163.8428202002786,166.1399688720703,70170500,AAPL
2022-08-11,166.94492022851418,167.85789272456063,165.10917878344554,165.4036865234375,57149200,AAPL
2022-08-12,166.70936592550703,169.01631131920942,166.2970460032489,168.94760131835938,68039400,AAPL
2022-08-15,168.3782005294128,170.21394216296972,168.21131628811554,170.01760864257812,54091700,AAPL
2022-08-16,169.61512926108554,170.52810192661653,168.51564947224608,169.8605499267578,56377100,AAPL
2022-08-17,169.60531301748716,172.92339013736907,169.4089794863745,171.3527069091797,79542000,AAPL
2022-08-18,170.56735491708034,171.6962839363271,169.94889007422466,170.96002197265625,62290100,AAPL
2022-08-19,169.8605242913159,170.5575254675204,168.1720291679761,168.37818908691406,70346300,AAPL
2022-08-22,166.58172694573366,166.74861119438174,164.07843325743647,164.5005645751953,69026800,AAPL
2022-08-23,164.0195321647684,165.6196796113523,163.5974008535258,164.16677856445312,54147100,AAPL
2022-08-24,164.25514348994625,165.03066617037743,163.2047358944321,164.46128845214844,53841500,AAPL
2022-08-25,165.688378388784,167.02346724627097,165.2662620854037,166.9154815673828,51218200,AAPL
2022-08-26,167.44561591056575,167.91681938586046,160.56401098389765,160.62290954589844,78961000,AAPL
2022-08-29,158.19815240165843,159.91609703205498,156.89252766433086,158.4239501953125,73314000,AAPL
2022-08-30,159.16019500251252,159.58231130465205,154.8309714061125,155.99917602539062,77906200,AAPL
2022-08-31,157.37349807256936,157.63855650622187,154.26156676243244,154.34010314941406,87991100,AAPL
2022-09-01,153.77076113952282,155.5181549609377,151.83684522830168,155.06658935546875,74229900,AAPL
2022-09-02,156.82379496598037,157.42262194968552,152.13135334781393,152.95596313476562,76957800,AAPL
2022-09-06,153.6039147326612,154.2125532983426,150.87483764363054,151.69944763183594,73714800,AAPL
2022-09-07,151.9841081371773,153.80021196934476,150.79626559392008,153.1032257080078,87449600,AAPL
2022-09-08,151.8074024718103,153.49589780674214,149.88329791132227,151.63070678710938,84923800,AAPL
2022-09-09,152.62222024249937,154.92918072545984,151.91540745534934,154.48741149902344,68028800,AAPL
2022-09-12,156.66672837890903,161.25118449428555,156.38204700518378,160.43638610839844,104956000,AAPL
2022-09-13,156.97105902298662,157.59933535695706,150.56067213786505,151.02206420898438,122656600,AAPL
2022-09-14,151.95463927472932,154.22233860679495,150.79626102566698,152.46511840820312,87965400,AAPL
2022-09-15,151.81721471946022,152.3964188629796,148.60712326254628,149.5789794921875,90481100,AAPL
2022-09-16,148.44022763272653,148.57766259301448,145.65223775657734,147.93955993652344,162278800,AAPL
2022-09-19,146.57501740526791,151.7288507316376,146.36887246061372,151.6503143310547,81474200,AAPL
2022-09-20,150.59011171978128,155.18439428665013,150.27598106267698,154.0260009765625,107689800,AAPL
2022-09-21,154.45792171393398,155.83228620825895,150.78643873263653,150.90423583984375,101696800,AAPL
2022-09-22,149.588778163199,151.64049091114813,148.1457037475465,149.9421844482422,86652500,AAPL
2022-09-23,148.42061851178616,148.69548848555903,145.83878806603744,147.67453002929688,96029900,AAPL
2022-09-26,146.91861726875362,150.95333323742267,146.8989794231201,148.00828552246094,93339400,AAPL
2022-09-27,149.9422080635759,151.88593544780034,147.20330517830297,148.9801483154297,84442700,AAPL
2022-09-28,144.93562286555536,147.8806707549768,142.1869085062377,147.09532165527344,146691400,AAPL
2022-09-29,143.42383363893248,144.03247205665744,138.1031007730531,139.87013244628906,128138200,AAPL
2022-09-30,138.69210195416497,140.4787712884576,135.47218456289696,135.66851806640625,124925300,AAPL
2022-10-03,135.67837316238783,140.44935170481597,135.16789396191245,139.8406982421875,114311700,AAPL
2022-10-04,142.37345088895668,143.54165578156733,141.61755096209856,143.42385864257812,87830100,AAPL
2022-10-05,141.43100052371705,144.6803670999918,140.39040452379436,143.7183074951172,79471000,AAPL
2022-10-06,143.13912691743977,144.8374334955695,142.5599378213271,142.76608276367188,68402200,AAPL
2022-10-07,139.9290298735793,140.47878470691822,136.8956342636469,137.52391052246094,85925600,AAPL
2022-10-10,137.84786987304688,139.29094450363405,136.03176603772727,137.84786987304688,74899000,AAPL
2022-10-11,137.337365394685,138.76081689569904,135.68814610919395,136.43421936035156,77033700,AAPL
2022-10-12,136.58150689181417,137.78897231294513,135.62927355780315,135.80596923828125,70433700,AAPL
2022-10-13,132.51735724415704,140.95981974279604,131.90870376504793,140.37081909179688,113224000,AAPL
2022-10-14,141.66661609125816,141.87277603175662,135.65872326737428,135.84524536132812,88598000,AAPL
2022-10-17,138.48595592005591,140.28242169324201,137.70060693296034,139.80140686035156,85250900,AAPL
2022-10-18,142.825015544548,144.0128431743189,138.03439937209953,141.11688232421875,99136600,AAPL
2022-10-19,139.09460416043055,142.2948839097448,138.9080820775627,141.224853515625,61758300,AAPL
2022-10-20,140.40024050696854,143.21766459219867,140.0370077826972,140.76345825195312,64522000,AAPL
2022-10-21,140.2530052619691,145.14179598739213,140.03703386545854,144.57241821289062,86548600,AAPL
2022-10-24,144.49391115229145,147.47822063326248,143.32570608273846,146.71250915527344,75981900,AAPL
2022-10-25,147.34069898538402,149.69674559166967,146.62407507055755,149.5494842529297,74732300,AAPL
2022-10-26,148.19481318791426,149.20594507644813,145.32828678897533,146.6143035888672,88194300,AAPL
2022-10-27,145.35775035197634,146.31979510961392,141.48991849585923,142.14764404296875,109180200,AAPL
2022-10-28,145.48538668963585,154.61503964551486,145.11235741482145,152.8872833251953,164762400,AAPL
2022-10-31,150.35452378899333,151.41474288743174,149.13723186575905,150.53121948242188,97943200,AAPL
2022-11-01,152.23930254891707,152.60252022961126,146.39829548886178,147.89044189453125,80379300,AAPL
2022-11-02,146.22163806624556,149.3826576212183,142.34399432027527,142.37344360351562,93604600,AAPL
2022-11-03,139.45783369878677,140.1842842462697,136.2084665510831,136.33609008789062,97918500,AAPL
2022-11-04,139.71866273149064,140.28898493787645,132.1373429796548,136.07058715820312,140814800,AAPL
2022-11-07,134.8217569283286,136.82770454508952,133.40578684396397,136.60154724121094,83374600,AAPL
2022-11-08,138.06672226567503,139.069688836373,135.19545550623369,137.17190551757812,89908500,AAPL
2022-11-09,136.18857977969958,136.23774833279379,132.3438299914245,132.61915588378906,74917800,AAPL
2022-11-10,138.88286812786214,144.4188995361328,137.171901375878,144.4188995361328,118854000,AAPL
2022-11-11,143.38642351170455,147.50648417895965,141.96061049585242,147.20166015625,93979700,AAPL
2022-11-14,146.4838305708861,147.77196548965426,144.9695233350431,145.8053436279297,73374100,AAPL
2022-11-15,149.67963703147598,151.02676861885655,146.08071431905194,147.5360107421875,89868300,AAPL
2022-11-16,146.6411608430867,147.36880131400713,144.83185736513215,146.30682373046875,64218300,AAPL
2022-11-17,143.98623783804743,148.95196191687904,143.71091192910288,148.20465087890625,80389400,AAPL
2022-11-18,149.76811828911318,150.15160903599656,147.46717380781297,148.76513671875,74829600,AAPL
2022-11-21,147.65398361312236,147.86047052115927,145.25470236836378,145.53985595703125,58724100,AAPL
2022-11-22,145.65788443814483,147.909660354169,144.47789906303868,147.6736602783203,51804100,AAPL
2022-11-23,146.95583870512687,149.29612388958984,146.84767388557262,148.54881286621094,58301400,AAPL
2022-11-25,145.83487333926465,146.3953678932279,144.66473067745702,145.63821411132812,35195900,AAPL
2022-11-28,142.7177546502144,144.19272111621666,140.9871327315936,141.8131103515625,69246000,AAPL
2022-11-29,141.8819361067611,142.39326202258005,138.00770341068628,138.8140106201172,83763800,AAPL
2022-11-30,139.04019702693043,146.23804217919428,138.20439151332914,145.55955505371094,111380900,AAPL
2022-12-01,145.73656252403373,146.64120704597443,144.16325857031342,145.8348846435547,71250400,AAPL
2022-12-02,143.5240993516398,145.53004745802465,143.2192602974079,145.3432159423828,65447400,AAPL
2022-12-05,145.30389650239576,148.40132070138284,143.33727415278167,144.18292236328125,68826400,AAPL
2022-12-06,144.61555599946504,144.84171332835018,139.55149534602168,140.5249786376953,64727200,AAPL
2022-12-07,139.8170142991394,140.97731424983792,137.66356048798676,138.58787536621094,69721100,AAPL
2022-12-08,139.9841640195035,141.12480845757423,138.7451974772698,140.26931762695312,62128300,AAPL
2022-12-09,139.9644643389149,143.14056922258405,138.54849429856367,139.7874755859375,76097000,AAPL
2022-12-12,140.31847817047847,142.0884409898644,138.7058487137347,142.07861328125,70462700,AAPL
2022-12-13,147.00502505789572,147.46718252429508,141.8328135242381,143.0422821044922,93886200,AAPL
2022-12-14,142.92427726159215,144.21241242784126,138.80420126905452,140.8199920654297,82291200,AAPL
2022-12-15,138.7550029778536,139.43348990576752,133.7597817593244,134.22193908691406,98931900,AAPL
2022-12-16,134.4087776749108,135.35274779526193,131.49817062820333,132.26515197753906,160156900,AAPL
2022-12-19,132.8551509782634,132.94364536804903,129.12840885731634,130.16087341308594,79592600,AAPL
2022-12-20,129.19725476241064,131.02621414919912,127.72228799900502,130.09207153320312,77432800,AAPL
2022-12-21,130.76068907847488,134.52677190815584,130.53453175568677,133.18946838378906,85928000,AAPL
2022-12-22,132.10786913644063,132.31435609146064,128.12545567267372,130.0232391357422,77852100,AAPL
2022-12-23,128.73510883960984,130.21007573511977,127.47647162243918,129.659423828125,63814900,AAPL
2022-12-27,129.18740783707491,129.2169059676245,126.57179689801647,127.85993194580078,69007800,AAPL
2022-12-28,127.50594763388183,128.84325132058044,123.76936998157427,123.93653106689453,85438400,AAPL
2022-12-29,125.85396352811901,128.3024056373649,125.59830808842075,127.44692993164062,75703700,AAPL
2022-12-30,126.26699731697423,127.78128999342299,125.30334902080124,127.7616195678711,77034200,AAPL
2023-01-03,128.10576142344397,128.71540946850325,122.09773035328112,122.98271179199219,112117500,AAPL
2023-01-04,124.77235918676689,126.51282423450827,122.99256829233606,124.25120544433594,89113600,AAPL
2023-01-05,125.0083349534918,125.63765344479737,122.67789249421179,122.93354797363281,80962700,AAPL
2023-01-06,123.90701107409377,128.11557310740474,122.80570014344461,127.45675659179688,87754700,AAPL
2023-01-09,128.2925719576192,131.18350835097178,127.72224984563988,127.9779052734375,70790800,AAPL
2023-01-10,128.08609090104719,129.06940194282927,125.98180587179891,128.54824829101562,63896200,AAPL
2023-01-11,129.0595847172529,131.28186245070447,128.28277553296553,131.26220703125,69458900,AAPL
2023-01-12,131.6457054280313,132.019353473187,129.2464237509339,131.1835479736328,71379600,AAPL
2023-01-13,129.82653652186355,132.66830441383743,129.4627162913207,132.51097106933594,57809700,AAPL
2023-01-17,132.57984966159466,134.99878678874634,131.89153482883353,133.67132568359375,63646600,AAPL
2023-01-18,134.5366071318126,136.29672707490226,132.776472184589,132.95347595214844,69672800,AAPL
2023-01-19,131.842384585488,133.9761683655657,131.53756047463978,133.0125274658203,58280400,AAPL
2023-01-20,133.02230476612493,135.71658218378784,131.97999755468973,135.56907653808594,80223600,AAPL
2023-01-23,135.81494462926892,140.92817511679004,135.59861495460586,138.7550506591797,81760300,AAPL
2023-01-24,137.9683697007518,140.77081216801105,137.95854199183503,140.1513214111328,66435100,AAPL
2023-01-25,138.53869500355867,140.0529874380773,136.49340619294276,139.4925079345703,65799300,AAPL
2023-01-26,140.78064047196506,141.8426182007582,139.53183124401355,141.55746459960938,54105100,AAPL
2023-01-27,140.77082215722044,144.77289057415175,140.69215546789684,143.4945831298828,70555800,AAPL
2023-01-30,142.54077586673455,143.12092578303154,140.46598895897412,140.6134796142578,64015300,AAPL
2023-01-31,140.31849689379183,141.93112656571586,139.90550801485074,141.8819580078125,65874500,AAPL
2023-02-01,141.56730384751015,144.16324461699494,138.961535368266,143.0029296875,77663600,AAPL
2023-02-02,146.41502317640206,148.65697138188685,145.6972102432423,148.30299377441406,118339000,AAPL
2023-02-03,145.5595309829737,154.75349514117664,145.36287177724367,151.9215545654297,154357300,AAPL
2023-02-06,150.02377712562708,150.54493079230497,148.26364190831887,149.19778442382812,69858300,AAPL
2023-02-07,148.12597415973434,152.63936822302708,148.12597415973434,152.0690460205078,83322600,AAPL
2023-02-08,151.31189384284664,152.00020850727236,148.64711456554969,149.3845977783203,64120100,AAPL
2023-02-09,151.213581264491,151.75440537570756,147.9096553354024,148.35214233398438,56007100,AAPL
2023-02-10,147.19009004770194,149.04152741969745,146.95372962642622,148.71653747558594,57450700,AAPL
2023-02-13,148.65743217523777,151.91715888947925,148.62788900472555,151.51339721679688,62199000,AAPL
2023-02-14,149.80967642706798,151.4346261088162,148.568818055862,150.87327575683594,61707600,AAPL
2023-02-15,150.78460186711027,153.13830250713502,150.55809926068437,152.97088623046875,65573800,AAPL
2023-02-16,151.17854429955682,153.95572244720177,151.02098573800205,151.37551879882812,68167900,AAPL
2023-02-17,150.03617955770974,150.67630162569367,148.55896091432058,150.23313903808594,59144100,AAPL
2023-02-21,147.91880821074704,149.0021077790729,146.15600076088242,146.2249298095703,58867200,AAPL
2023-02-22,146.60902132895072,147.67262055430007,144.9250004924314,146.64842224121094,51011300,AAPL
2023-02-23,147.81048914517564,148.05669224456878,145.00378282832062,147.13096618652344,48394200,AAPL
2023-02-24,144.87574571223192,144.95453250364176,143.50685714395402,144.48182678222656,55469600,AAPL
2023-02-27,145.46665970602933,146.90447752822308,145.21059884097443,145.6734619140625,44998500,AAPL
2023-02-28,144.81665531660641,146.81582313308783,144.5999954030627,145.1711883544922,50547000,AAPL
2023-03-01,144.60000744430354,144.9939263960711,142.80764165155819,143.10308837890625,55479000,AAPL
2023-03-02,142.1872231725768,144.481837933212,141.71450238763347,143.69398498535156,52238100,AAPL
2023-03-03,145.79161175732688,148.8149928448926,145.0924034132026,148.7362060546875,70732300,AAPL
2023-03-06,151.4542819528968,153.9261705239575,151.12930710707832,151.49368286132812,87558000,AAPL
2023-03-07,151.3656431408717,151.69063299374776,148.83468341689917,149.29754638671875,56182000,AAPL
2023-03-08,150.48916195859897,151.13914166926784,149.52405013269365,150.54824829101562,47204800,AAPL
2023-03-09,151.22782749973814,152.19293968514444,147.94839958565268,148.3029327392578,53833600,AAPL
2023-03-10,147.92871088177273,148.64761988981078,145.36819204822754,146.2446746826172,68572400,AAPL
2023-03-13,145.56511831219402,150.81417020284252,145.4567883472071,148.18472290039062,84457100,AAPL
2023-03-14,148.98242012042218,151.07021762009597,147.82034869008896,150.27252197265625,73695900,AAPL
2023-03-15,148.89380784086057,150.92251923505987,147.64309172837056,150.66647338867188,77167900,AAPL
2023-03-16,149.84904194741503,154.08373780814682,149.33693534803646,153.48300170898438,76161100,AAPL
2023-03-17,153.70954970993674,154.35952962100535,151.9368840556802,152.6459503173828,98944600,AAPL
2023-03-20,152.71487589238697,155.42311016638172,151.80883520237765,155.0094757080078,73641400,AAPL
2023-03-21,154.93070734117964,156.9791040860205,154.16253977805687,156.86093139648438,73938300,AAPL
2023-03-22,156.8805976022137,159.67746084227036,155.41322191031108,155.43292236328125,75701800,AAPL
2023-03-23,156.41774787367245,159.09643867673987,155.28520465118157,156.51622009277344,67622100,AAPL
2023-03-24,156.44731907052963,157.9048374069247,155.4526638252611,157.8162078857422,59196500,AAPL
2023-03-27,157.51087533277843,158.32827131215595,155.47230674076903,155.87608337402344,52390300,AAPL
2023-03-28,155.57079288605044,156.08289946543738,153.61101109186916,155.25564575195312,45992200,AAPL
2023-03-29,156.94956160428092,158.60405440029712,156.92987617396892,158.32830810546875,51305700,AAPL
2023-03-30,159.07676882534926,160.0024950198449,158.8207229739758,159.8941650390625,49501700,AAPL
2023-03-31,159.9729235769942,162.4940408365555,159.45097422374334,162.3955535888672,68749800,AAPL
2023-04-03,161.77514833228696,163.76445869825218,161.7259047034759,163.6462860107422,56976200,AAPL
2023-04-04,164.06975594835677,164.30610131295074,162.60238002597387,163.11448669433594,46278300,AAPL
2023-04-05,162.2379998945446,162.54328933366952,159.34264903941414,161.2728729248047,51511700,AAPL
2023-04-06,159.96306777674639,162.45465692468338,159.5396056660462,162.15921020507812,45390100,AAPL
2023-04-10,158.96843186504725,159.5691680908203,157.6487867222166,159.5691680908203,47716900,AAPL
2023-04-11,159.88431146406083,159.89415417908276,158.07224508795338,158.35784912109375,47644200,AAPL
2023-04-12,158.77148810772155,159.5987270827998,157.35335556356011,157.6685028076172,50133100,AAPL
2023-04-13,159.17521196081944,163.28187732223762,158.96839477228292,163.04551696777344,68445600,AAPL
2023-04-14,162.0902423767061,163.79397836508667,161.33194777417597,162.70083618164062,49386500,AAPL
2023-04-17,162.58270789230806,162.87815467656333,161.53880894471416,162.7205810546875,41516200,AAPL
2023-04-18,163.57733566867122,164.86743742961687,163.13415809407996,163.94171142578125,49923000,AAPL
2023-04-19,163.2819281451353,165.60608642613127,163.02586725800396,165.08413696289062,47720200,AAPL
2023-04-20,163.56749547193866,165.32046042282218,163.04554607797024,164.11898803710938,52456400,AAPL
2023-04-21,162.5432913390932,163.9220227028112,161.991798793606,162.5137481689453,58337300,AAPL
2023-04-24,162.49405610505224,163.0849495926161,161.40091367199096,162.8190460205078,41949600,AAPL
2023-04-25,162.68116189989732,163.78414697340926,161.24332919160244,161.28273010253906,48714100,AAPL
2023-04-26,160.58350725145092,162.76979197769046,160.32746143764658,161.2728729248047,45498800,AAPL
2023-04-27,162.68115222078845,165.99996498511996,162.68115222078845,165.8522491455078,64902300,AAPL
2023-04-28,165.93103698503495,167.2703823718156,165.33030085507355,167.1029510498047,55275900,AAPL
2023-05-01,166.70902333840385,167.86125191507637,166.07874407354768,167.01431274414062,52472900,AAPL
2023-05-02,167.50671716698386,167.76277797719564,164.99544284655173,165.98025512695312,48425700,AAPL
2023-05-03,166.9256982160475,168.32412999077732,164.62124085601573,164.90682983398438,65136000,AAPL
2023-05-04,162.3857237588548,164.50306450874902,161.81453073644045,163.2720489501953,81235400,AAPL
2023-05-05,168.3832383689214,171.65282310766082,168.1665784150509,170.9339141845703,113453200,AAPL
2023-05-08,169.86043164324718,171.20963479482143,169.49605587870553,170.8649444580078,55962800,AAPL
2023-05-09,170.42178299192224,170.90433143409618,168.99380806621033,169.16122436523438,45326900,AAPL
2023-05-10,170.3922648627901,171.38692008917508,169.28926463206565,170.92405700683594,53724500,AAPL
2023-05-11,171.2096322648924,171.9383837832071,169.55513971049686,171.11114501953125,49514700,AAPL
2023-05-12,171.2196142676148,171.6535334613317,168.63584185680983,170.18414306640625,45533100,AAPL
2023-05-15,170.76601261404946,170.815324358024,169.09937498339835,169.6910858154297,37266700,AAPL
2023-05-16,169.61219003463674,170.74628490689332,169.42481443623242,169.6910858154297,42110300,AAPL
2023-05-17,169.3360433616003,170.53916250241704,168.06386972955488,170.302490234375,57951600,AAPL
2023-05-18,170.60819152451643,172.81722786089622,170.19400003291315,172.62985229492188,65496700,AAPL
2023-05-19,173.9513327998332,173.9513327998332,172.5213826746833,172.73834228515625,55809500,AAPL
2023-05-22,171.57465110395842,172.2945693897219,171.05197977463047,171.79161071777344,43570900,AAPL
2023-05-23,170.73639628329747,170.98293990870613,168.91196743614205,169.18809509277344,50747300,AAPL
2023-05-24,168.7245872835419,170.03620114077688,168.16247565777167,169.46421813964844,45143500,AAPL
2023-05-25,170.02637505144457,171.49576564962197,169.31632809947834,170.59835815429688,56058300,AAPL
2023-05-26,170.92377905521317,173.3399036765556,170.7166757800904,173.0045928955078,54835000,AAPL
2023-05-30,174.5134895983742,176.51542312806916,174.1288820495124,174.84878540039062,55964400,AAPL
2023-05-31,174.87833424607143,176.87041104464083,174.3162075312564,174.7994384765625,99625300,AAPL
2023-06-01,175.24323239604442,177.62977324467488,174.4838737017158,177.60018920898438,68901800,AAPL
2023-06-02,178.52718373632618,179.2668146743205,176.78165050926717,178.4482879638672,61996900,AAPL
2023-06-05,180.10507993454968,182.3929972823034,175.57852688511534,177.0972442626953,121946500,AAPL
2023-06-06,177.4818481362361,177.62976831057978,174.97695616659206,176.73236083984375,64848400,AAPL
2023-06-07,175.9730110061888,178.70471906299082,174.86850018805862,175.36158752441406,61944600,AAPL
2023-06-08,175.44044804834044,178.3398036598064,175.00654388250445,178.07354736328125,50214900,AAPL
2023-06-09,178.99068805786467,179.71059129506313,178.13272098000036,178.45816040039062,48900000,AAPL
2023-06-12,178.76388932505995,181.34766218390052,178.468033910057,181.24903869628906,54274900,AAPL
2023-06-13,180.272706433175,181.60403301510047,179.91768300176238,180.77565002441406,54929100,AAPL
2023-06-14,180.8348467124019,181.84074910193183,179.50351991974284,181.40682983398438,57462900,AAPL
2023-06-15,181.4167083517838,183.9413132306641,181.23918907707676,183.4383544921875,65433200,AAPL
2023-06-16,184.14837692000424,184.40479194393566,181.72239585614398,182.3634033203125,101256200,AAPL
2023-06-20,181.86048315364175,183.52712083284334,181.86048315364175,182.45217895507812,49799100,AAPL
2023-06-21,182.34369383727915,182.84665255889604,180.06563271508736,181.4167022705078,49515700,AAPL
2023-06-22,181.1997036995518,184.46393880857786,181.13066426325057,184.4146270751953,51245300,AAPL
2023-06-23,182.98470820219737,184.96691381940127,182.45216546765664,184.0990753173828,53117000,AAPL
2023-06-26,184.24700235631448,185.4501365723536,182.6691169769034,182.7085723876953,48088700,AAPL
2023-06-27,183.31999439512526,185.78543087633778,183.10303478095216,185.45999145507812,50730800,AAPL
2023-06-28,185.33177206150037,187.27453708797546,185.0063477089331,186.63352966308594,51216800,AAPL
2023-06-29,186.46591313429835,187.44223149955704,186.3278492789131,186.96885681152344,46347300,AAPL
2023-06-30,188.9806243235532,191.79121262094537,188.61572952588827,191.28826904296875,85213200,AAPL
2023-07-03,191.10095251247643,191.19957601211152,189.1088751929476,189.79920959472656,31458200,AAPL
2023-07-05,188.92148652956726,190.31198136153697,187.98460856583768,188.68479919433594,46920300,AAPL
2023-07-06,187.21539208287066,189.36526064633148,186.5842409083175,189.1581573486328,45094300,AAPL
2023-07-07,188.76369580404943,190.0062704618662,187.60987325439862,188.0437774658203,46815000,AAPL
2023-07-10,186.6434031135775,187.36332142042107,184.4540942539423,186.0023956298828,59922200,AAPL
2023-07-11,186.5447607531038,186.6828245728434,184.0201565933923,185.4796905517578,46638100,AAPL
2023-07-12,187.05762565542406,189.04970293089204,185.8643625945321,187.14639282226562,60750200,AAPL
2023-07-13,187.86624506525828,188.5467078881079,187.15619821079162,187.9056854248047,41342300,AAPL
2023-07-14,187.59998771190843,188.53685056119244,187.00829198764853,188.0536346435547,41616200,AAPL
2023-07-17,189.2469126832782,191.6334686208352,189.1581605746784,191.3080291748047,50520200,AAPL
2023-07-18,190.6768691009351,191.64331601668746,189.75971887799713,191.05160522460938,48288200,AAPL
2023-07-19,190.4303301514657,195.48939585264796,189.9865395225249,192.40267944335938,80507300,AAPL
2023-07-20,192.39279363664537,193.75371936128715,189.83860510668907,190.45989990234375,59581200,AAPL
2023-07-21,191.41654880718175,192.2745161311102,188.58621669005007,189.28640747070312,71951700,AAPL
2023-07-24,190.73602285584008,192.21528467718613,189.59205676918674,190.08514404296875,45377800,AAPL
2023-07-25,190.65713123041024,191.75178560391285,190.2527960456413,190.943115234375,37283200,AAPL
2023-07-26,190.9924473358141,192.93521264770516,190.64729522856234,191.81097412109375,47471900,AAPL
2023-07-27,193.3099522093675,194.47363103189025,189.8879250921341,190.5486602783203,47460200,AAPL
2023-07-28,191.97862287270013,193.9115318637554,191.45595149688123,193.12258911132812,48291400,AAPL
2023-07-31,193.3493708168966,193.7734336784224,192.560428204252,193.73397827148438,38824100,AAPL
2023-08-01,193.52693454400202,194.01015053136803,192.58020018161,192.9056396484375,35175100,AAPL
2023-08-02,192.34346122833557,192.48152505166297,189.19757732195913,189.91748046875,50389300,AAPL
2023-08-03,188.9215022402868,189.71042999433632,188.0536636534335,188.5270233154297,61235200,AAPL
2023-08-04,182.95510234495143,184.78938756590674,179.4048680308995,179.47390747070312,115956800,AAPL
2023-08-07,179.61200164257014,180.59817633552169,174.8980878140883,176.37734985351562,97576100,AAPL
2023-08-08,177.205713919119,177.77769698523286,175.12488493894773,177.31419372558594,67823000,AAPL
2023-08-09,178.36938092489027,178.42854898853972,174.56274666920834,175.7264404296875,60378500,AAPL
2023-08-10,176.99860916334498,178.25105509162734,175.14461118800062,175.50949096679688,54686900,AAPL
2023-08-11,175.10464195853916,176.38838822312198,174.34425781198718,175.56875610351562,52036700,AAPL
2023-08-14,175.74650562753334,177.44501774834183,175.09474782272636,177.2178955078125,43675600,AAPL
2023-08-15,176.64511288490613,177.2376075606865,174.83797474088598,175.23297119140625,43622600,AAPL
2023-08-16,174.91701484938284,176.30938743269644,174.29488099061055,174.364013671875,46964900,AAPL
2023-08-17,174.9268647491592,175.29223725703497,171.31258808782235,171.8260955810547,66062900,AAPL
2023-08-18,170.14735612669347,172.9123770667114,169.8116075662743,172.30999755859375,61172200,AAPL
2023-08-21,172.88274314562352,173.92949746098708,171.56935789788312,173.6431121826172,46311900,AAPL
2023-08-22,174.84785755399471,175.46010661888187,174.04797988711957,175.01573181152344,42038900,AAPL
2023-08-23,176.28963972003098,179.2817827873095,176.10201110060572,178.85714721679688,52722800,AAPL
2023-08-24,178.41275636104422,178.83739189345877,173.81097351698816,174.17636108398438,54945800,AAPL
2023-08-25,175.16389608553052,176.91177162464882,173.62338845938785,176.37852478027344,51449600,AAPL
2023-08-28,177.8400250704037,178.33377827348758,176.31927183489213,177.93878173828125,43820700,AAPL
2023-08-29,177.45489519701718,182.5899254092932,177.25739693272806,181.81967163085938,53003900,AAPL
2023-08-30,182.62942352828824,185.50307057198083,182.43192527543482,185.30555725097656,60813900,AAPL
2023-08-31,185.4931879048022,186.75719481874472,185.13768501849643,185.52281188964844,60794500,AAPL
2023-09-01,187.12258052751662,187.54720101813678,185.92769123419916,187.09295654296875,45766500,AAPL
2023-09-05,185.92771395695013,187.60647191514923,185.26608644093676,187.32997131347656,45280000,AAPL
2023-09-06,186.04618648324464,186.4905763861184,179.20277485131902,180.62478637695312,81755800,AAPL
2023-09-07,172.9913289322691,175.98348658181322,171.37181936653653,175.3415985107422,112488800,AAPL
2023-09-08,176.12176201867752,177.98814840122637,175.56874581023814,175.95387268066406,65551300,AAPL
2023-09-11,177.82026144859472,178.0473836718388,175.1243584797436,177.11912536621094,58953100,AAPL
2023-09-12,177.24751388848827,177.87951732730735,172.6358612060169,174.0973663330078,90370200,AAPL
2023-09-13,174.30476112108144,175.0848996684252,171.80637096422893,172.03350830078125,84267900,AAPL
2023-09-14,171.82609096561458,173.89986015970092,171.4113401404273,173.5443572998047,60895800,AAPL
2023-09-15,174.27510652680778,174.29486087176767,171.6483512368518,172.82347106933594,109259500,AAPL
2023-09-18,174.2751007250675,177.13887792290447,173.9689761950564,175.74649047851562,67257600,AAPL
2023-09-19,175.3021409914078,177.38578010579235,174.91701409671836,176.83277893066406,51826900,AAPL
2023-09-20,177.0203732393163,177.45487842056565,173.20859833310675,173.2974853515625,58436200,AAPL
2023-09-21,172.36922214048295,174.0973581099587,171.6878404044714,171.7569580078125,63149100,AAPL
2023-09-22,172.4877052502978,174.86759879629756,171.87545623128412,172.606201171875,56725400,AAPL
2023-09-25,172.02359502231215,174.75899170155245,171.97421669351675,173.88011169433594,46172700,AAPL
2023-09-26,172.63585300181884,173.01109513731117,169.51532957863083,169.81158447265625,64588900,AAPL
2023-09-27,170.46333088230946,170.87808171574733,166.93794126401278,168.30068969726562,66921800,AAPL
2023-09-28,167.22430983558627,169.88070413963854,165.52579782856736,168.5574493408203,56294400,AAPL
2023-09-29,169.87084635964763,170.90773103963988,168.21182785802986,169.0709686279297,51861100,AAPL
2023-10-02,169.0808338409062,172.12235512412923,168.79444856905252,171.5792236328125,52164500,AAPL
2023-10-03,170.1078282132375,171.46072207785286,168.6858318118607,170.24607849121094,49594600,AAPL
2023-10-04,168.9524578917983,172.03348795172127,168.8339619515459,171.4903564453125,53020300,AAPL
2023-10-05,171.6187292983148,173.25799352598938,170.52259660006877,172.72474670410156,48527900,AAPL
2023-10-06,171.6285909459562,175.76624458491796,171.016326818613,175.27249145507812,57266700,AAPL
2023-10-09,174.6009972191987,176.81301689163445,173.60362121945622,176.75376892089844,42390800,AAPL
2023-10-10,175.8748846750232,177.47464011941017,175.72674968355904,176.1612548828125,43698000,AAPL
2023-10-11,175.9736034231689,177.60299770884345,175.38110873868183,177.55361938476562,47551100,AAPL
2023-10-12,177.8202822818536,180.0619109305439,176.80313684087554,178.45228576660156,56743100,AAPL
2023-10-13,179.1533769286896,179.65699967721181,175.9143577270369,176.61549377441406,51427100,AAPL
2023-10-16,174.54174811745375,176.84263973108403,174.3047411678942,176.4871368408203,52517000,AAPL
2023-10-17,174.44298390478113,176.19087429527403,172.61610626933813,174.93673706054688,57549400,AAPL
2023-10-18,173.3863659573123,175.36137864838344,172.9222367694585,173.6431121826172,54764400,AAPL
2023-10-19,173.84059314667203,175.61810740546204,173.00122187734726,173.26785278320312,59302900,AAPL
2023-10-20,173.1197103596996,173.22833664495803,170.4830706009531,170.72007751464844,64244000,AAPL
2023-10-23,168.77472302133776,171.8359838309846,167.80695589693704,170.83860778808594,55980100,AAPL
2023-10-24,170.88799016172553,171.50023932449824,169.30797385167378,171.2731170654297,43816600,AAPL
2023-10-25,169.73259505065448,170.89784530264086,168.51795139973865,168.96234130859375,57157000,AAPL
2023-10-26,168.24146504420852,169.23885617849143,163.6001878537521,164.80494689941406,70625300,AAPL
2023-10-27,164.82467062426355,166.8490614359056,164.745668316651,166.11830139160156,58499100,AAPL
2023-10-30,166.90832288755587,169.03145545417337,166.7601878982554,168.16244506835938,51131000,AAPL
2023-10-31,167.23418704526227,168.764809656098,165.8022909489589,168.63644409179688,44846000,AAPL
2023-11-01,168.86358325166134,172.05322449399938,167.99457285522465,171.79647827148438,56934900,AAPL
2023-11-02,173.32711052996643,175.5588693503195,173.26786256268767,175.35150146484375,77334800,AAPL
2023-11-03,172.06309922812656,174.61086723243213,171.1842192438163,174.44297790527344,79829200,AAPL
2023-11-06,174.17635419198152,177.18823614800198,174.00847994055556,176.99073791503906,63841300,AAPL
2023-11-07,176.94139988237026,180.1606805785339,176.7340319643902,179.54843139648438,70530000,AAPL
2023-11-08,180.07177947416378,181.15802736111343,179.32126504404005,180.6050262451172,49340300,AAPL
2023-11-09,180.67415869856794,181.81965455110011,179.53851741631973,180.1310272216797,53763500,AAPL
2023-11-10,181.91089548671326,184.48180071812672,181.47581782404296,184.31369018554688,66133400,AAPL
2023-11-13,183.74018560328048,183.94782669363863,182.1482051958573,182.73159790039062,43627500,AAPL
2023-11-14,185.5991101996175,186.0045247766197,184.214786141562,185.34202575683594,60108400,AAPL
2023-11-15,185.74744196041772,187.3789678351275,185.67821821290843,185.9056396484375,53790500,AAPL
2023-11-16,187.44820698590362,188.82264852852316,186.5384909930313,187.58663940429688,54412900,AAPL
2023-11-17,188.1206090057824,188.24915879673333,186.45941980581802,187.56687927246094,50922700,AAPL
2023-11-20,187.76460727588125,189.76200213676566,187.75472463510502,189.30714416503906,46505100,AAPL
2023-11-21,189.2676114417462,189.37638084971888,187.61630503925363,188.5062255859375,38134500,AAPL
2023-11-22,189.3467095850447,190.77057938008178,188.6940931656517,189.16871643066406,39617700,AAPL
2023-11-24,188.733624664797,188.76328767363577,187.13176183550132,187.8437042236328,24048300,AAPL
2023-11-27,187.79429075090235,188.5358962659671,186.7857030257735,187.66574096679688,40552600,AAPL
2023-11-28,187.65584993609482,188.9413024556769,187.2800983304318,188.26890563964844,38415400,AAPL
2023-11-29,188.76331653900834,189.93999969621768,186.85492560121705,187.2504425048828,43014200,AAPL
2023-11-30,187.71515943504943,188.18979776505014,186.08363355367433,187.8239288330078,48794400,AAPL
2023-12-01,188.1996843513192,189.4159130354433,187.11199034893104,189.09950256347656,45704800,AAPL
2023-12-04,187.85358512953687,187.92280887485518,185.35190415389414,187.3097381591797,43389500,AAPL
2023-12-05,188.08104861869373,192.22413865175915,188.05137051787239,191.25511169433594,66628400,AAPL
2023-12-06,192.27356863697858,192.58009647341478,189.95976327032974,190.16741943359375,41089700,AAPL
2023-12-07,191.46279066889767,192.81745204226402,191.42322992176048,192.0956268310547,47477700,AAPL
2023-12-08,192.0263919187675,193.79636559429088,191.50232520965804,193.51950073242188,53406400,AAPL
2023-12-11,190.94861358759854,191.32436525918584,189.2775265277558,191.017822265625,60943700,AAPL
2023-12-12,190.91889435682484,192.54053754746204,189.5741159727842,192.53065490722656,52696900,AAPL
2023-12-13,192.90643617191267,195.78386938859322,192.66913204715806,195.74432373046875,70404200,AAPL
2023-12-14,195.80366536507088,197.38574831219051,193.96448281164058,195.8926544189453,66831600,AAPL
2023-12-15,195.3190970971854,196.17935458626624,194.79503045579114,195.35865783691406,128538400,AAPL
2023-12-18,193.8951918855721,194.4291561998814,192.21422273548694,193.6974334716797,55751900,AAPL
2023-12-19,193.96443406555753,194.74558515548247,193.69745188302565,194.73570251464844,40714100,AAPL
2023-12-20,194.69616113684165,195.46742966263125,192.6493377685547,192.6493377685547,52242800,AAPL
2023-12-21,193.9051267903215,194.8741537657828,191.33422165280876,192.50100708007812,46482500,AAPL
2023-12-22,192.99542315884526,193.22285972664613,190.8101672306993,191.43312072753906,37149600,AAPL
2023-12-26,191.44299668429173,191.71986154255086,190.67172813799795,190.88926696777344,28919300,AAPL
2023-12-27,190.3355425015734,191.33423254727063,188.95120308408815,190.98814392089844,48087700,AAPL
2023-12-28,191.96704448132198,192.48122849088116,191.00790021395272,191.41331481933594,34049900,AAPL
2023-12-29,191.72973752393827,192.2241411947973,189.5840274029703,190.3750762939453,42672100,AAPL
2024-01-02,185.0552730997862,186.33084291740326,181.83176685644636,183.5621795654297,82488700,AAPL
2024-01-03,182.15809638511382,183.79952025374087,181.37693010719954,182.18775939941406,58414500,AAPL
2024-01-04,180.11123597031312,181.04071720671112,178.85546161628733,179.87393188476562,71983600,AAPL
2024-01-05,179.95303087035154,180.71440156415224,178.15339449300276,179.15208435058594,62379700,AAPL
2024-01-08,180.05193047893468,183.52265400582175,179.46853775144191,183.48309326171875,59144500,AAPL
2024-01-09,181.8614486084712,183.07767744176536,180.68476543102267,183.0677947998047,42841800,AAPL
2024-01-10,182.28664662503843,184.31368968460146,181.86145160567418,184.10604858398438,46792900,AAPL
2024-01-11,184.4520743217413,184.95637561143621,181.56475932944636,183.51271057128906,49128400,AAPL
2024-01-12,183.97748271061099,184.64987951630312,183.11722519297732,183.83905029296875,40477800,AAPL
2024-01-16,180.1211286782067,182.19761480887055,178.90488492167398,181.57467651367188,65603000,AAPL
2024-01-17,179.24109293861534,180.88250149305736,178.2819487070673,180.6352996826172,47317400,AAPL
2024-01-18,184.00711348059855,187.02297821650802,183.7500290608814,186.51869201660156,78005800,AAPL
2024-01-19,187.21087293560348,189.80154302609114,186.7065866846462,189.41590881347656,68903000,AAPL
2024-01-22,190.14763349819026,193.14371820043874,190.1080727596782,191.71983337402344,60133900,AAPL
2024-01-23,192.83720939883855,193.55903452389106,191.66052626402544,192.9954071044922,42355600,AAPL
2024-01-24,193.232744842077,194.18200660712424,192.16483101440033,192.3230438232422,53631300,AAPL
2024-01-25,193.0349547434494,194.07320538533628,190.9485708187439,191.9967041015625,54822100,AAPL
2024-01-26,192.09558049769083,192.5800863732271,189.7916578927919,190.2662811279297,44594000,AAPL
2024-01-29,189.86087972294905,190.04875551955823,187.4580852833725,189.58401489257812,47145600,AAPL
2024-01-30,188.80288370915284,189.65325866018404,185.37172089064353,185.93533325195312,55859400,AAPL
2024-01-31,184.94651023142666,185.00585134318092,182.28663127585358,182.3360595703125,55467800,AAPL
2024-02-01,181.93068222666935,184.85754373397813,181.7625867762094,184.7685546875,64885400,AAPL
2024-02-02,177.84689023760967,185.23328233515724,177.2437171517322,183.7698516845703,102551700,AAPL
2024-02-05,186.0440863383638,187.1317803970082,183.75994390321247,185.579345703125,69668800,AAPL
2024-02-06,184.76853636353553,187.19111127921153,184.67954732588265,187.1812286376953,43490800,AAPL
2024-02-07,188.50623739169367,188.91165203661865,186.49895962721544,187.29000854492188,53439000,AAPL
2024-02-08,187.27021997882892,187.418535043408,185.2530596605407,186.2122039794922,40962000,AAPL
2024-02-09,186.77653768433356,188.10324181676,186.1329987846296,186.9745635986328,45155200,AAPL
2024-02-12,186.54880424779185,186.796321504533,184.9349868995182,185.29141235351562,41781900,AAPL
2024-02-13,183.92513863049606,184.36077144619387,181.68757282391297,183.20237731933594,56529500,AAPL
2024-02-14,183.47962222785034,183.68752828939827,180.62821823999963,182.32122802734375,54630500,AAPL
2024-02-15,181.727184392981,182.65785175424014,179.54903541760635,182.0341033935547,65434500,AAPL
2024-02-16,181.5984737728991,183.0142804515248,179.86585283584154,180.49949645996094,49752500,AAPL
2024-02-20,179.98463913307552,180.61828269677792,178.21242224791314,179.75692749023438,53665600,AAPL
2024-02-21,180.13315310757224,181.0737156195715,178.8658660184515,180.50938415527344,41371400,AAPL
2024-02-22,181.65784073265692,183.12315360761588,180.64798131414128,182.53900146484375,52292200,AAPL
2024-02-23,183.17267506039363,183.20237592421455,180.42028422645075,180.70741271972656,45119700,AAPL
2024-02-26,180.43019254491847,180.9450175834942,178.85597124394113,179.3609161376953,40867400,AAPL
2024-02-27,179.3015405274478,182.09352785249354,177.7768254792766,180.81634521484375,54318900,AAPL
2024-02-28,180.69748823755316,181.30143093346823,178.34113428414614,179.61831665039062,48953900,AAPL
2024-02-29,179.46979611956436,180.75688872813024,177.74707077204522,178.9549560546875,136682600,AAPL
2024-03-01,177.76691576574171,178.7371792855814,175.61846756104012,177.87582397460938,73563100,AAPL
2024-03-04,174.400628974546,175.14318064223312,172.06406578926712,173.36106872558594,81510100,AAPL
2024-03-05,169.0641855800497,170.33147275577412,167.93550746706842,168.4305419921875,95132400,AAPL
2024-03-06,169.36119643359416,169.53941670485264,167.00482743895031,167.44046020507812,68587700,AAPL
2024-03-07,167.47017484778516,169.0344857697736,166.81674075207243,167.32167053222656,71765100,AAPL
2024-03-08,167.32166963491963,171.9749911536114,167.26226790901475,169.03448486328125,76267000,AAPL
2024-03-11,171.22253935977105,172.64824117092596,170.34137853305091,171.034423828125,60139500,AAPL
2024-03-12,171.43043622416553,172.30170175265368,169.3116892312768,171.5096435546875,59825400,AAPL
2024-03-13,171.05422401757613,171.4700511814422,169.0641756745517,169.43051147460938,52488700,AAPL
2024-03-14,171.19284931228447,172.57893998999515,170.34138929390355,171.28195190429688,72913500,AAPL
2024-03-15,169.47010369924573,170.90570068359375,168.5988381717502,170.90570068359375,121752700,AAPL
2024-03-18,173.82643054023092,175.94517770513775,171.7967859641753,171.9947967529297,75604200,AAPL
2024-03-19,172.6086342803731,174.85609525037736,171.31164624406932,174.33135986328125,55215200,AAPL
2024-03-20,173.97492929704185,176.8956298828125,173.3511809805003,176.8956298828125,53423100,AAPL
2024-03-21,175.29173693263047,175.72736975318543,169.14340118299,169.6681365966797,106181300,AAPL
2024-03-22,170.05425166968308,171.33144918231721,168.37113733503185,170.569091796875,71160100,AAPL
2024-03-25,168.87608692531137,170.2324767040703,167.76719930445816,169.15330505371094,54288300,AAPL
2024-03-26,168.3117563520967,169.71765273934344,167.89592911986227,168.02464294433594,57388400,AAPL
2024-03-27,168.7176579392829,171.87598039200594,168.42063422483255,171.58885192871094,60273300,AAPL
2024-03-28,170.04433088544315,170.51955971989585,168.81664003025037,169.77700805664062,65672700,AAPL
2024-04-01,169.48991432845702,169.54931605122675,167.79688969325008,168.3414306640625,46240500,AAPL
2024-04-02,167.40087579338118,167.65828830624176,166.55931106297376,167.1632537841797,49329500,AAPL
2024-04-03,167.11374996517486,168.98497988400436,166.90584392266877,167.9652099609375,47691700,AAPL
2024-04-04,168.59885072968464,170.21266810452119,167.14346313476562,167.14346313476562,53704400,AAPL
2024-04-05,167.90583031188157,168.69788868535903,167.27218663455102,167.89593505859375,42104800,AAPL
2024-04-08,167.3513719945941,167.51968192191484,166.5692240844266,166.77713012695312,37425500,AAPL
2024-04-09,167.02464767080627,168.39094781013864,166.67813256359855,167.98501586914062,42373800,AAPL
2024-04-10,167.1236748074244,167.41078821247058,165.45045553411236,166.11380004882812,49709300,AAPL
2024-04-11,166.66822184170525,173.7175238179071,166.49001666248702,173.3016815185547,91070300,AAPL
2024-04-12,172.52942533467058,176.5887144383463,172.47993396851362,174.79669189453125,101670900,AAPL
2024-04-15,173.6185038309996,174.8758957155582,170.78690583147454,170.9750213623047,73531800,AAPL
2024-04-16,170.0443499195711,172.03438316124112,166.59891404642835,167.69789123535156,73711200,AAPL
2024-04-17,167.9256004082147,168.9552655008738,166.3315887451172,166.3315887451172,50901200,AAPL
2024-04-18,166.36132321946832,166.96526602396756,164.896025062108,165.3811492919922,43122900,AAPL
2024-04-19,164.55939469854349,164.7474951408098,162.4505426435407,163.3614044189453,68149400,AAPL
2024-04-22,163.87623994630854,165.59895049362888,163.1336881290828,164.19305419921875,48116400,AAPL
2024-04-23,163.70792820716713,165.39104261951863,163.28219064755024,165.24252319335938,49537800,AAPL
2024-04-24,164.8861093338651,167.6187098522012,164.5593998092657,167.34149169921875,48251800,AAPL
2024-04-25,167.84640961058278,168.9156860278579,166.4801094484109,168.2028350830078,50558300,AAPL
2024-04-26,168.19293999888993,169.63843239437367,167.49987955768663,167.6186981201172,44838400,AAPL
2024-04-29,171.64824848286057,174.2818355072499,171.38094074443057,171.77696228027344,68169400,AAPL
2024-04-30,171.6086653165762,173.25218351807536,168.31173366197407,168.63845825195312,65934800,AAPL
2024-05-01,167.8959162536964,170.99483730573115,167.43058257791944,167.6186981201172,50383100,AAPL
2024-05-02,170.79679016186972,171.69775653757537,169.19288328746214,171.31163024902344,94214900,AAPL
2024-05-03,184.7963988764884,185.14292911827533,180.84603267784937,181.5588836669922,163224100,AAPL
2024-05-06,180.53910014061182,182.3707188474722,178.62825898838415,179.90545654296875,78569700,AAPL
2024-05-07,181.62818342205114,183.06378067502382,179.5193463953144,180.58860778808594,77305800,AAPL
2024-05-08,181.0341096024307,181.25192597526086,179.64800403830677,180.92520141601562,45057100,AAPL
2024-05-09,180.74699689996783,182.82614787366472,180.3014688648197,182.73704528808594,48983000,AAPL
2024-05-10,183.3120539854214,183.50042466657956,180.56585391849484,181.4779510498047,50759500,AAPL
2024-05-13,183.84742393900163,185.4931713127623,183.03445892506747,184.68020629882812,72044800,AAPL
2024-05-14,185.89965779253163,186.6828817403559,184.6901339480471,185.82034301757812,52393600,AAPL
2024-05-15,186.2962297111884,189.01268886802714,185.76085876781028,188.09068298339844,70400000,AAPL
2024-05-16,188.83421956137332,189.45881387860598,188.03117836935675,188.20962524414062,52845200,AAPL
2024-05-17,187.88244052020156,189.17127885658363,187.5552728182762,188.23934936523438,41282900,AAPL
2024-05-20,187.7040166341828,190.27176982167657,187.38675756521698,189.39932250976562,44361300,AAPL
2024-05-21,189.44891605266244,191.07483113273048,189.2803778274553,190.69810485839844,42309400,AAPL
2024-05-22,190.61877317517173,191.16405275409193,188.63594934473116,189.26052856445312,34648500,AAPL
2024-05-23,189.33983451815809,189.35966699130785,185.0272019643745,185.27505493164062,51005900,AAPL
2024-05-24,187.19839293954828,188.94327235106317,186.4250777783575,188.34841918945312,36327000,AAPL
2024-05-28,189.86530324069457,191.3425125399711,187.4760118609873,188.35836791992188,52280100,AAPL
2024-05-29,187.98162409974876,190.59895109353056,187.8824768517226,188.65577697753906,53068000,AAPL
2024-05-30,189.12175436970267,190.52955764421512,188.99288109200768,189.64720153808594,49889100,AAPL
2024-05-31,189.7959119633218,190.9162123421418,188.27905284340878,190.5989532470703,75158300,AAPL
2024-06-03,191.24334718637152,193.31540952983562,190.86662095571478,192.3636474609375,50080500,AAPL
2024-06-04,192.96842627855952,193.64259428823095,191.3722523931234,192.68092346191406,47471400,AAPL
2024-06-05,193.72190135445058,195.20901937445223,193.19645419760306,194.1878662109375,54156800,AAPL
2024-06-06,194.0093990023229,194.81244022862765,192.50244866402238,192.80978393554688,41181800,AAPL
2024-06-07,192.978343568532,195.2486855650071,192.47272888451312,195.19911193847656,53103900,AAPL
2024-06-10,195.20900753042525,195.60558138834554,190.49980075281104,191.4614715576172,97010200,AAPL
2024-06-11,191.98692512163242,205.38091074009856,191.96710777388114,205.37098693847656,172373300,AAPL
2024-06-12,205.58908283581826,218.30889945026047,205.1231180281253,211.24014282226562,198134300,AAPL
2024-06-13,212.8958066808934,214.888539245905,209.7827737762817,212.4001007080078,97862700,AAPL
2024-06-14,212.01345147179217,213.32210737882852,209.4853479747781,210.66513061523438,70122700,AAPL
2024-06-17,211.53758704443374,217.06966817138198,210.8931752545736,214.8092498779297,93728300,AAPL
2024-06-18,215.72132373307375,216.75240063817128,211.1707464886947,212.4496612548828,79943300,AAPL
2024-06-20,212.0927425591543,212.4000929584359,207.05638337080816,207.87924194335938,86172500,AAPL
2024-06-21,208.58315742215362,210.07027533194446,205.33132746963062,205.70806884765625,241805100,AAPL
2024-06-24,205.93607160503834,210.87329840415435,204.81577136869439,206.3524627685547,80727000,AAPL
2024-06-25,207.35380525957078,209.5646648210329,206.81844945769743,207.27450561523438,55549700,AAPL
2024-06-26,209.68363861405976,213.0147835489249,208.83102368645302,211.41860961914062,66213200,AAPL
2024-06-27,212.8462361886446,213.88722177256454,210.5263358320774,212.2613067626953,49772700,AAPL
2024-06-28,213.91695291908772,214.21437951883613,208.4939285392998,208.81117248535156,82542700,AAPL
2024-07-01,210.26856627972688,215.64201747450758,210.10002805599396,214.8885498046875,60402900,AAPL
2024-07-02,214.29369867156123,218.48738234159504,213.2527281692765,218.37832641601562,58046200,AAPL
2024-07-03,218.11063203893852,219.64732360839844,217.1489612238199,219.64732360839844,37369800,AAPL
2024-07-05,219.7464397478406,224.5052198536283,219.7464397478406,224.3961639404297,60412400,AAPL
2024-07-08,225.13973799267995,225.89322076278884,221.3327197032473,225.8634796142578,59085900,AAPL
2024-07-09,225.97253595078877,227.42991284004066,224.4259356098064,226.71609497070312,48076100,AAPL
2024-07-10,227.3307526887298,231.07828847688273,227.28117906796422,230.97914123535156,62627700,AAPL
2024-07-11,229.40281699319425,230.39422897123262,223.83108651749725,225.61563110351562,64710600,AAPL
2024-07-12,226.95403700304678,230.64209091466597,226.71609267309665,228.56011962890625,53046500,AAPL
2024-07-15,234.44908623752588,235.1926451763578,231.08820043911544,232.38694763183594,62631300,AAPL
2024-07-16,232.98182214446476,234.2409196318231,230.3347538954296,232.80337524414062,43234300,AAPL
2024-07-17,227.4794799069808,229.47222770464353,224.6936146131452,226.9143829345703,57345900,AAPL
2024-07-18,228.3023336745397,228.46096321097224,220.36112971273346,222.2547149658203,66034600,AAPL
2024-07-19,222.88925101284036,224.85224251867803,221.36246807560826,222.3836212158203,49151500,AAPL
2024-07-22,225.06043082550624,225.82382229500527,221.17409763275575,222.03663635253906,48201800,AAPL
2024-07-23,222.44310313331528,224.9910392063895,220.7676144514488,223.07760620117188,39960300,AAPL
2024-07-24,222.07627816799848,222.86941075843336,215.26528287042115,216.6631622314453,61777600,AAPL
2024-07-25,217.04978217666016,218.9533061807155,212.77679965909306,215.62216186523438,51391200,AAPL
2024-07-26,216.82176985722595,217.60499369491455,214.15486954444728,216.088134765625,41601300,AAPL
2024-07-29,215.09670155811162,217.41660143994622,213.89708667535928,216.36570739746094,36311800,AAPL
2024-07-30,217.3075789949067,218.43778796730905,214.2639371695869,216.92092895507812,41643800,AAPL
2024-07-31,219.53825698895486,221.89782218872546,218.7352157578384,220.17276000976562,50036300,AAPL
2024-08-01,222.44310665442717,222.55216258005441,215.15623749650504,216.48472595214844,62501000,AAPL
2024-08-02,217.26790792406092,223.6625266661827,215.8402875210575,217.97181701660156,105568600,AAPL
2024-08-05,197.38018251460616,211.6664309709882,194.3167235143498,207.47276306152344,119548600,AAPL
2024-08-06,203.53688424769564,208.18660889381388,199.3432157724579,205.45030212402344,69660500,AAPL
2024-08-07,205.12313014700663,211.80525225793107,204.61751548926864,208.01806640625,63516400,AAPL
2024-08-08,211.27977851822874,212.36041379670297,207.03653703937619,211.47805786132812,47161100,AAPL
2024-08-09,210.2784745623819,214.91827509282652,210.1495861717322,214.38291931152344,42201600,AAPL
2024-08-12,214.46232494953352,217.8767166928247,213.99582080224636,215.9114532470703,38028100,AAPL
2024-08-13,217.38044783379533,220.23902400333975,217.38044783379533,219.62364196777344,44155300,AAPL
2024-08-14,218.92885985517657,221.37054778476931,218.06532277692483,220.07029724121094,41960600,AAPL
2024-08-15,222.9288713384501,223.67329096872731,221.10255033510867,223.0479736328125,46414000,AAPL
2024-08-16,222.25394621007445,225.1422983120676,221.9859508745138,224.36810302734375,44340200,AAPL
2024-08-19,224.0405257400108,224.30852103873067,221.38045847347976,224.20925903320312,40687800,AAPL
2024-08-20,224.09017687092657,225.4797542015927,223.7725505409132,224.8246612548828,30299000,AAPL
2024-08-21,224.8345868015738,226.28371522001356,223.37552309496598,224.71546936035156,34765500,AAPL
2024-08-22,226.09512887719345,226.64103964823346,222.23407290784718,222.85939025878906,43695300,AAPL
2024-08-23,223.98097823318813,226.52192810531062,222.66087229355688,225.15219116210938,38677300,AAPL
2024-08-26,225.07281183958708,225.5889470777534,222.22417060374596,225.48968505859375,30602200,AAPL
2024-08-27,224.31846403822652,227.147264886192,223.21672230373292,226.33335876464844,35934600,AAPL
2024-08-28,226.22414704916858,228.14971479709,224.0008084384826,224.80479431152344,38052200,AAPL
2024-08-29,228.38793686624163,231.18694665641485,227.17701311839377,228.08023071289062,51906300,AAPL
2024-08-30,228.4772602189495,228.68568922028223,225.78741746908054,227.29611206054688,52990800,AAPL
2024-09-03,226.84949624301046,227.29614502733148,219.52440165721936,221.1125030517578,50190600,AAPL
2024-09-04,220.01072730838987,220.1298295937355,215.86182100754215,219.20675659179688,43840200,AAPL
2024-09-05,219.9809679444758,223.80231295165626,219.87178579311316,220.7253875732422,36615400,AAPL
2024-09-06,222.28368749781316,223.56409767944487,218.13479623481732,219.17698669433594,48423000,AAPL
2024-09-09,219.17700018247805,219.6236489368284,215.09757995493325,219.26632690429688,67180000,AAPL
2024-09-10,217.29111136152258,219.83206111139577,215.1174037589381,218.47225952148438,51591000,AAPL
2024-09-11,219.81224273641337,221.4301044903715,216.26879790334314,221.00331115722656,44587100,AAPL
2024-09-12,220.84450772306226,221.88669831664953,218.18445530425632,221.1125030517578,37455600,AAPL
2024-09-13,221.91644846858938,222.37301734416337,220.25887596851652,220.844482421875,36766600,AAPL
2024-09-16,214.92882889414335,215.60377723416104,212.32832783334672,214.71047973632812,59357400,AAPL
2024-09-17,214.14470101422842,215.2861383219032,212.90400170360138,215.1769561767578,45519300,AAPL
2024-09-18,215.93133719300198,221.05294820219595,215.92140190435074,219.0479736328125,59894900,AAPL
2024-09-19,223.31594824973243,228.11001204196916,222.9586262544957,227.1670684814453,66781300,AAPL
2024-09-20,228.25889437635817,231.35567496568984,225.9263736470506,226.50205993652344,318679900,AAPL
2024-09-23,225.64846451262724,227.742765583781,224.12984974700805,224.78494262695312,54146000,AAPL
2024-09-24,226.94872814757065,227.64353192764617,224.05045616714196,225.67825317382812,43556100,AAPL
2024-09-25,223.2563961324406,225.59883710649478,222.35317851779175,224.68568420410156,42308700,AAPL
2024-09-26,225.60876888531146,226.7998372114188,223.73283210674714,225.82713317871094,36636700,AAPL
2024-09-27,226.7601514881057,227.81226214161182,225.6087788258606,226.09512329101562,34026000,AAPL
2024-09-30,228.3283747151782,231.266357421875,227.9412771261621,231.266357421875,54541900,AAPL
2024-10-01,227.81225543239978,227.9412778656533,222.07526286618742,224.52688598632812,63285000,AAPL
2024-10-02,224.20925878310885,225.67824256269316,221.360617941662,225.09263610839844,32880600,AAPL
2024-10-03,223.4648504260935,225.12242301224842,221.65839996957536,223.99090576171875,34044200,AAPL
2024-10-04,226.20430944090455,226.30357145139808,222.46237094034984,225.1125030517578,37245100,AAPL
2024-10-07,222.8296017820206,224.01074997862722,219.68319006872073,220.04051208496094,39505400,AAPL
2024-10-08,222.6311156567822,224.29860847272343,221.58892507419034,224.09017944335938,31855700,AAPL
2024-10-09,223.554178398676,228.04055170887608,223.1571606453159,227.8321075439453,33591100,AAPL
2024-10-10,226.08521111865923,227.7924147414137,225.47974919262126,227.33583068847656,28183500,AAPL
2024-10-11,227.59388209213523,227.7030642360917,225.64845893034402,225.85690307617188,31759200,AAPL
2024-10-14,226.99834931201846,230.0058033150611,226.89910245149323,229.57901000976562,39882100,AAPL
2024-10-15,231.8718418962686,235.7229778767219,230.64106257641825,232.1100616455078,64751400,AAPL
2024-10-16,229.87678174389526,230.3929017691756,228.12986736523644,230.05543518066406,34082200,AAPL
2024-10-17,231.69314333147315,232.1100316250369,228.80480686495974,230.42266845703125,32993800,AAPL
2024-10-18,234.4226930307779,234.4226930307779,232.26884075534687,233.25148010253906,46431500,AAPL
2024-10-21,232.7055796017645,235.08773156933626,232.7055796017645,234.72047424316406,36254500,AAPL
2024-10-22,232.14972869721714,234.46239402859047,230.8693336731526,234.10507202148438,38846600,AAPL
2024-10-23,232.33831918874512,233.3904297884605,226.06533615950997,229.0430145263672,52287000,AAPL
2024-10-24,228.26884002769643,229.10260155629064,226.710529416834,228.85446166992188,31109500,AAPL
2024-10-25,228.03062932515897,231.484732210271,227.86189602437614,229.68820190429688,38802300,AAPL
2024-10-28,231.5839844241638,232.98348177622344,230.81970938626554,231.6633758544922,36087100,AAPL
2024-10-29,231.36561495313973,232.5864588417728,230.59141979007921,231.93136596679688,35417200,AAPL
2024-10-30,230.87925826342104,231.7328600109945,227.8420287171323,228.387939453125,47070900,AAPL
2024-10-31,227.63359787833264,228.11995749798112,223.69313535160188,224.2291259765625,64370100,AAPL
2024-11-01,219.3258967897823,223.67331269945134,218.63110809640673,221.25146484375,65276700,AAPL
2024-11-04,219.34573920720757,221.13233427123137,218.07526420177624,220.35813903808594,44944500,AAPL
2024-11-05,220.14969745378525,222.28369429475046,219.49460455688452,221.78741455078125,28111300,AAPL
2024-11-06,220.95366880237512,224.387931303672,219.54423614319148,221.06285095214844,54561100,AAPL
2024-11-07,222.95864433437472,226.18446269494834,222.89909318788202,225.7874298095703,42137700,AAPL
2024-11-08,225.72780810336752,227.20835428792034,224.9726384261151,225.51914978027344,38328800,AAPL
2024-11-11,223.57158868270503,224.26714170400084,220.0938084143074,222.8064727783203,42005600,AAPL
2024-11-12,223.12444853772337,224.15783943194586,221.9420008205612,222.8064727783203,40398300,AAPL
2024-11-13,222.58787261698694,225.2111120360391,221.34580821096,223.69082641601562,48566200,AAPL
2024-11-14,223.59146688403666,227.41701609796436,223.57158960851197,226.77114868164062,44923900,AAPL
2024-11-15,224.96270031544069,225.47940335635096,222.8462328667566,223.57159423828125,47923700,AAPL
2024-11-18,223.8199993254601,228.28149999782985,223.74050538640262,226.57241821289062,44633700,AAPL
2024-11-19,225.53901477922054,228.6988344551977,225.22105418122663,226.8307647705078,36211800,AAPL
2024-11-20,226.61215353970658,228.47027695087482,224.45593165289552,227.5461883544922,35169600,AAPL
2024-11-21,227.42695953023323,228.69883223369175,224.2770861035494,227.06924438476562,42108300,AAPL
2024-11-22,226.6121530455377,229.25526960886552,226.6121530455377,228.41065979003906,38168300,AAPL
2024-11-25,229.99061008110968,231.76923980537,228.2815280858828,231.3916473388672,90152800,AAPL
2024-11-26,231.84870566104107,234.07449047305911,231.84870566104107,233.56771850585938,45986200,AAPL
2024-11-27,232.98148163119754,234.19373774290258,232.32566796514345,233.4385528564453,33498400,AAPL
2024-11-29,233.31932748739487,236.30028225823045,232.4846637904217,235.82333374023438,28481400,AAPL
2024-12-02,235.76369091824088,239.26133321145704,235.654388648958,238.06895446777344,48137100,AAPL
2024-12-03,238.2875760799829,241.21884512379424,237.38334952948236,241.1095428466797,38861000,AAPL
2024-12-04,241.32814402991647,242.56027739454964,239.7184333911867,241.46725463867188,44383900,AAPL
2024-12-05,242.4410361127995,242.98753231090083,240.59284370740727,241.49705505371094,40033900,AAPL
2024-12-06,241.36788746709487,243.0769692456264,240.5431549096241,241.29832458496094,36870600,AAPL
2024-12-09,240.29473874492055,245.67039687977774,240.21524480725012,245.18350219726562,44649200,AAPL
2024-12-10,245.32261857013248,246.63424582967986,243.7824557106041,246.19703674316406,36914800,AAPL
2024-12-11,246.38585520914904,249.20782208911243,244.69663537468304,244.92518615722656,45205800,AAPL
2024-12-12,245.32261935264157,247.1608807008323,244.12029436088807,246.38583374023438,32777500,AAPL
2024-12-13,246.24670376010008,247.7073574078961,244.6767326870094,246.5547332763672,33155300,AAPL
2024-12-16,246.4156487620838,249.7841268474892,246.07779571830554,249.44627380371094,51694800,AAPL
2024-12-17,248.49237939681157,252.2185726786221,248.19428090188288,251.87078857421875,51356400,AAPL
2024-12-18,250.559158393614,252.66569465886903,246.16722071424974,246.47525024414062,56774100,AAPL
2024-12-19,245.92873792847348,250.400169527173,245.5213371883983,248.20419311523438,60882300,AAPL
2024-12-20,246.4653249902114,253.3811464831127,244.13025293349912,252.8743896484375,147495300,AAPL
2024-12-23,253.15260355822258,254.02700659111463,251.84097626600598,253.64942932128906,40858800,AAPL
2024-12-24,253.868019379837,256.5707374276886,253.66927695641888,256.5608215332031,23234700,AAPL
2024-12-26,256.55083207826743,258.44870970386563,255.9943897750778,257.37554931640625,27237100,AAPL
2024-12-27,256.19314630806485,257.05764856283577,251.45343969164696,253.96737670898438,42355300,AAPL
2024-12-30,250.6287158030117,251.890657464443,249.15811581542044,250.59890747070312,35557500,AAPL
2024-12-31,250.83739579916153,251.6720594492945,247.84649497663966,248.83021545410156,39480700,AAPL
2025-01-02,247.34966196417784,247.51859606258614,240.28481431614935,242.3019256591797,55740700,AAPL
2025-01-03,241.8150177001953,242.6298040057451,240.3543488544026,241.8150177001953,40244100,AAPL
2025-01-06,242.75898865424097,245.75982034447205,241.65603491404494,243.44461059570312,45045600,AAPL
2025-01-07,241.43743349025635,243.99112508347835,239.81779188041267,240.67233276367188,40856000,AAPL
2025-01-08,240.38417847646193,242.1628232218062,238.52605495049286,241.1592254638672,37628900,AAPL
2025-01-10,238.48628640867517,238.63534322792128,231.52079498772144,235.3463592529297,61710900,AAPL
2025-01-13,232.04742383507855,233.180185891021,228.26161420500546,232.91189575195312,49630700,AAPL
2025-01-14,233.2596800887061,234.62097773623856,230.9941559742804,231.79901123046875,39435300,AAPL
2025-01-15,233.15037337402552,237.44295487436693,232.9416999002932,236.35986328125,39832000,AAPL
2025-01-16,235.8432019589194,236.4990004602556,226.58236221549976,226.81089782714844,71759100,AAPL
2025-01-17,230.64637201374376,230.81529094249188,227.0294813062853,228.51995849609375,68488300,AAPL
2025-01-21,222.57794445660952,222.99527628303537,217.9872792040061,221.22657775878906,98070400,AAPL
2025-01-22,218.39466636780546,222.6971793763667,218.39466636780546,222.40902709960938,64126500,AAPL
2025-01-23,223.3132271476291,225.5886822440662,220.88871524000126,222.24008178710938,60234800,AAPL
2025-01-24,223.35297985225768,224.19758968028435,220.00437919561992,221.3656768798828,54697900,AAPL
2025-01-27,222.5978054024586,230.67618150163648,222.5580508531902,228.40072631835938,94863400,AAPL
2025-01-28,229.3844597561093,238.66516132615985,229.3447052045828,236.74740600585938,75707600,AAPL
2025-01-29,232.63369919180946,238.33726462451705,232.52439691334908,237.84043884277344,45486100,AAPL
2025-01-30,237.1547951903121,239.26133146080375,235.7040725307193,236.08164978027344,55658300,AAPL
2025-01-31,245.62070152543137,245.62070152543137,231.9579942451269,234.50173950195312,100959800,AAPL
2025-02-03,228.52991033796462,230.35822543026035,224.2671369795404,226.56246948242188,73063300,AAPL
2025-02-04,225.80731341689966,231.64998934854387,225.21111642561868,231.32208251953125,45067300,AAPL
2025-02-05,227.0791817096477,231.19289841511937,226.82083777153602,230.99417114257812,39620300,AAPL
2025-02-06,229.82168533361252,232.31576069910457,228.96714430115887,231.73944091796875,29925300,AAPL
2025-02-07,231.1233398047693,232.51444580894437,225.81722939017394,226.1848907470703,39707200,AAPL
2025-02-10,228.36339787721977,229.3780258753388,226.00584416726187,226.45347595214844,33115600,AAPL
2025-02-11,227.000572314181,233.99362125199642,226.93094812871882,231.3973388671875,53718400,AAPL
2025-02-12,229.98481838871234,235.71455375787428,229.4675472393098,235.62501525878906,45243300,AAPL
2025-02-13,235.66481592241834,241.06626881430705,234.33186254170715,240.26052856445312,53614100,AAPL
2025-02-14,239.9819785190441,244.25938055012708,239.7233505557091,243.3143768310547,40896200,AAPL
2025-02-18,242.86673323889264,243.89131830963376,240.56887710589865,243.18505859375,48822500,AAPL
2025-02-19,243.37407429304395,244.716969605811,241.88195827091008,243.5829620361328,32204200,AAPL
2025-02-20,243.65259654249155,245.4829218502696,243.00600383864503,244.5379180908203,32316900,AAPL
2025-02-21,244.65726038702988,247.38286415088766,243.93110158642,244.25936889648438,53197400,AAPL
2025-02-24,243.64263125957103,247.551982922016,243.1353173033831,245.80123901367188,51326400,AAPL
2025-02-25,246.69652285022872,248.68601093773057,243.62276739789988,245.74156188964844,48013300,AAPL
2025-02-26,243.04579925662603,243.6923767743236,237.87313357927937,239.09666442871094,44433600,AAPL
2025-02-27,238.1516754344793,241.18564780716906,235.81402085750776,236.05276489257812,41153600,AAPL
2025-02-28,235.70459571566596,240.8175794410065,228.9900734891547,240.5688934326172,56833400,AAPL
2025-03-03,240.51914741730602,242.74737946323825,234.8690087281554,236.77891540527344,47184000,AAPL
2025-03-04,236.46059966619734,238.80819608105105,233.44651142335266,234.68994140625,53798100,AAPL
2025-03-05,234.18263593082168,235.30670153327668,228.0251680036218,234.50096130371094,47227600,AAPL
2025-03-06,233.20778757123546,236.60981025581015,231.93451645578955,234.09310913085938,45170400,AAPL
2025-03-07,233.8742532807345,240.10134501237943,233.5260868229449,237.81344604492188,46273600,AAPL
2025-03-10,234.3019970725287,234.91874867921032,223.04150278970278,226.28436279296875,72071200,AAPL
2025-03-11,222.63365113389432,224.65298022983382,216.30707871737093,219.67926025390625,76137400,AAPL
2025-03-12,218.98296406915986,220.58450266635003,213.78045671174684,215.83956909179688,62547500,AAPL
2025-03-13,214.81497612462363,215.70029772842102,207.3245545879158,208.5779266357422,61368300,AAPL
2025-03-14,210.13965751241793,212.82546311709572,208.47843695256688,212.36788940429688,60107600,AAPL
2025-03-17,212.18883784213668,214.0888025037831,208.8663965620962,212.87521362304688,48073400,AAPL
2025-03-18,213.03437263106773,214.01915944879542,210.37840804794794,211.5720977783203,42432400,AAPL
2025-03-19,213.09407567170305,217.6102070663037,212.6265447449941,214.1087188720703,54385400,AAPL
2025-03-20,212.86527847830126,216.3468825511506,211.10457731145533,212.97470092773438,48862900,AAPL
2025-03-21,210.4480334492585,217.68976839110027,210.16950634984832,217.12277221679688,94127800,AAPL
2025-03-24,219.83843988574125,220.31591279023903,217.43116105321957,219.56985473632812,44299500,AAPL
2025-03-25,219.6096416779903,222.92214108802088,218.92326587520165,222.573974609375,34493600,AAPL
2025-03-26,222.3352199198642,223.83729303324841,219.31120492080973,220.36563110351562,34466100,AAPL
2025-03-27,220.22636977863218,223.80745418869535,219.40073045135125,222.67344665527344,37094800,AAPL
2025-03-28,220.50491967808455,222.63367141455515,216.53588531144595,216.75473022460938,39818600,AAPL
2025-03-31,215.86937928840504,224.4341253115235,215.09348022110552,220.9624786376953,65299300,AAPL
2025-04-01,218.65468232589998,222.50433685640354,217.749461617725,222.0169219970703,36412700,AAPL
2025-04-02,220.15675729790527,224.00641185945875,219.8583310514353,222.71324157714844,35905900,AAPL
2025-04-03,204.4596791341039,206.39944211542388,200.19223396809613,202.12203979492188,103419000,AAPL
2025-04-04,192.87091122900438,198.82943318150367,186.3553350717911,187.38987731933594,125910900,AAPL
2025-04-07,176.26863687444822,193.12954493623218,173.70219548773406,180.50625610351562,160466300,AAPL
2025-04-08,185.71870692843436,189.33957458197378,168.32064359895526,171.51376342773438,120859500,AAPL
2025-04-09,171.04621878540135,199.55558397169528,170.9865365771085,197.80484008789062,184395900,AAPL
2025-04-10,188.07624843340898,193.7562279640405,182.03814529024513,189.4191436767578,121880000,AAPL
2025-04-11,185.12186726950821,198.49121408156802,185.0820690088969,197.1085205078125,87435900,AAPL
2025-04-14,210.3286495235762,211.82076535143517,200.10268359760292,201.45553588867188,101352900,AAPL
2025-04-15,200.7990180691496,202.44033954558066,198.74984792281177,201.07754516601562,51343900,AAPL
2025-04-16,197.31743142832593,199.64512887500646,191.35890907242805,193.24893188476562,59732400,AAPL
2025-04-17,196.16351652823,197.78495412822454,193.39812938355274,195.94467163085938,52164700,AAPL
2025-04-21,192.25418258208256,192.78139570274652,188.8123615658979,192.14476013183594,46742500,AAPL
2025-04-22,195.08918671811182,200.53043756485187,194.93998119085117,198.69017028808594,52976400,AAPL
2025-04-23,204.9172632087338,206.9067512010516,201.7340854567431,203.52462768554688,52929200,AAPL
2025-04-24,203.81310578126346,207.73239972806866,201.87335793866913,207.27481079101562,47311000,AAPL
2025-04-25,205.28531450927932,208.6475540878433,205.1162098506388,208.18002319335938,38222300,AAPL
2025-04-28,208.89624364686077,210.38835967290976,206.3696005213303,209.03550720214844,38743100,AAPL
2025-04-29,207.59312493762445,211.12446912484504,207.27479957627347,210.09988403320312,36827600,AAPL
2025-04-30,208.19992461631293,212.4574277707069,205.5837430092506,211.3831024169922,52286500,AAPL
2025-05-01,207.98108655162656,213.43227966302132,207.80202473083082,212.1988067626953,57365700,AAPL
2025-05-02,205.0067917796952,205.9020705063368,201.09745506032002,204.27069091796875,101010600,AAPL
2025-05-05,202.03252954096354,203.0272736250085,197.1682315771274,197.8446502685547,69018500,AAPL
2025-05-06,197.1682027308483,199.59536519080132,195.9844550154461,197.46661376953125,51216500,AAPL
2025-05-07,198.12317194216024,198.3917570874617,192.23428894820486,195.21852111816406,68536700,AAPL
2025-05-08,196.68079799363124,198.99855348942916,193.65676753221484,196.45201110839844,50478900,AAPL
2025-05-09,197.95405738682032,199.48595647897335,196.50172445806652,197.4865264892578,36453900,AAPL
2025-05-12,210.13634313336473,210.435160708662,205.93301745006437,209.95704650878906,63775800,AAPL
2025-05-13,209.5984864444124,212.55675181657614,208.1741443311085,212.08860778808594,51909300,AAPL
2025-05-14,211.5905625216416,213.09460539099953,209.7478820292828,211.490966796875,49325800,AAPL
2025-05-15,210.11641669484823,212.11848379882832,208.71198473801002,210.61444091796875,45029500,AAPL
2025-05-16,211.52086084946143,211.73003772257164,208.94109887256835,210.42520141601562,54737900,AAPL
2025-05-19,207.08845970637495,208.65224804197354,203.45287334417097,207.95501708984375,46140500,AAPL
2025-05-20,206.84938410987283,207.64622592622177,204.2198167548668,206.04258728027344,42496600,AAPL
2025-05-21,204.3592586621154,206.22186440009241,199.91689108628387,201.2914276123047,59211800,AAPL
2025-05-22,199.91689038506837,201.94882252859867,198.91087172706415,200.56431579589844,46742400,AAPL
2025-05-23,192.9046989896,196.91877297523902,192.6955373289648,194.49838256835938,78432900,AAPL
2025-05-27,197.51641281084125,199.94677348688452,196.64984031499387,199.4188690185547,56288500,AAPL
2025-05-28,199.79736291846774,201.9289060786693,199.11008702875665,199.62803649902344,45339700,AAPL
2025-05-29,202.77554227533128,203.0046291598645,197.72556941325453,199.15988159179688,51396800,AAPL
2025-05-30,198.5821728136608,201.1619498266407,196.00241099917397,200.05633544921875,70819900,AAPL
2025-06-02,199.4885975362889,201.3312933884623,199.3292261245183,200.90298461914062,35423300,AAPL
2025-06-03,200.55437033168948,202.96480586317466,200.16591202699755,202.46678161621094,46381600,AAPL
2025-06-04,202.10819540070028,205.42503857555045,201.30139858491114,202.0185546875,43604000,AAPL
2025-06-05,202.69585814733983,203.94091870107042,199.35908978394463,199.8372039794922,55126100,AAPL
2025-06-06,202.19783403313102,204.8871617909174,201.2515910514923,203.11419677734375,46607700,AAPL
2025-06-09,203.58234611432158,205.18598475848052,199.22961916524454,200.65396118164062,72862600,AAPL
2025-06-10,199.80731310224203,203.54249456453348,199.77743286642308,201.86912536621094,54672600,AAPL
2025-06-11,202.6958722895077,203.69192080198684,197.62598900862739,197.99452209472656,60989900,AAPL
2025-06-12,198.29333609984755,198.890956077424,196.58013147350607,198.41285705566406,43904600,AAPL
2025-06-13,198.94075911963023,199.57822954037988,194.92668495173118,195.67372131347656,51447300,AAPL
2025-06-16,196.52037110088898,197.90487790098294,195.78328974313985,197.6359405517578,43020700,AAPL
2025-06-17,196.4207613301707,197.6060614779548,194.43863454049264,194.86692810058594,38856200,AAPL
2025-06-18,195.16573699325735,196.7893008408277,194.2991796996429,195.80320739746094,45394700,AAPL
2025-06-20,197.45666110928434,200.90298042554332,196.08210930882012,200.20574951171875,96813500,AAPL
2025-06-23,200.83325703321927,201.50060768152076,198.17380945321412,200.70376586914062,55814300,AAPL
2025-06-24,201.78944331230142,202.63609053842802,199.40888822531906,199.5084991455078,54064000,AAPL
2025-06-25,200.65395335177794,202.8651820841085,199.82723133036671,200.76351928710938,39525700,AAPL
2025-06-26,200.63404307360597,201.8392684520338,198.67184150130464,200.20574951171875,50799100,AAPL
2025-06-27,201.09222774816857,202.41697405518968,199.20969672208463,200.28543090820312,73188600,AAPL
2025-06-30,201.21175129212304,206.570497066428,198.47261792694385,204.35926818847656,91912800,AAPL
2025-07-01,205.85332972802502,209.35942450018746,205.3254252695324,206.99879455566406,78788900,AAPL
2025-07-02,208.08449026524102,212.49697770796604,207.31752868499885,211.6005401611328,67941800,AAPL
2025-07-03,211.31168447150716,213.80180573654258,210.97303162710094,212.70616149902344,34955800,AAPL
2025-07-07,211.83958469799765,215.37555986284275,207.97492690746134,209.12037658691406,50229000,AAPL
2025-07-08,209.26980118177752,210.59453234535175,207.62631199643187,209.18014526367188,42848900,AAPL
2025-07-09,208.7020103462271,210.4949004226829,206.4011410808137,210.30564880371094,48749400,AAPL
2025-07-10,209.67816220166208,212.63642743345136,209.2000631819418,211.57066345214844,44443600,AAPL
2025-07-11,209.73792710960444,211.29176024279,209.03072603053,210.32559204101562,39765800,AAPL
2025-07-14,209.10044482334126,210.07658325197187,206.71988962428105,207.79562377929688,38840100,AAPL
2025-07-15,208.39327261019983,211.05272033528996,208.09445501444372,208.28370666503906,42296300,AAPL
2025-07-16,209.4689749722687,211.5606674273932,207.81553103262843,209.32952880859375,47490500,AAPL
2025-07-17,209.7379389650813,210.9630743588066,208.7618004967043,209.1901092529297,48068100,AAPL
2025-07-18,210.0367321724359,210.95309492429405,208.87135730762196,210.3455047607422,48974600,AAPL
2025-07-21,211.2618775331451,214.92732845073886,210.7937335563828,211.64036560058594,51377400,AAPL
2025-07-22,212.29776458434165,214.1006098348481,211.39135685335447,213.5527801513672,46404100,AAPL
2025-07-23,214.15041924441525,214.29982043425818,211.57065737650467,213.30377197265625,46989300,AAPL
2025-07-24,213.05475989741393,214.83769515517375,212.68622683006964,212.91531372070312,46022600,AAPL
2025-07-25,213.85161823157193,214.38949295365802,212.55675209148805,213.0348663330078,40268800,AAPL
2025-07-28,213.18423737412155,214.00100435562788,212.21806921233596,213.20416259765625,37858000,AAPL
2025-07-29,213.33365491441555,213.96117031669576,209.9869466315705,210.43516540527344,51411700,AAPL
2025-07-30,211.06265157316113,211.55072076453234,206.89917652304968,208.2239227294922,45512500,AAPL
2025-07-31,207.6661338109758,209.0107900151974,206.34138763159262,206.74977111816406,80698400,AAPL
2025-08-01,210.03674932642843,212.7360475386617,200.7037794341265,201.58030700683594,104434500,AAPL
2025-08-04,203.70186769022786,207.0585613783641,200.88304868853191,202.5464630126953,75109300,AAPL
2025-08-05,202.59624780213056,204.52858421879685,201.36115745633876,202.11814880371094,44155100,AAPL
2025-08-06,204.81744899810374,214.52892145014,204.77759854868273,212.40733337402344,108483100,AAPL
2025-08-07,218.01510326859565,219.9773200540019,215.7241886502616,219.16055297851562,90224800,AAPL
2025-08-08,219.95738825778145,230.08719950298993,218.38362983130105,228.4437255859375,113854000,AAPL
2025-08-11,227.27701087414155,228.91238364576833,224.12592192869855,226.53909301757812,61806100,AAPL
2025-08-12,227.36673308681236,230.14887046423402,226.42939779448272,229.00210571289062,55626200,AAPL
2025-08-13,230.4181341091737,234.33703985510917,229.77992501054072,232.6717529296875,69878500,AAPL
2025-08-14,233.39969406647393,234.4567012802976,230.19875827485632,232.12330627441406,51916300,AAPL
2025-08-15,233.3398655982593,233.61907447658757,228.69300821277216,230.93666076660156,56038700,AAPL
2025-08-18,231.04634466466607,232.46233685580373,229.46083388892833,230.23863220214844,37476200,AAPL
2025-08-19,230.6275464777077,232.21305735738468,228.70299840660482,229.90957641601562,39402600,AAPL
2025-08-20,229.33119207499826,229.81981519856654,225.13307755654054,225.3723907470703,42263900,AAPL
2025-08-21,225.63166356522294,225.88095827873425,223.14868274098328,224.26551818847656,30621200,AAPL
2025-08-22,225.53193619713707,228.44369658121065,224.77408575714253,227.11744689941406,42477800,AAPL
2025-08-25,225.84107546750252,228.65312729963858,225.59178073979155,226.5191650390625,30983100,AAPL
2025-08-26,226.22996704217394,228.84258604761433,224.05612439304167,228.6630859375,54575100,AAPL
2025-08-27,227.96506627689797,230.24859923631865,227.6160475796746,229.8397674560547,31259500,AAPL
2025-08-28,230.16883391080088,232.7515235304584,228.692998228932,231.90391540527344,38074700,AAPL
2025-08-29,231.85405874294378,232.7216147258446,230.71727541448905,231.485107421875,39418400,AAPL
2025-09-02,228.60325464814514,230.19874691737337,226.3296880547272,229.07192993164062,44075600,AAPL
2025-09-03,236.5408165177042,238.17618932549604,233.69885053091846,237.79725646972656,66427800,AAPL
2025-09-04,237.77731160532718,239.2232180033205,236.07214416452067,239.1035614013672,47549400,AAPL
2025-09-05,239.32291694518142,240.63920029193574,237.81718240373485,239.0137939453125,54870400,AAPL
2025-09-08,238.62490021245955,239.47249309970456,235.67324414176576,237.2089080810547,48999500,AAPL
2025-09-09,236.33139119913957,238.1063683630383,232.70166073618753,233.68887329101562,66313900,AAPL
2025-09-10,231.53498298240493,231.7643298806428,225.31258085277642,226.15020751953125,83440800,AAPL
2025-09-11,226.23995033725743,229.7998710451417,226.010588238333,229.3810577392578,50208600,AAPL
2025-09-12,228.5733443098202,233.84841389514688,228.3739115767776,233.40966796875,55824200,AAPL
2025-09-15,236.33139853346725,237.5180438551372,234.36695488957946,236.03224182128906,42699500,AAPL
2025-09-16,236.51088466190768,240.53949594661788,235.65332541334,237.4781494140625,63421100,AAPL
2025-09-17,238.2958480596019,239.42266510979977,237.05934071942244,238.3157958984375,46508000,AAPL
2025-09-18,239.2930082114909,240.51953392817583,235.98236714862816,237.2089080810547,44249600,AAPL
2025-09-19,240.54944568604057,245.60514967420656,239.53233423145286,244.80740356445312,163741300,AAPL
2025-09-22,247.5995237986898,255.9160073848096,247.42002368458668,255.35755920410156,105517400,AAPL
2025-09-23,255.15814081026073,256.6140134777918,252.86462630601793,253.71221923828125,60275200,AAPL
2025-09-24,254.49999981420794,255.01853710208397,250.33178410429736,251.59820556640625,42303700,AAPL
2025-09-25,252.4956917858775,256.44452717224715,250.99992334214926,256.1453552246094,55202100,AAPL
2025-09-26,253.38315498635407,256.87328100426123,253.06405044687503,254.73931884765625,46076300,AAPL
2025-09-29,253.84185736381545,254.28061851263055,252.29622703166862,253.71221923828125,40127700,AAPL
2025-09-30,254.1410137555297,255.1980209495745,252.39595068950493,253.9116668701172,37704300,AAPL
2025-10-01,254.3205078449461,258.05994405161016,254.21081755391603,254.72935485839844,48713900,AAPL
2025-10-02,255.85613542550084,257.45162766856953,253.43299812845933,256.40460205078125,42630200,AAPL
2025-10-03,253.9515436206674,258.5086431914624,253.23357360959045,257.2920837402344,49155600,AAPL
2025-10-06,257.2621712100349,258.3391414491699,254.33047806472084,255.96585083007812,44664100,AAPL
2025-10-07,256.0854948355218,256.67382669789566,254.70938317067183,255.75643920898438,31955800,AAPL
2025-10-08,255.79633660873378,257.7906945345413,255.38748958216482,257.3320007324219,36496900,AAPL
2025-10-09,257.082687156571,257.2721535801604,252.42586356688122,253.3233184814453,38322000,AAPL
2025-10-10,254.2207817432353,255.6567217403356,243.3116425485481,244.57806396484375,61999100,AAPL
2025-10-13,248.6764678182016,248.98559082884384,244.86723728717817,246.96131896972656,38142900,AAPL
2025-10-14,245.90431694508948,248.14796941642882,244.00966795095763,247.07101440429688,35478000,AAPL
2025-10-15,248.78616738422895,251.10959602979932,246.77186176083558,248.63658142089844,33893600,AAPL
2025-10-16,247.54966879270205,248.33743345063007,244.43847540742667,246.75192260742188,39777000,AAPL
2025-10-17,247.3203043073955,252.66518358811555,246.57242016484557,251.5782470703125,49147000,AAPL
2025-10-20,255.168106265739,263.63416054313814,254.90884523128253,261.50018310546875,90483000,AAPL
2025-10-21,261.1412435480521,264.54162761794373,261.0913663387469,262.0287170410156,46695900,AAPL
2025-10-22,261.9090191460537,262.1084670888602,254.70938662410154,257.72088623046875,45015300,AAPL
2025-10-23,259.206686997747,259.8847613495841,257.28213901467177,258.8476867675781,32754900,AAPL
2025-10-24,260.4531458541269,263.3848541030092,258.44880663072195,262.07855224609375,38253700,AAPL
2025-10-27,264.13276036080543,268.36078929414754,263.90339825112477,268.0516662597656,44888200,AAPL
2025-10-28,268.23113785786586,269.12862319727753,267.39351124836816,268.2411193847656,41534800,AAPL
2025-10-29,268.5203194424725,270.6443152614699,266.35642794866993,268.93914794921875,51086700,AAPL
2025-10-30,271.2226702585742,273.36662916750566,267.72259312931254,270.63433837890625,69886500,AAPL
2025-10-31,276.2085891024436,276.53767519933945,268.40069127196034,269.6072692871094,86167100,AAPL
2025-11-03,269.65711516237894,270.08589475979994,265.49886601188945,268.29095458984375,50194600,AAPL
2025-11-04,267.5730004152706,270.72408938596277,266.86501191822913,269.2781982421875,49274800,AAPL
2025-11-05,267.8522167164328,270.9335263776032,266.17696342424256,269.3779296875,43683100,AAPL
2025-11-06,267.1342708755924,272.6287059365568,267.1342708755924,269.0089416503906,51204000,AAPL
2025-11-07,269.03885049148494,271.5218466038475,266.0173996929098,267.7126159667969,48227400,AAPL
2025-11-10,268.46122924118225,273.22240319845355,266.96401085683,268.93035888671875,41312400,AAPL
2025-11-11,269.3096487524697,275.3983427074405,269.2996575494418,274.73956298828125,46208300,AAPL
2025-11-12,274.49002155435767,275.2186787593472,271.19615348009904,272.9628601074219,48398000,AAPL
2025-11-13,273.6016697208788,276.1868935731559,271.5854266195937,272.44384765625,49602800,AAPL
2025-11-14,270.54732197227213,275.44821996704485,269.10002929321837,271.9048156738281,47431300,AAPL
2025-11-17,268.3214829895084,269.98836893107386,265.237217022597,266.9639892578125,45018300,AAPL
2025-11-18,269.48932037088264,270.2079864201871,264.8279974843966,266.9440612792969,45677300,AAPL
2025-11-19,265.0375710636542,271.7051756343288,265.00762791735707,268.06195068359375,40424500,AAPL
2025-11-20,270.327749378444,274.91922505965954,265.42688147061517,265.7562561035156,45823600,AAPL
2025-11-21,265.4568071090486,272.8230952896135,265.17732758833057,270.98651123046875,59030800,AAPL
2025-11-24,270.397615191446,276.4863089537433,270.397615191446,275.4083251953125,65585800,AAPL
2025-11-25,274.75953066216096,279.8600705608694,274.73957871594786,276.4563903808594,46914200,AAPL
2025-11-26,276.44637611579356,279.01161742605893,276.1170014953278,277.0352783203125,33431400,AAPL
2025-11-28,276.7458380127342,278.4826014787427,275.4781737009374,278.3328857421875,20135600,AAPL
2025-12-01,277.4944549964911,282.89442609469603,275.62792768573877,282.57501220703125,46587700,AAPL
2025-12-02,282.47518456741903,286.86701880065203,282.10587559562896,285.6592712402344,53669500,AAPL
2025-12-03,285.6692634925469,288.0847586222564,282.77461708045536,283.623046875,43538700,AAPL
2025-12-04,283.5731318378766,284.20196835267484,278.07334059490756,280.179443359375,43989100,AAPL
2025-12-05,280.01974631085085,280.6186397013617,277.53434330937836,278.26300048828125,47265800,AAPL
2025-12-08,277.6142094762677,279.15136205700173,275.6378704438954,277.3746643066406,38211800,AAPL
2025-12-09,277.64414811825674,279.5106752769474,276.40645748061854,276.66595458984375,32193300,AAPL
2025-12-10,277.23491184461454,279.2312028389952,275.92734368017386,278.26300048828125,33038300,AAPL
2025-12-11,278.5824273392719,279.07150890817053,273.3022288840155,277.514404296875,33248000,AAPL
2025-12-12,277.38464634485007,278.70220580092337,276.30666253778065,277.7639465332031,39532900,AAPL
2025-12-15,279.63046152672615,279.63046152672615,272.33402020742307,273.6016540527344,50409100,AAPL
2025-12-16,272.3140798989353,274.9891026980292,271.2859911871425,274.1007385253906,37648600,AAPL
2025-12-17,274.50001118897205,275.6478724530811,271.13626563598973,271.33587646484375,50138700,AAPL
2025-12-18,273.1025913325419,273.12257373871984,266.4549687260805,271.68524169921875,51630700,AAPL
2025-12-19,271.6453053723066,274.09077415448866,269.399477884542,273.1625061035156,144632000,AAPL
2025-12-22,272.3539780142796,273.37210596231955,270.00836035897595,270.4674987792969,36571800,AAPL
2025-12-23,270.3377490962612,271.99467443806464,269.06012395403746,271.85491943359375,29642000,AAPL
2025-12-24,271.8349404799371,274.9192064044749,271.69521595033444,273.3022155761719,17910600,AAPL
2025-12-26,273.65157518449314,274.859322715931,272.35396775197984,272.8929748535156,21521800,AAPL
2025-12-29,272.1843267483383,273.8512128461511,271.8449608988494,273.2523498535156,23715200,AAPL
2025-12-30,272.304089543875,273.5717234473003,271.77507361210075,272.5735778808594,22139600,AAPL
2025-12-31,272.553621806917,273.17246717497864,271.24605357156486,271.3558349609375,27293600,AAPL
2026-01-02,271.75509761912826,277.32473598417806,268.5011336129586,270.5074157714844,37838100,AAPL
2026-01-05,270.1381104139889,271.0064921177503,265.6464557026853,266.7643737792969,45647200,AAPL
2026-01-06,266.504853430471,267.0538212812338,261.6338984265986,261.8734436035156,52352100,AAPL
2026-01-07,262.71190159101934,263.1909919246956,259.32817380451803,259.8471984863281,48309800,AAPL
2026-01-08,256.5433578451618,258.80916773471864,255.22581364132833,258.55963134765625,50419300,AAPL
2026-01-09,258.5995368285105,259.7274461787287,255.74485516422806,258.8890075683594,39997000,AAPL
2026-01-12,258.6794199598783,260.8154357257053,256.32378048041085,259.76739501953125,45263800,AAPL
2026-01-13,258.24022168851656,261.3244878277737,257.9108470550362,260.5658874511719,45730800,AAPL
2026-01-14,259.0087756526009,261.33447181199796,256.23393227813756,259.4779052734375,40019400,AAPL
2026-01-15,260.1666175851947,260.5559089501236,256.5732877053955,257.73114013671875,39388600,AAPL
2026-01-16,257.4217372195352,258.41988279267105,254.45724364888233,255.05613708496094,72142800,AAPL
2026-01-20,252.26132447540706,254.31750190322293,242.9685916985444,246.2425079345703,80267500,AAPL
2026-01-21,248.23880604127606,251.09350304772093,244.72532928784554,247.1907501220703,54641700,AAPL
2026-01-22,248.737864640942,250.53452965267718,247.68980878155546,247.8894500732422,39708300,AAPL
2026-01-23,246.86136630134166,248.94748685874615,244.22624741136653,247.58001708984375,41689000,AAPL
2026-01-26,251.01363570547153,256.08421686766076,249.336758511775,254.9363555908203,55969200,AAPL
2026-01-27,258.68937090303496,261.46421404872183,257.73112933459527,257.791015625,49648300,AAPL
2026-01-28,257.17220993748055,258.3799575946877,254.03803333601454,255.96446228027344,41288000,AAPL
2026-01-29,257.52154586161765,259.16847988830324,253.93820707645818,257.801025390625,67253000,AAPL
2026-01-30,254.69678984095313,261.41430490835,251.7123292610244,258.9988098144531,92443400,AAPL
2026-02-02,259.5478036352127,269.98839826257677,258.7293169184304,269.5093078613281,73913400,AAPL
2026-02-03,268.70080609664296,271.3758289780004,267.11372779647115,268.98028564453125,64394700,AAPL
2026-02-04,271.7850411492978,278.432693698261,271.7850411492978,275.97723388671875,90545700,AAPL
2026-02-05,277.6142303156022,278.98168486317746,272.72332314901723,275.3983459472656,52977400,AAPL
2026-02-06,276.6060720438839,280.3890519626743,276.4164219647768,277.6042175292969,50453400,AAPL
2026-02-09,277.6541982366954,277.9439398399519,271.4499228389202,274.3672180175781,44623400,AAPL
2026-02-10,274.6369782150198,275.11651686144285,272.68876099546605,273.4280700683594,34376900,AAPL
2026-02-11,274.44714753122867,279.92208361183503,274.1973776592452,275.24639892578125,51931300,AAPL
2026-02-12,275.3363333447182,275.46621856633783,259.94051360693726,261.4891052246094,81077200,AAPL
2026-02-13,261.7688319830923,261.9886306947134,255.21485759663088,255.5445556640625,56290700,AAPL
2026-02-17,257.8124646511843,266.0449008431299,255.30478047881587,263.6371154785156,58469100,AAPL
2026-02-18,263.35737977838915,266.57441720150126,262.20844437502524,264.106689453125,34203300,AAPL
2026-02-19,262.35827847824623,264.2365527856389,259.81060750150084,260.3401184082031,30845300,AAPL
2026-02-20,258.73163460792017,264.5063132392292,257.9223826043077,264.3364562988281,42070500,AAPL
2026-02-23,263.24744081710827,269.1819753311392,263.13755670993424,265.9349670410156,37308200,AAPL
2026-02-24,267.61343657617186,274.6369951599546,267.46358073991865,271.8895263671875,47014600,AAPL
2026-02-25,271.5298429675081,274.6869380517792,270.8005039088116,273.97760009765625,33714300,AAPL
2026-02-26,274.6969199809464,275.8558253670768,270.55071567552415,272.6987609863281,32345100,AAPL
2026-02-27,272.5588900215503,272.5588900215503,262.6480379442022,263.93682861328125,72366500,AAPL
2026-03-02,262.16844722421786,266.2846497598317,259.960490133898,264.476318359375,41827900,AAPL
2026-03-03,263.23749216234586,265.31556422164516,259.8905695547566,263.5072326660156,38568900,AAPL
2026-03-04,264.4063951364299,265.9050144519466,261.179387723623,262.2783508300781,39803100,AAPL
2026-03-05,260.54995479568396,261.3192350446657,257.01320478174756,260.0504150390625,49658600,AAPL
2026-03-06,258.39192833924307,258.53178361058343,254.13584003818684,257.2229919433594,41120000,AAPL
2026-03-09,255.45463216869055,260.9095975388004,253.44647267699952,259.6407775878906,38218500,AAPL
2026-03-10,257.4128391437035,262.2384104290217,256.71350175461305,260.58990478515625,30590800,AAPL
2026-03-11,260.8496568052655,261.888707997661,259.3110658747261,260.5699157714844,26218900,AAPL
2026-03-12,258.4219063383753,258.71164792954545,253.94601921584928,255.52456665039062,40794000,AAPL
2026-03-13,255.24483747003174,256.0940459350445,249.29033192864068,249.8897705078125,36930000,AAPL
2026-03-16,251.87794235419486,253.6563027081548,249.6499992581203,252.58729553222656,32074200,AAPL
2026-03-17,252.72716690012706,254.89516767044782,251.94787083452104,253.99598693847656,32361600,AAPL
2026-03-18,252.3974721128864,254.70534343896443,248.7708084606242,249.70994567871094,35757900,AAPL
2026-03-19,249.17043241392184,251.5982036354298,247.0723745163624,248.73085021972656,34864100,AAPL
2026-03-20,247.7517334570195,248.97061168291066,245.77356028907465,247.76173400878906,88331100,AAPL
2026-03-23,253.73622734962268,254.3656523266213,250.0496214753341,251.25851440429688,40546100,AAPL
2026-03-24,250.1195650925759,254.5954370944537,249.32029842391177,251.4083709716797,45152300,AAPL
2026-03-25,253.86611511385965,254.76528059453105,251.3684162845015,252.38746643066406,28476700,AAPL
2026-03-26,251.88793104116345,256.76344411909713,250.53918279672283,252.6572265625,41796700,AAPL
2026-03-27,253.666280215245,255.2548282141602,247.8416601166152,248.57098388671875,47900000,AAPL
2026-03-30,249.83982057534305,250.63907198816298,245.28400520065438,246.40298461914062,39446200,AAPL
2026-03-31,247.6818040942864,255.24482803058763,246.87255213324852,253.55638122558594,49598100,AAPL
2026-04-01,253.8461228128272,255.94418062939917,253.096813183035,255.3946990966797,40059400,AAPL
2026-04-02,253.96601496217014,255.89424639361263,250.4192795609811,255.68443298339844,31289400,AAPL
2026-04-06,256.27389167390277,261.9186847371787,256.2239194053331,258.6217041015625,29329900,AAPL
2026-04-07,255.92421782448065,255.96418954301222,245.47383916108728,253.26666259765625,62148000,AAPL
2026-04-08,258.2121146377317,259.51090582044134,256.29386854025813,258.66168212890625,41032800,AAPL
2026-04-09,258.7615948993736,260.879638597066,255.8342992320816,260.2502136230469,28121600,AAPL
2026-04-10,259.7406946341393,261.94865175168746,258.78155637925676,260.240234375,31291500,AAPL
2026-04-13,259.49093671136296,259.9405042051452,256.4237552437805,258.96142578125,36234700,AAPL
2026-04-14,259.01136264890187,261.68888841493145,256.9532612999924,258.59173583984375,48370700,AAPL
2026-04-15,257.92237663273806,266.3146386359468,257.57269269729437,266.18475341796875,49913500,AAPL
2026-04-16,266.55439590858066,266.91408037974617,261.0294875448873,263.15753173828125,43323100,AAPL
2026-04-17,266.7142527536172,272.0493335842862,266.47448343207725,269.98126220703125,61436200,AAPL
2026-04-20,270.08114756253855,274.0275237795767,270.04120633500696,272.79864501953125,36590200,AAPL
2026-04-21,271.250098918132,272.5488901425708,265.1557075406741,265.9250183105469,50209800,AAPL
2026-04-22,267.5734973129919,273.48803128351057,266.62435952726383,272.9185791015625,43249200,AAPL
2026-04-23,274.79681820267325,275.5161566987003,271.39995382845746,273.1783142089844,33399600,AAPL
2026-04-24,272.50893317942314,272.80864483253174,269.4017800912603,270.81048583984375,38157100,AAPL
2026-04-27,265.84505761361925,268.1129570778125,264.8260075108844,267.3636474609375,41466800,AAPL
2026-04-28,272.0893199684016,272.97851539952296,268.4127145556596,270.4608154296875,40018900,AAPL
2026-04-29,267.3037117460274,270.7905199823619,266.7942019267937,269.92132568359375,30047900,AAPL
2026-04-30,270.25102650288807,275.7459641951834,267.893213328058,271.1002502441406,91848200,AAPL
2026-05-01,278.6032901046287,286.95561044034525,278.1137509144006,279.88214111328125,79915400,AAPL
2026-05-04,279.4025768563376,280.3716851917065,274.60697695873915,276.5751647949219,46668400,AAPL
2026-05-05,276.6750995896243,284.30808218316156,276.2455026895375,283.9184265136719,49311700,AAPL
2026-05-06,281.66051049385584,287.76487170009636,280.8112868075762,287.245361328125,58336100,AAPL
2026-05-07,289.00371711581823,291.8611003514943,285.5169394038565,287.1754150390625,45224300,AAPL
2026-05-08,289.7430674686918,294.4886952888782,289.7330669166447,293.0500183105469,52692800,AAPL
2026-05-11,291.9800109863281,293.8800048828125,290.2300109863281,292.67999267578125,42247300,AAPL
2026-05-12,292.55999755859375,295.2699890136719,292.55999755859375,294.79998779296875,45748100,AAPL
2026-05-13,293.5,300.9200134277344,293.5,298.8699951171875,52684300,AAPL
2026-05-14,299.82000732421875,300.45001220703125,295.3800048828125,298.2099914550781,35324900,AAPL
2026-05-15,297.8999938964844,303.20001220703125,296.5199890136719,300.2300109863281,54862800,AAPL
2026-05-18,300.239990234375,300.6600036621094,294.9100036621094,297.8399963378906,34483000,AAPL
2026-05-19,296.9700012207031,300.510009765625,296.3500061035156,298.9700012207031,42243600,AAPL
2026-05-20,298.17999267578125,302.79998779296875,298.0799865722656,302.25,38229800,AAPL
2026-05-21,301.05999755859375,305.5400085449219,300.3999938964844,304.989990234375,42965100,AAPL
2026-05-22,306.1199951171875,311.3999938964844,305.8399963378906,308.82000732421875,43627900,AAPL
