date,open,high,low,close,volume,ticker
2016-05-25,36.44874601836761,36.69124097023093,36.32973076419772,36.602474212646484,32216000,GOOGL
2016-05-26,36.49834412863441,36.75125491478101,36.349575971169294,36.544464111328125,27202000,GOOGL
2016-05-27,36.57322348596186,37.08896139043082,36.548426902857365,37.07358932495117,34802000,GOOGL
2016-05-31,37.131109896821435,37.3651753988846,36.97291724217647,37.13557434082031,42484000,GOOGL
2016-06-01,37.11673326938908,37.26054513375174,36.911924986167286,37.11623764038086,20788000,GOOGL
2016-06-02,36.99921183454372,37.05872137757004,36.54793964597435,36.90846252441406,33916000,GOOGL
2016-06-03,36.7705882434434,36.7705882434434,36.39469343628079,36.49139404296875,24608000,GOOGL
2016-06-06,36.62231898807054,36.62231898807054,36.11600557705552,36.20377731323242,29992000,GOOGL
2016-06-07,36.36296376522541,36.53355094153868,36.24047530192825,36.25485610961914,24314000,GOOGL
2016-06-08,36.67190753588196,36.88564092123862,36.4869395496768,36.842002868652344,32314000,GOOGL
2016-06-09,36.551405174869274,36.8915920551613,36.523139188296824,36.82167053222656,19180000,GOOGL
2016-06-10,36.495862795917674,36.67884825680012,36.22609307985645,36.35899353027344,29050000,GOOGL
2016-06-13,36.19188053151768,36.6471176967385,36.19188053151768,36.294036865234375,23354000,GOOGL
2016-06-14,36.16657764454826,36.49833497914001,36.02723025679011,36.361961364746094,26584000,GOOGL
2016-06-15,36.4447810548374,36.55536684597205,36.265760634052604,36.30940246582031,23234000,GOOGL
2016-06-16,36.09963375182004,36.22013968757735,35.483725874897274,35.91565704345703,45002000,GOOGL
2016-06-17,35.77382821617117,35.77382821617117,34.768635946528406,34.92385482788086,82262000,GOOGL
2016-06-20,35.22436861959818,35.500089654650886,34.98137801259093,35.01708221435547,45654000,GOOGL
2016-06-21,35.2114764995057,35.475794298716586,34.944188709851076,35.15345764160156,30318000,GOOGL
2016-06-22,35.40983715953866,35.41777100647632,35.00468506933066,35.232303619384766,29058000,GOOGL
2016-06-23,35.23627149298011,35.4509961172374,34.725493694530094,35.45050048828125,42500000,GOOGL
2016-06-24,34.22562795004853,34.96105061399816,33.96478331508947,33.979164123535156,95436000,GOOGL
2016-06-27,33.84477214472343,33.88642767730192,33.35730026102296,33.77782440185547,58146000,GOOGL
2016-06-28,34.28513786213569,34.35307687295187,33.961809916190404,34.27968215942383,38246000,GOOGL
2016-06-29,34.42845121722623,34.688300791810555,34.35009643657887,34.47456741333008,43124000,GOOGL
2016-06-30,34.59655672969045,34.90004810804574,34.460183104318745,34.888145446777344,42250000,GOOGL
2016-07-01,34.966000909618145,35.33445369037429,34.89806191855127,35.22138977050781,30984000,GOOGL
2016-07-05,34.96154444049597,35.11576829328428,34.66995568759762,34.95559310913086,28440000,GOOGL
2016-07-06,34.705161889897475,35.35776902803737,34.663506356617944,35.157920837402344,28902000,GOOGL
2016-07-07,35.21444999704518,35.2174237705734,34.74631902224402,35.073116302490234,21174000,GOOGL
2016-07-08,35.23676583961564,35.600758001827025,35.115268648090144,35.59480667114258,29946000,GOOGL
2016-07-11,35.676139452037354,36.147739901193745,35.64886472349586,36.06195068359375,28822000,GOOGL
2016-07-12,36.296010551777066,36.47850036333278,36.07682149960083,36.32526779174805,26468000,GOOGL
2016-07-13,36.474544725983186,36.474544725983186,36.152208024084345,36.175018310546875,20436000,GOOGL
2016-07-14,36.396186247042976,36.505285161253894,36.23005973074089,36.488426208496094,21408000,GOOGL
2016-07-15,36.74628841937157,36.74628841937157,36.43089438119106,36.4799919128418,32342000,GOOGL
2016-07-18,36.593055044872514,37.447492820416564,36.52362916168582,37.351287841796875,38698000,GOOGL
2016-07-19,37.186158559557356,37.519402852180285,37.11772392326122,37.36170959472656,30436000,GOOGL
2016-07-20,37.39344235996958,37.72024345265381,37.39344235996958,37.543701171875,22502000,GOOGL
2016-07-21,37.539729022096616,37.59676039889288,37.2679768195528,37.411293029785156,19062000,GOOGL
2016-07-22,37.555605264775416,37.661230989831516,37.32451352158369,37.652801513671875,20920000,GOOGL
2016-07-25,37.5734550873279,37.67958022370046,37.394434656748906,37.565521240234375,21466000,GOOGL
2016-07-26,37.56551730443537,37.65180592231987,37.3289736696409,37.571964263916016,23792000,GOOGL
2016-07-27,37.63742191548351,37.909174098131736,37.48666749904121,37.786190032958984,32172000,GOOGL
2016-07-28,38.12688319509839,38.133330155205364,37.643376320784256,37.978111267089844,73464000,GOOGL
2016-07-29,39.558546365718506,39.86748965197744,39.17620459857705,39.24265670776367,101810000,GOOGL
2016-08-01,39.01107110759106,40.04353807350582,38.9302381893422,39.71872329711914,60594000,GOOGL
2016-08-02,39.539706284418166,39.78716134985954,39.40085450088941,39.678062438964844,39928000,GOOGL
2016-08-03,39.497059741976315,39.649301075841734,39.32597315639033,39.618553161621094,29206000,GOOGL
2016-08-04,39.5848298354815,39.68202608054632,39.37060083648168,39.535736083984375,21520000,GOOGL
2016-08-05,39.67756561496506,40.03015076539793,39.56350663425749,40.015769958496094,36146000,GOOGL
2016-08-08,39.96965894919192,40.04900500286693,39.75592553014706,39.93147659301758,24426000,GOOGL
2016-08-09,39.89476494546879,40.33314305393591,39.87344155144007,40.04304122924805,32154000,GOOGL
2016-08-10,40.02172741726488,40.21165549329873,39.99395705714359,40.093135833740234,18370000,GOOGL
2016-08-11,40.191315100155975,40.36041915480617,39.96964789374153,40.0787467956543,25646000,GOOGL
2016-08-12,39.92452464166716,40.02866347512785,39.8526168244554,40.02172088623047,17946000,GOOGL
2016-08-15,40.02965429641467,40.235453816280426,39.87195726934371,39.96766662597656,18596000,GOOGL
2016-08-16,39.84567570725377,39.88336621033289,39.523339048868735,39.73112487792969,21158000,GOOGL
2016-08-17,39.67211658152882,39.95131085748186,39.48863168030522,39.940895080566406,21322000,GOOGL
2016-08-18,39.93791799504578,40.06883593864311,39.75294622200664,39.80848693847656,17292000,GOOGL
2016-08-19,39.66168959744993,39.73310177824422,39.51738591598369,39.654747009277344,22416000,GOOGL
2016-08-22,39.59821849911361,39.63739588701339,39.390932093681144,39.52085876464844,17056000,GOOGL
2016-08-23,39.695911586274086,39.72169942636103,39.47325310960791,39.50300598144531,18350000,GOOGL
2016-08-24,39.51639840253241,39.59574444443538,39.21389823877548,39.354736328125,25672000,GOOGL
2016-08-25,39.27538982695256,39.4102765832393,39.03884615787921,39.24067687988281,24054000,GOOGL
2016-08-26,39.299691888546334,39.64236070790431,39.14695491713737,39.33589172363281,24978000,GOOGL
2016-08-29,39.32745977997956,39.598716386747114,39.19207739937307,39.46482467651367,15474000,GOOGL
2016-08-30,39.319026386657725,39.5729283869087,39.14992233499226,39.271419525146484,23348000,GOOGL
2016-08-31,39.15637154554596,39.25406341884714,39.037356276639436,39.16876983642578,21428000,GOOGL
2016-09-01,39.274393783780425,39.319522501186384,38.99421209636444,39.24563217163086,26070000,GOOGL
2016-09-02,39.43755303317884,39.52830232852005,39.337874848610355,39.51689529418945,26998000,GOOGL
2016-09-06,39.59227244752184,40.21214923065979,39.4454868057042,40.069828033447266,39790000,GOOGL
2016-09-07,40.06535511520292,40.197759920590386,39.856581839226074,40.06833267211914,22906000,GOOGL
2016-09-08,39.930970295705485,40.08965857723117,39.72219322322258,39.81294250488281,23554000,GOOGL
2016-09-09,39.61111610723417,39.758896784574546,39.07951049554909,39.100833892822266,37752000,GOOGL
2016-09-12,38.90445871011842,39.68054183541113,38.85387428493225,39.61359786987305,37274000,GOOGL
2016-09-13,39.375063413723495,39.463334549811115,38.89502975873551,39.11273193359375,36180000,GOOGL
2016-09-14,39.05371784004065,39.490113445419176,39.05371784004065,39.19901657104492,25842000,GOOGL
2016-09-15,39.17670633103821,39.85311505544717,39.10975858250415,39.73310852050781,31144000,GOOGL
2016-09-16,39.623512960897855,39.623512960897855,39.35572575706211,39.571441650390625,42612000,GOOGL
2016-09-19,39.72715541149446,39.86997600750059,39.352751232306396,39.44350051879883,22990000,GOOGL
2016-09-20,39.67210906625243,39.8084826978531,39.58582044325571,39.661197662353516,20984000,GOOGL
2016-09-21,39.73459646229607,39.96519258740044,39.4752387210365,39.92155075073242,26970000,GOOGL
2016-09-22,40.168011803845225,40.61729757663681,40.054452234070325,40.46307373046875,35186000,GOOGL
2016-09-23,40.422911312380904,40.515147500226135,40.30340039307925,40.41398620605469,28234000,GOOGL
2016-09-26,40.15908672984777,40.171980650024054,39.694425108236764,39.803524017333984,29454000,GOOGL
2016-09-27,39.76286025686579,40.34108145584214,39.76286025686579,40.2042121887207,27346000,GOOGL
2016-09-28,39.87443357104302,40.18040687743677,39.809967758800916,40.170982360839844,29406000,GOOGL
2016-09-29,40.030642820692655,40.36190454568348,39.71475315916564,39.80302429199219,27000000,GOOGL
2016-09-30,39.85063332153985,40.07329178970308,39.7464944906586,39.873443603515625,33204000,GOOGL
2016-10-03,39.79856435558325,39.84765810849905,39.485156586603146,39.690956115722656,29784000,GOOGL
2016-10-04,39.92005747967014,39.9944434366282,39.655743490603086,39.810462951660156,25174000,GOOGL
2016-10-05,39.96965218742491,40.093627537747835,39.707320679083224,39.73310852050781,24276000,GOOGL
2016-10-06,39.87443373793204,40.01675869450655,39.697399622135485,39.82484436035156,21998000,GOOGL
2016-10-07,39.966179435986824,39.966675064939814,39.514411753622035,39.70731735229492,23262000,GOOGL
2016-10-10,39.866990071775454,40.53397789184133,39.78318339193587,40.374794006347656,29922000,GOOGL
2016-10-11,40.374804560718644,40.65697258095822,40.037591454310316,40.146690368652344,34432000,GOOGL
2016-10-12,40.265207629577795,40.39116548922834,40.09610734911758,40.25578689575195,18158000,GOOGL
2016-10-13,39.97312233863162,39.99741950780033,39.60367446068782,39.87443542480469,27380000,GOOGL
2016-10-14,40.04155648128074,40.17247440941919,39.78715884269366,39.90022277832031,22238000,GOOGL
2016-10-17,39.96915559860903,40.34108164064635,39.86204298695418,40.01130676269531,21128000,GOOGL
2016-10-18,40.3767859905438,41.10080156765005,40.333147939351875,40.7378044128418,45786000,GOOGL
2016-10-19,40.80673776431549,41.14990221886442,40.80673776431549,41.00311279296875,30002000,GOOGL
2016-10-20,41.038814054720824,41.083942776470344,40.69118896392038,40.744747161865234,27878000,GOOGL
2016-10-21,40.6639107485067,40.876652851654306,40.580104055872475,40.8652458190918,32316000,GOOGL
2016-10-24,41.16427631898356,41.55355690969719,41.11220501274694,41.4444580078125,28952000,GOOGL
2016-10-25,41.581333001019736,41.581333001019736,40.926743282825875,41.087913513183594,37814000,GOOGL
2016-10-26,41.016989252236314,41.04625027544677,40.48290558524893,40.76804733276367,35898000,GOOGL
2016-10-27,40.81318235131715,40.99021648753633,40.39662320804764,40.532501220703125,59470000,GOOGL
2016-10-28,41.156840283677674,41.60612605093556,40.515140757668846,40.642093658447266,87098000,GOOGL
2016-10-31,40.78441521557222,40.794335361866395,40.06883291599354,40.16305160522461,44854000,GOOGL
2016-11-01,40.21115448717782,40.3643908598248,39.58582205559819,39.94386291503906,47118000,GOOGL
2016-11-02,40.00734529111186,40.00734529111186,38.92826253082187,39.097862243652344,47014000,GOOGL
2016-11-03,38.9034645627497,39.176211854857065,38.6123714304505,38.78891372680664,43504000,GOOGL
2016-11-04,38.248870652847216,39.10083034211921,38.233994217349625,38.73485565185547,39412000,GOOGL
2016-11-07,39.42167930961891,39.920058805970264,39.32001862451289,39.77277755737305,39852000,GOOGL
2016-11-08,39.77277777837263,40.467532276714046,39.65326310030571,40.266197204589844,35382000,GOOGL
2016-11-09,39.76286308441992,40.25281317518037,39.27737743822736,39.94932174682617,61970000,GOOGL
2016-11-10,40.16801016326997,40.17098393698969,38.096629213823995,38.69468688964844,118192000,GOOGL
2016-11-11,38.52211510799207,38.54591664906911,37.963234795669976,38.27119064331055,71852000,GOOGL
2016-11-14,38.271682675398004,38.272673933254644,36.87472794865656,37.35227966308594,73766000,GOOGL
2016-11-15,37.95976302390478,38.69221187384428,37.94736851564315,38.44029235839844,58878000,GOOGL
2016-11-16,38.20523887402278,38.85387729546837,38.00241687884741,38.6793212890625,35968000,GOOGL
2016-11-17,38.80428404501941,39.121660634215026,38.67287047840376,38.985782623291016,30674000,GOOGL
2016-11-18,39.035868182676,39.240177027686165,38.44971317756701,38.4804573059082,36126000,GOOGL
2016-11-21,38.58608578500666,39.005123063165335,38.49682338384016,38.91834259033203,32616000,GOOGL
2016-11-22,39.126126495505844,39.363165796299874,38.865777497779675,38.928260803222656,27884000,GOOGL
2016-11-23,39.15240358493448,39.15240358493448,38.31581601216383,38.630714416503906,26260000,GOOGL
2016-11-25,38.809739256102695,38.82412006339192,38.590550177046076,38.691715240478516,12270000,GOOGL
2016-11-28,38.59848168523095,39.659214658057756,38.586083394615024,38.96743392944336,51508000,GOOGL
2016-11-29,39.09587056298145,39.49556694230976,38.94511612419917,39.1484375,31240000,GOOGL
2016-11-30,39.13158268627295,39.25109359617068,38.34061931970273,38.47599792480469,45582000,GOOGL
2016-12-01,38.608406724396346,38.61088486946278,37.35922865610931,37.90323257446289,57342000,GOOGL
2016-12-02,37.78272648223054,38.20920196187701,37.638914631333265,37.90967559814453,34376000,GOOGL
2016-12-05,38.184406955295856,38.680308344325674,38.034148138269195,38.592037200927734,33770000,GOOGL
2016-12-06,38.689732201472125,38.94214736062982,38.34904967521885,38.490875244140625,34682000,GOOGL
2016-12-07,38.677828769919465,39.27538704621044,38.35945715398941,39.249107360839844,40588000,GOOGL
2016-12-08,39.32250031409867,39.6225223235874,39.07256709997459,39.43259048461914,32250000,GOOGL
2016-12-09,39.63739604608283,40.165532207710385,39.57540837578578,40.1407356262207,38090000,GOOGL
2016-12-12,39.911140130691045,40.234963704932305,39.89675932211889,40.06387710571289,32572000,GOOGL
2016-12-13,40.286536976605205,40.87715653989558,40.26422231945155,40.43282699584961,42564000,GOOGL
2016-12-14,40.46158851570313,40.87517010235621,40.305873992751984,40.55928039550781,35994000,GOOGL
2016-12-15,40.53299818757671,40.812688069436334,40.2671934848368,40.44820022583008,35394000,GOOGL
2016-12-16,40.580104652013716,40.62423832922647,40.074778777211556,40.16007614135742,51978000,GOOGL
2016-12-19,40.13230881964824,40.47646450909607,39.89526574314572,40.291988372802734,25272000,GOOGL
2016-12-20,40.33513114188209,40.48985440647992,40.21760275231205,40.425880432128906,25438000,GOOGL
2016-12-21,40.451667039307594,40.451667039307594,39.92502152449157,40.2771110534668,29192000,GOOGL
2016-12-22,40.1233875826191,40.221079470772125,39.97114244961582,40.15214920043945,22632000,GOOGL
2016-12-23,40.06932614451522,40.21611176340098,39.9255142992832,40.05891036987305,15310000,GOOGL
2016-12-27,40.102555472320766,40.465556443570605,39.95973864327559,40.16454315185547,19520000,GOOGL
2016-12-28,40.33314821026562,40.33314821026562,39.79311313528553,39.898738861083984,24296000,GOOGL
2016-12-29,39.78765904771357,39.95725497065917,39.579876990598294,39.81493377685547,21148000,GOOGL
2016-12-30,39.83128697533126,39.83525578981268,39.15735654908643,39.297698974609375,34718000,GOOGL
2017-01-03,39.702854194904596,40.23941984674428,39.51788622033972,40.06932830810547,39180000,GOOGL
2017-01-04,40.1625565476015,40.33810757528948,39.87592787720034,40.05742645263672,30306000,GOOGL
2017-01-05,40.04403719083414,40.35347993020166,39.96568619388392,40.31777572631836,26810000,GOOGL
2017-01-06,40.41546657695587,41.108242374195086,40.24239748074538,40.922279357910156,40342000,GOOGL
2017-01-09,40.97980510527993,41.18114019886735,40.74425269352273,41.01997375488281,28178000,GOOGL
2017-01-10,41.01451533275923,41.130556829441424,40.81962721252851,40.96194839477539,23948000,GOOGL
2017-01-11,40.99220317879171,41.15485650891124,40.7368142580937,41.15287399291992,26508000,GOOGL
2017-01-12,41.07947755844788,41.178660105260526,40.713998480740365,41.13650894165039,26990000,GOOGL
2017-01-13,41.20940611652713,41.39040907050946,41.136015190305905,41.2064323425293,25804000,GOOGL
2017-01-17,41.15981329531637,41.168738399991994,40.82260021577669,41.03385543823242,28818000,GOOGL
2017-01-18,41.149895441987034,41.15039107092733,40.866236784204396,41.11121368408203,20554000,GOOGL
2017-01-19,41.11022772926218,41.308589050350946,40.86029450774119,40.88062286376953,21410000,GOOGL
2017-01-20,41.114685659918514,41.12212766134273,40.892027182126576,41.06906509399414,26124000,GOOGL
2017-01-23,41.23965988223693,41.93044944626472,41.09535238618774,41.875404357910156,49148000,GOOGL
2017-01-24,42.001850081379125,42.226990466708926,41.76877584981214,42.1283073425293,33768000,GOOGL
2017-01-25,42.32766519877117,42.58751477519403,42.13872461845083,42.570655822753906,33108000,GOOGL
2017-01-26,42.600408910411446,42.69710953150405,42.17740659261196,42.49775695800781,69866000,GOOGL
2017-01-27,42.59792713374453,42.99464594752585,41.74993627105297,41.9051513671875,75050000,GOOGL
2017-01-30,41.509920225210415,41.5183497009137,40.714988128917156,40.853843688964844,70338000,GOOGL
2017-01-31,40.63911489947876,40.81615280472264,40.33661476749601,40.67333221435547,40404000,GOOGL
2017-02-01,40.86227339981706,40.86227339981706,40.279587780187946,40.42786407470703,45020000,GOOGL
2017-02-02,40.415963207605486,40.890045571153436,40.26967320585819,40.5776252746582,33784000,GOOGL
2017-02-03,40.81913249418466,40.967900639756444,40.63167880428613,40.67036056518555,30562000,GOOGL
2017-02-06,40.70953830527926,40.782433600042616,40.380754685087716,40.7442512512207,27018000,GOOGL
2017-02-07,40.93665983419373,41.25502766801395,40.82706529787356,41.12162780761719,33332000,GOOGL
2017-02-08,41.18610061664639,41.37057675890526,40.91732214247317,41.153865814208984,26044000,GOOGL
2017-02-09,41.24560383092649,41.258002122135224,40.98624989062791,41.16278839111328,23884000,GOOGL
2017-02-10,41.30610711108008,41.514384795626334,41.18510931581262,41.40032958984375,28302000,GOOGL
2017-02-13,41.54165415463763,41.742001749220194,41.46975012406314,41.60414123535156,25914000,GOOGL
2017-02-14,41.64430594037271,41.754891728416695,41.4489222027776,41.65719985961914,27266000,GOOGL
2017-02-15,41.59670225604755,41.74349166835377,41.468266249563726,41.5228157043457,27144000,GOOGL
2017-02-16,41.58132676579933,41.78910879246054,41.51983472699082,41.76332473754883,20102000,GOOGL
2017-02-17,41.72067643872161,41.99987066496426,41.6448035898034,41.98052978515625,29224000,GOOGL
2017-02-21,42.051942921029976,42.26071622164338,41.98053073116248,42.11541748046875,25206000,GOOGL
2017-02-22,42.052436859863256,42.339561144431656,41.98846289059501,42.219058990478516,24488000,GOOGL
2017-02-23,42.20517883749999,42.281547323123746,41.77969457229085,42.201210021972656,27734000,GOOGL
2017-02-24,42.03508067927258,42.07028925393276,41.80250205149641,42.04301452636719,26924000,GOOGL
2017-02-27,41.90118460124211,42.18483946829443,41.804979621323916,42.135250091552734,20206000,GOOGL
2017-02-28,42.02020639624849,42.0936011066323,41.72712696714536,41.90019607543945,27662000,GOOGL
2017-03-01,42.22005449939924,42.548342504149474,42.10302173633667,42.48635482788086,36374000,GOOGL
2017-03-02,42.464530661459044,42.473459550089444,42.088143954841,42.14418029785156,25018000,GOOGL
2017-03-03,42.09904877473447,42.19227998617091,41.88928422414319,42.10599136352539,20100000,GOOGL
2017-03-06,41.99590321317,42.099050792067395,41.71373520399392,42.0162353515625,20958000,GOOGL
2017-03-07,42.01573546327583,42.316748693394544,41.92945062866984,42.208641052246094,20774000,GOOGL
2017-03-08,42.30633496352121,42.495275530197596,42.21360316494218,42.332122802734375,20576000,GOOGL
2017-03-09,42.334613311948964,42.68273407818068,42.284028881173434,42.540409088134766,26954000,GOOGL
2017-03-10,42.781411749266475,42.857284602286036,42.529000390475204,42.71744155883789,26732000,GOOGL
2017-03-13,42.68868219990831,43.00109873372764,42.6881865708931,42.8746452331543,23332000,GOOGL
2017-03-14,42.83348114251216,43.023412972764405,42.653965087417475,42.94059753417969,21234000,GOOGL
2017-03-15,43.0412610919244,43.13746607479491,42.711981869445765,43.063575744628906,26658000,GOOGL
2017-03-16,43.16970082604321,43.277808470275495,43.02043327904606,43.14341735839844,22090000,GOOGL
2017-03-17,43.325909627095676,43.362608871455045,43.062586873676324,43.260948181152344,37366000,GOOGL
2017-03-20,43.11763121306919,43.16027800433553,42.8791050459838,43.03977584838867,30844000,GOOGL
2017-03-21,43.14639178983519,43.31549584737953,42.03706069746766,42.1585578918457,50760000,GOOGL
2017-03-22,42.12583308053658,42.41693000021979,42.00284898291216,42.14170455932617,27334000,GOOGL
2017-03-23,41.72464769885976,41.73952413545238,41.30858796954817,41.63835906982422,65754000,GOOGL
2017-03-24,41.754890196164865,41.8540727315643,41.11518081411612,41.414703369140625,42114000,GOOGL
2017-03-27,41.06509234598481,41.724146394759245,40.87714683132068,41.58182144165039,38692000,GOOGL
2017-03-28,41.64034270679851,41.923501963226926,41.27238171373044,41.68695831298828,30384000,GOOGL
2017-03-29,41.7920913204996,42.230465707265346,41.72415231402535,42.145172119140625,29146000,GOOGL
2017-03-30,42.24979930346693,42.25079056128433,41.991436655242296,42.125823974609375,18988000,GOOGL
2017-03-31,41.99441612107076,42.12979850003322,41.91556949620484,42.042518615722656,28820000,GOOGL
2017-04-03,42.08963218639071,42.59793188847887,42.0291313971322,42.48635482788086,39388000,GOOGL
2017-04-04,42.05244068770654,42.30039139038541,42.02813973306625,42.27906799316406,26970000,GOOGL
2017-04-05,42.385188414042496,42.67677716272042,42.0286344337109,42.097564697265625,37104000,GOOGL
2017-04-06,42.12682059020596,42.329646342464315,41.8540771020873,41.908626556396484,30672000,GOOGL
2017-04-07,41.90366521245205,41.94730326120509,41.52182282729505,41.75985336303711,22232000,GOOGL
2017-04-10,41.73208690447786,41.9899577562754,41.694895812116435,41.740020751953125,20924000,GOOGL
2017-04-11,41.740014850291004,41.88531357959938,41.38792535315097,41.64976119995117,19486000,GOOGL
2017-04-12,41.579343169696955,41.84018775306361,41.53620075289303,41.72811508178711,22716000,GOOGL
2017-04-13,41.707285308984346,41.84068516330789,41.54909644063523,41.66463851928711,21474000,GOOGL
2017-04-17,41.72415286812567,42.43130951621457,41.70679450281725,42.4060173034668,20982000,GOOGL
2017-04-18,42.27757567030453,42.51808814517669,42.21360548114079,42.349483489990234,18724000,GOOGL
2017-04-19,42.518091026103164,42.657438447248914,42.32667229119376,42.47445297241211,21606000,GOOGL
2017-04-20,42.634622708554694,42.842404741161864,42.52354128905787,42.651485443115234,23776000,GOOGL
2017-04-21,42.67825915815733,42.76851659154503,42.534946728609526,42.59544372558594,23458000,GOOGL
2017-04-24,43.06606693413169,43.63734562346837,42.950521047364965,43.586265563964844,33930000,GOOGL
2017-04-25,43.75139229861264,44.24679802898391,43.603615418776904,44.07769775390625,40760000,GOOGL
2017-04-26,44.20415212464137,44.28349815976881,43.89470939781327,44.09257507324219,26466000,GOOGL
2017-04-27,44.135222301207726,44.30283569444593,43.995379263853415,44.20663070678711,46846000,GOOGL
2017-04-28,46.06923926718595,46.41140864894672,45.782606814790455,45.847076416015625,76918000,GOOGL
2017-05-01,45.82872214067328,46.40743890545004,45.66259564813869,46.2586669921875,46556000,GOOGL
2017-05-02,46.28098082450027,46.762996932743455,46.168408751183776,46.47041320800781,35026000,GOOGL
2017-05-03,46.418851039088835,47.120548172946634,46.37719550414564,47.03376770019531,36496000,GOOGL
2017-05-04,47.125007545739614,47.56388128578224,46.980204446983144,47.34469223022461,38752000,GOOGL
2017-05-05,47.443878465368705,47.52917583887681,47.01641169009971,47.12451934814453,32310000,GOOGL
2017-05-08,46.98417912925206,47.6556277731692,46.98169720087836,47.54157257080078,37534000,GOOGL
2017-05-09,47.672495330622844,47.715637757616314,47.32883523493765,47.44338607788086,33758000,GOOGL
2017-05-10,47.41908160383318,47.44337877330566,47.10269628773744,47.35064697265625,22920000,GOOGL
2017-05-11,47.174599602995826,47.506856391130086,47.041699157798405,47.402713775634766,20622000,GOOGL
2017-05-12,47.4999115865169,47.50635476263821,47.2127835307199,47.36552047729492,24298000,GOOGL
2017-05-15,47.37296389248894,47.740425493350756,47.250475431059215,47.56785202026367,26754000,GOOGL
2017-05-16,47.78257707538277,47.899110413907586,47.62388879195865,47.835140228271484,22030000,GOOGL
2017-05-17,47.59166554977287,47.65563575094304,46.61771280512936,46.72235107421875,48982000,GOOGL
2017-05-18,46.773415911760615,47.31791539069957,46.677706556238206,47.13542556762695,36010000,GOOGL
2017-05-19,47.250475381367266,47.584714706053184,47.20981110392905,47.341224670410156,27206000,GOOGL
2017-05-22,47.45775843027703,47.845555925359776,47.435939406148584,47.8083610534668,27748000,GOOGL
2017-05-23,48.10045009405609,48.326082340687556,47.82968534461485,48.12970733642578,30908000,GOOGL
2017-05-24,48.36328311330245,48.505108681809546,48.183271409626435,48.479820251464844,22660000,GOOGL
2017-05-25,48.548750663131486,49.38087395727008,48.490232387653094,49.18647766113281,39082000,GOOGL
2017-05-26,49.19341072470701,49.411112893017176,48.96331404981225,49.25639343261719,32728000,GOOGL
2017-05-30,49.21821331226264,49.47211534031888,49.16168134034805,49.40020751953125,30324000,GOOGL
2017-05-31,49.40218775565828,49.570296763809225,48.68164166639284,48.94992446899414,34482000,GOOGL
2017-06-01,49.14184237902644,49.249950027594366,48.662304332794264,49.009437561035156,26128000,GOOGL
2017-06-02,49.02431504481306,49.41558195960664,48.94893782326675,49.397727966308594,34710000,GOOGL
2017-06-05,49.48550256057955,49.95710297789331,49.36450099180219,49.78254699707031,27578000,GOOGL
2017-06-06,49.754278739977416,50.017105848848146,49.332267722276335,49.42549514770508,31042000,GOOGL
2017-06-07,49.54501319936971,49.78403880333552,49.38533363852673,49.664527893066406,27482000,GOOGL
2017-06-08,49.79990149461113,49.86784049676584,49.42252354896753,49.80238342285156,33758000,GOOGL
2017-06-09,49.86238755763171,49.86288318658422,47.27774688858592,48.10838317871094,72958000,GOOGL
2017-06-12,47.543060281458054,48.003257481100995,46.45604373663614,47.696292877197266,84042000,GOOGL
2017-06-13,48.20360390006283,48.49469704135999,47.70621179834885,48.127235412597656,40108000,GOOGL
2017-06-14,48.37517794405669,48.58345560190696,47.58222839054987,47.999778747558594,30110000,GOOGL
2017-06-15,47.01244166260358,47.64025220879291,46.63307742517369,47.615455627441406,48552000,GOOGL
2017-06-16,47.502888807700664,47.60405386865865,47.04616482162544,47.5380973815918,51184000,GOOGL
2017-06-19,48.08507334645963,48.56362012415284,48.013169314281434,48.36129379272461,29376000,GOOGL
2017-06-20,48.36575301788225,48.63750901209517,48.013167889343364,48.052345275878906,25946000,GOOGL
2017-06-21,48.14160562467871,48.57601491039642,48.07515351575644,48.52840805053711,23232000,GOOGL
2017-06-22,48.44311579057337,48.62313125830623,48.266577292467396,48.430721282958984,20190000,GOOGL
2017-06-23,48.37517484961626,48.92661687041805,48.32359917567992,48.900333404541016,31280000,GOOGL
2017-06-26,49.09423713824361,49.29210282004451,48.118797690918115,48.206077575683594,30358000,GOOGL
2017-06-27,47.685872724938996,47.96456751113858,46.966317912306216,47.015907287597656,48872000,GOOGL
2017-06-28,47.14335649018469,47.76719818028772,46.42429729598905,47.656612396240234,54912000,GOOGL
2017-06-29,47.177582964388236,47.19295503075513,46.0989958553538,46.50662612915039,64134000,GOOGL
2017-06-30,46.812597276050326,46.86268228834561,46.09948930751734,46.102962493896484,45754000,GOOGL
2017-07-03,46.278513366526404,46.329097795202735,45.39035370820411,45.596153259277344,33896000,GOOGL
2017-07-05,45.83121099349262,46.43075566353201,45.5549942799669,46.23090744018555,41882000,GOOGL
2017-07-06,45.87087638569543,46.42330972083625,45.61548748470871,46.0042724609375,40298000,GOOGL
2017-07-07,46.167919534397264,46.84581886255221,46.10841001006058,46.6548957824707,33266000,GOOGL
2017-07-10,46.71143095041568,47.26585060737463,46.71143095041568,47.160221099853516,29030000,GOOGL
2017-07-11,47.136418905416306,47.35312605280559,46.868631706403306,47.285682678222656,29224000,GOOGL
2017-07-12,47.649176092919355,48.08408102934724,47.45974368524639,47.98638916015625,32042000,GOOGL
2017-07-13,48.142106959478454,48.53386950434933,47.84456688766295,48.045406341552734,30492000,GOOGL
2017-07-14,48.30079520834739,48.47634245069902,48.10987211753097,48.44510269165039,21592000,GOOGL
2017-07-17,48.415848989756064,48.764465355089825,48.14211043919196,48.39799499511719,33210000,GOOGL
2017-07-18,48.269058760287045,49.13639059596176,48.20360168122749,48.942989349365234,28266000,GOOGL
2017-07-19,49.09472864527853,49.3719365580607,48.94595672882791,49.231597900390625,28242000,GOOGL
2017-07-20,49.44136506550022,49.52467613243414,48.82743968411209,49.20283889770508,28368000,GOOGL
2017-07-21,49.04464731069936,49.34764308459168,48.80512609631996,49.284664154052734,29266000,GOOGL
2017-07-24,49.297559092292246,49.897103692369484,49.10762725537784,49.50633239746094,79690000,GOOGL
2017-07-25,48.13714817516883,48.43617514191292,47.79497500253441,48.0543327331543,118672000,GOOGL
2017-07-26,48.24029311170584,48.298311967463555,47.617938258242155,47.86985397338867,44432000,GOOGL
2017-07-27,48.06177114366829,48.07863387958749,46.468936858231274,47.235103607177734,74358000,GOOGL
2017-07-28,47.010955652473044,47.69529817946804,46.87805142208544,47.52371597290039,36276000,GOOGL
2017-07-31,47.606533375916996,47.665547275688176,46.70051981236371,46.88747787475586,45670000,GOOGL
2017-08-01,47.002024441726235,47.33328617654758,46.86069452596659,46.94003677368164,28052000,GOOGL
2017-08-02,47.02979877062842,47.06600238669588,46.24379552740567,46.99359893798828,40788000,GOOGL
2017-08-03,47.06600765918957,47.11063697290806,46.58696517141574,46.62961196899414,22478000,GOOGL
2017-08-04,46.81060677422712,46.98863593588124,46.604811041169754,46.90185546875,25092000,GOOGL
2017-08-07,46.98764733959947,47.059059529941955,46.78829477158166,46.899871826171875,28916000,GOOGL
2017-08-08,46.82747365367446,47.234112649723684,46.737715621479595,46.822513580322266,30102000,GOOGL
2017-08-09,46.53786519707213,46.801187949752354,46.313220421096304,46.61869812011719,28018000,GOOGL
2017-08-10,46.36677963293096,46.43124545113542,45.711198696196725,45.80095672607422,54148000,GOOGL
2017-08-11,45.80690949370734,46.28545253059152,45.68342977220273,46.123294830322266,32334000,GOOGL
2017-08-14,46.568610985234095,46.666302863552595,46.341488056325936,46.561668395996094,23012000,GOOGL
2017-08-15,46.66580599029485,46.76697105224863,46.44810758478902,46.51951599121094,22130000,GOOGL
2017-08-16,46.67671387674424,47.10566747877521,46.61670872465685,46.82647705078125,26906000,GOOGL
2017-08-17,46.76102144882758,46.8036682426671,46.001797285718034,46.00278854370117,33914000,GOOGL
2017-08-18,45.969062970150496,46.1694067852082,45.79401136523501,45.92938995361328,26748000,GOOGL
2017-08-21,45.90906726416016,46.032047577115684,45.553504525158544,45.666072845458984,26024000,GOOGL
2017-08-22,45.96807115334627,46.71192317895294,45.928893766235085,46.63456344604492,35502000,GOOGL
2017-08-23,46.46595968241181,46.88400571291574,46.3786835784454,46.74267578125,22690000,GOOGL
2017-08-24,46.79871079100748,46.927642427308555,46.155524362730624,46.460506439208984,25892000,GOOGL
2017-08-25,46.57555074553158,46.65092796459833,46.123786843514566,46.14362335205078,23746000,GOOGL
2017-08-28,46.2120593607125,46.35934061711738,45.92592254041235,46.02609634399414,20988000,GOOGL
2017-08-29,45.620447528143664,46.524970378782186,45.58870835761556,46.403968811035156,23172000,GOOGL
2017-08-30,46.40000625624222,46.90532838288006,46.31966895942855,46.794742584228516,22406000,GOOGL
2017-08-31,46.92714518345369,47.46767964301148,46.92466703864264,47.3704833984375,33866000,GOOGL
2017-09-01,47.48106844305831,47.52371523369903,47.1245144866378,47.209312438964844,20858000,GOOGL
2017-09-05,46.954917774958375,47.17956255863434,46.39653307931731,46.68812561035156,29148000,GOOGL
2017-09-06,46.80664533223622,46.83788509210258,46.2517300385947,46.71490478515625,27830000,GOOGL
2017-09-07,46.825488942567944,47.13542730257057,46.49224088730193,47.10517501831055,22332000,GOOGL
2017-09-08,47.09575768667482,47.14534707117215,46.615228340858096,46.684654235839844,19998000,GOOGL
2017-09-11,46.97177848336426,47.24353070952721,46.664318271199875,46.77788162231445,26748000,GOOGL
2017-09-12,46.957893333081294,47.0159121893701,46.49075357527375,46.94450378417969,25696000,GOOGL
2017-09-13,46.8874731762672,47.251960963576245,46.84978267680518,47.1324462890625,21908000,GOOGL
2017-09-14,46.912266952261305,47.012936379145025,46.53339835113722,46.62117385864258,28548000,GOOGL
2017-09-15,46.619191233531005,46.70151103904058,46.18081310940268,46.38115692138672,39886000,GOOGL
2017-09-18,46.367270827618626,46.45901136464132,45.89071036723513,46.10642623901367,29474000,GOOGL
2017-09-19,46.287932095702274,46.51257308874732,45.95319715307209,46.459014892578125,24854000,GOOGL
2017-09-20,46.50216295273148,47.11063266470182,46.49075591911363,46.98863983154297,40080000,GOOGL
2017-09-21,47.017897323866876,47.2494808977475,46.58398363458047,46.989131927490234,27414000,GOOGL
2017-09-22,46.75208909388481,47.11062553741874,46.65637974536924,46.77638626098633,21496000,GOOGL
2017-09-25,46.587450085254346,46.6023265197389,45.846571867137655,46.33106994628906,37468000,GOOGL
2017-09-26,46.45058252599253,46.81705283360065,46.372727164860606,46.48727798461914,33454000,GOOGL
2017-09-27,46.75060923698249,47.87580811223857,46.71143184626798,47.6015739440918,46692000,GOOGL
2017-09-28,47.42056928387711,47.91299747578231,47.38585633874496,47.845062255859375,28018000,GOOGL
2017-09-29,47.90406977893534,48.39055039686221,47.90406977893534,48.28690719604492,40622000,GOOGL
2017-10-02,48.38261838684529,48.4862615915967,47.70323214774161,47.97697067260742,30782000,GOOGL
2017-10-03,47.981432514979794,48.22343565844154,47.74092382529935,48.20558166503906,21666000,GOOGL
2017-10-04,48.1897122625973,48.32063019262575,47.88473019920414,47.942752838134766,21156000,GOOGL
2017-10-05,48.2407923937289,48.92116993789947,48.115825784612824,48.855709075927734,35618000,GOOGL
2017-10-06,48.59833721826085,49.30549385589076,48.52444688054083,49.27474594116211,31060000,GOOGL
2017-10-09,49.342185900547776,49.61294686586422,49.16862117919108,49.20878982543945,25910000,GOOGL
2017-10-10,49.3570639761873,49.46467599871771,48.65338055030203,48.985137939453125,23268000,GOOGL
2017-10-11,49.0466256987507,49.96553308942474,48.99207624878739,49.87031936645508,36300000,GOOGL
2017-10-12,49.780561345167136,50.16240371148333,49.64468334919112,49.87031936645508,30614000,GOOGL
2017-10-13,50.04190357044996,50.3220852654916,49.940242883855284,49.980411529541016,26552000,GOOGL
2017-10-16,50.067687667759934,50.18521604777467,49.665513148471184,50.053802490234375,21420000,GOOGL
2017-10-17,49.959093051266045,50.31217385472003,49.890162785863865,50.1356315612793,20260000,GOOGL
2017-10-18,50.138109503109504,50.398950323668224,49.85395520422401,50.22191619873047,25596000,GOOGL
2017-10-19,49.825692529639106,49.953141066329444,49.45624840713307,49.6813850402832,34284000,GOOGL
2017-10-20,49.93975168768478,50.01909394476749,49.70270860757402,49.8415641784668,32120000,GOOGL
2017-10-23,49.84701862422336,49.877270911658044,48.75206818030014,48.873069763183594,32786000,GOOGL
2017-10-24,48.9206650247315,49.05753427067237,48.453525324479415,49.01934814453125,28902000,GOOGL
2017-10-25,48.90926981662191,49.313926321997364,48.48527621247619,49.16664505004883,30574000,GOOGL
2017-10-26,49.51425747541962,49.91296254689011,49.11753491953482,49.16464614868164,47396000,GOOGL
2017-10-27,51.126937649734316,52.74506415043374,50.92163374493934,51.25983810424805,103682000,GOOGL
2017-10-30,51.03618451573967,51.56531193241497,50.69748455295272,51.23305892944336,46804000,GOOGL
2017-10-31,51.22660940323287,51.62332820105561,50.89435263347983,51.22859191894531,30326000,GOOGL
2017-11-01,51.39126101599241,51.9635309571638,51.27621075953433,51.70268630981445,43262000,GOOGL
2017-11-02,51.57325048084959,51.84748465391126,51.01139258492195,51.72102737426758,26694000,GOOGL
2017-11-03,51.71012069263577,52.102378892646776,51.457209912179586,52.06915283203125,27770000,GOOGL
2017-11-06,52.025017599763366,52.19808670378432,51.672924276958234,51.70664596557617,18294000,GOOGL
2017-11-07,52.052281947392004,52.23874436085637,51.7225108881764,52.18815994262695,26104000,GOOGL
2017-11-08,52.07212195189413,52.69894125279004,51.923353811073085,52.48074722290039,24276000,GOOGL
2017-11-09,51.9704624781529,52.11327928093476,51.36794037649405,51.95657730102539,35892000,GOOGL
2017-11-10,51.76565583806449,51.902525097854394,51.634242280193455,51.779541015625,19442000,GOOGL
2017-11-13,51.61341468168787,52.00715972762755,51.53704620485674,51.63325119018555,18814000,GOOGL
2017-11-14,51.46068256847816,51.68780550451338,51.04461904670121,51.65507507324219,21012000,GOOGL
2017-11-15,51.32578847788494,51.55538952612461,51.11552452481637,51.39570999145508,18106000,GOOGL
2017-11-16,51.51175441091312,52.15692332926445,51.474563321821236,51.993770599365234,23768000,GOOGL
2017-11-17,52.059732345725266,52.119238094285166,51.26281764986963,51.369930267333984,26712000,GOOGL
2017-11-20,51.37538159051283,51.509277080214154,51.21074197113325,51.30893325805664,17526000,GOOGL
2017-11-21,51.57573071568679,52.08899050660321,51.53110140348238,52.08452606201172,22206000,GOOGL
2017-11-22,52.1271616444925,52.33891247597132,51.933264804111246,52.164852142333984,14538000,GOOGL
2017-11-24,52.287345319683965,52.56901768746949,52.1648568657483,52.39297103881836,16492000,GOOGL
2017-11-27,52.49463282792565,53.21220141941328,52.30618788455397,53.1611213684082,35430000,GOOGL
2017-11-28,53.25931690595889,53.557352626203155,52.29478880861113,52.728702545166016,36424000,GOOGL
2017-11-29,52.37611037638018,52.50455016630256,51.060484068236356,51.443817138671875,55866000,GOOGL
2017-11-30,51.5707700105157,51.7790476831608,51.08131558808607,51.383811950683594,45092000,GOOGL
2017-12-01,51.098172210575164,51.436872173526986,50.42821050239636,50.8333625793457,37762000,GOOGL
2017-12-04,50.968740158844284,51.144291173897486,50.04735460285429,50.178768157958984,38778000,GOOGL
2017-12-05,50.13513216130668,51.409102902921646,49.705187277347164,50.562103271484375,38998000,GOOGL
2017-12-06,50.40936503140444,51.552913441340976,50.34935987748786,51.21272659301758,28710000,GOOGL
2017-12-07,51.378853859003144,52.01608514583892,51.343645285821324,51.80036926269531,30866000,GOOGL
2017-12-08,52.159400621447254,52.3880104210967,51.86433870805091,52.03889846801758,31170000,GOOGL
2017-12-11,52.12469253060521,52.36718753032225,51.778058690010525,52.16733932495117,23254000,GOOGL
2017-12-12,52.06964051341882,52.68951718619762,51.81524288477108,52.008644104003906,33882000,GOOGL
2017-12-13,52.17279382474139,52.34139848224902,51.900046545329204,52.13857650756836,27680000,GOOGL
2017-12-14,52.34189885572581,52.916646885561256,52.24817200766171,52.440086364746094,30962000,GOOGL
2017-12-15,52.752995226952784,53.3217956733948,52.57000977004066,53.16062545776367,63760000,GOOGL
2017-12-18,53.38130306778893,53.87919075347387,53.07979796083422,53.80976486206055,30292000,GOOGL
2017-12-19,53.70711472156282,53.80381534382026,53.174018443228746,53.54644012451172,26350000,GOOGL
2017-12-20,53.60297094763105,53.618343011955645,52.99201935540864,53.23798751831055,28728000,GOOGL
2017-12-21,53.32873995836311,53.43436568251371,53.01185900248399,53.103599548339844,25640000,GOOGL
2017-12-22,53.06145293546029,53.14674652846425,52.94442016787727,53.004920959472656,17788000,GOOGL
2017-12-26,52.99400801729041,53.00491942232456,52.49810660236824,52.85565185546875,18376000,GOOGL
2017-12-27,52.89284270344113,52.97565814262383,52.48520868414274,52.575462341308594,22324000,GOOGL
2017-12-28,52.67712446082759,52.80556425276193,52.23725941281069,52.364707946777344,19884000,GOOGL
2017-12-29,52.34189390273837,52.46884301517318,52.20353397421298,52.23824691772461,23606000,GOOGL
2018-01-02,52.21940716939454,53.357995537474515,52.21940716939454,53.22063064575195,31766000,GOOGL
2018-01-03,53.256335915730126,54.355750700510285,53.23154311672444,54.12862777709961,31318000,GOOGL
2018-01-04,54.404838927468575,54.751472716786864,54.264500273399186,54.33888244628906,26052000,GOOGL
2018-01-05,54.720241175148296,55.22258954087465,54.638416989259554,55.0594367980957,30250000,GOOGL
2018-01-08,55.09464602680576,55.4993025166289,55.04505664237201,55.25382995605469,24644000,GOOGL
2018-01-09,55.46359230752594,55.46359230752594,54.95578828833966,55.183406829833984,26808000,GOOGL
2018-01-10,54.89627600748767,55.18290843057705,54.74651661990654,55.0519905090332,20734000,GOOGL
2018-01-11,55.159603361261865,55.28556121203924,54.87049278913783,55.14670944213867,22424000,GOOGL
2018-01-12,55.05000679970868,56.10131518067152,54.94636360504317,56.06908416748047,38586000,GOOGL
2018-01-16,56.54813956504648,56.97312824410912,55.87123511884708,56.07157897949219,36462000,GOOGL
2018-01-17,56.3522468478117,56.499032467639545,55.71402053627322,56.48812484741211,27830000,GOOGL
2018-01-18,56.50052202410961,56.5620140670971,55.762125662718006,56.332908630371094,27498000,GOOGL
2018-01-19,56.43506511586326,56.720206894332954,56.16083095816857,56.706321716308594,30552000,GOOGL
2018-01-22,56.72219609151508,57.865744604493074,56.62301354096879,57.730857849121094,29550000,GOOGL
2018-01-23,58.05120585591647,58.44247277294646,57.884088088915895,58.32643127441406,39138000,GOOGL
2018-01-24,58.763321307092504,58.86597325427586,57.89152509119523,58.08443069458008,37128000,GOOGL
2018-01-25,58.551573334730485,58.764315457472286,58.11170828169678,58.62248611450195,29984000,GOOGL
2018-01-26,58.88978279674056,58.89126968383789,57.92277650359541,58.89126968383789,42170000,GOOGL
2018-01-29,58.91308855982993,59.408989965944905,58.71770101469446,58.837711334228516,31494000,GOOGL
2018-01-30,58.40329510027652,58.90960843920733,58.24410740796787,58.38593673706055,37338000,GOOGL
2018-01-31,58.70530002463101,58.82977478286543,58.12460068518997,58.6264533996582,36022000,GOOGL
2018-02-01,58.31751125615229,58.88581613611775,57.98872761220366,58.59521484375,73514000,GOOGL
2018-02-02,55.90891582064971,56.10132581213564,55.10307601990697,55.501285552978516,117842000,GOOGL
2018-02-05,54.579401181234864,55.29250913268484,52.403885060973224,52.68406677246094,83550000,GOOGL
2018-02-06,51.275216795467266,53.923328586433655,51.07834235602137,53.77703857421875,76630000,GOOGL
2018-02-07,53.803813916102946,53.88117365517062,52.29875138174202,52.337928771972656,51942000,GOOGL
2018-02-08,52.55910033343243,52.7604354198397,49.823213214703266,49.97248077392578,66792000,GOOGL
2018-02-09,50.87352667351269,52.15493558662901,49.44136332550892,51.88467025756836,98360000,GOOGL
2018-02-12,52.400410831553884,52.84176275541114,51.84599496738983,52.2957763671875,56240000,GOOGL
2018-02-13,52.069636625609476,52.626038702771865,51.916899690724115,52.274940490722656,31586000,GOOGL
2018-02-14,52.28386999116472,53.33270027203883,52.05972464235817,53.195335388183594,41304000,GOOGL
2018-02-15,53.728435037863214,54.256571212523454,52.9240821910196,54.12069320678711,37396000,GOOGL
2018-02-16,54.22086633158134,54.96124903312961,54.130117040712896,54.32600021362305,39948000,GOOGL
2018-02-20,54.19011920041888,55.35697356321542,54.053249936484505,54.72718048095703,33754000,GOOGL
2018-02-21,55.000425732948564,56.3443180642119,54.92157532240857,55.23101806640625,41486000,GOOGL
2018-02-22,55.4997978573037,55.811718753696205,54.80454387055176,55.040096282958984,28010000,GOOGL
2018-02-23,55.47450705289825,55.9872712108776,54.967698009947114,55.942142486572266,25292000,GOOGL
2018-02-26,56.12908987357392,56.74103272715342,56.004123275614624,56.71623992919922,30912000,GOOGL
2018-02-27,56.716240141035705,56.74351486728619,55.38176863743762,55.41747283935547,42964000,GOOGL
2018-02-28,55.64013458167167,55.92032007840852,54.69792496509287,54.74354553222656,49292000,GOOGL
2018-03-01,55.02224036000283,55.108029569544456,52.92705409936514,53.13136672973633,55338000,GOOGL
2018-03-02,52.46537287912138,53.899026988063376,52.07510100225839,53.76265335083008,50162000,GOOGL
2018-03-05,53.464617792333975,54.60766685300695,53.17401652362872,54.28929901123047,28648000,GOOGL
2018-03-06,54.65329004456819,54.82834543933603,54.27640394048558,54.593780517578125,23382000,GOOGL
2018-03-07,54.19309379120403,55.35251373694703,54.04878630713491,55.294986724853516,30748000,GOOGL
2018-03-08,55.402098347631814,56.108259858620144,55.402098347631814,56.006107330322266,33862000,GOOGL
2018-03-09,56.507964384844236,57.57415317734512,56.24960168630339,57.566219329833984,42662000,GOOGL
2018-03-12,57.7749921970881,58.42512124352599,57.48489032731857,57.818634033203125,44306000,GOOGL
2018-03-13,58.111207579493254,58.41718089353128,56.26348016740989,56.528289794921875,43140000,GOOGL
2018-03-14,56.82037734611677,57.51265369061829,56.64929077575586,56.973609924316406,41870000,GOOGL
2018-03-15,57.00733465855208,57.648534772424746,56.31753642186147,57.05890655517578,33382000,GOOGL
2018-03-16,57.29396905727139,57.36636872328307,56.104300590504835,56.256046295166016,58656000,GOOGL
2018-03-19,55.42987187779874,55.50970975837877,53.99969099855427,54.5526237487793,63656000,GOOGL
2018-03-20,54.469801528272725,54.824372954787925,53.67735139651554,54.34086990356445,54598000,GOOGL
2018-03-21,54.18070083702967,54.980589276264126,53.91489614445986,54.25161361694336,44898000,GOOGL
2018-03-22,53.557842536859184,53.75173939363929,52.05178883452295,52.225852966308594,69312000,GOOGL
2018-03-23,52.13758574321913,52.90176997836697,50.823446283165815,50.90675735473633,49880000,GOOGL
2018-03-26,52.09939946393313,52.529348153609014,50.11480262154062,52.27246856689453,65984000,GOOGL
2018-03-27,52.75894557229753,52.790684742551996,49.472112163939144,49.93429183959961,60816000,GOOGL
2018-03-28,49.68485388033702,50.82939354831861,48.79669436686432,49.84701156616211,77698000,GOOGL
2018-03-29,50.14604189126443,51.972941540520445,49.79047919799269,51.43191146850586,69338000,GOOGL
2018-04-02,50.959817615214966,51.55043709116375,49.304995725569974,50.216461181640625,65068000,GOOGL
2018-04-03,50.39101726128376,50.82989103838948,49.45376396334763,50.5164794921875,51322000,GOOGL
2018-04-04,49.50236245886498,51.2137201179156,49.41706887438984,51.06346130371094,50724000,GOOGL
2018-04-05,51.89062369515919,51.90649138891989,50.78030130890484,51.20875930786133,35836000,GOOGL
2018-04-06,50.73567254614326,51.37538582535566,49.90007987275958,50.08356475830078,40134000,GOOGL
2018-04-09,50.58392096488634,51.80135970518827,50.542265432473954,50.586402893066406,33220000,GOOGL
2018-04-10,51.09073807094484,51.63375070876464,50.3543241899875,51.40018081665039,36620000,GOOGL
2018-04-11,51.177014676224935,51.368929001481966,50.542261592399946,50.83285903930664,34060000,GOOGL
2018-04-12,51.15074275127111,51.804337399767896,50.881964286050106,51.439353942871094,32896000,GOOGL
2018-04-13,51.915421443053674,52.21742217739098,51.085280740933705,51.37736511230469,25410000,GOOGL
2018-04-16,51.84896886410997,52.14055760390715,51.272234561158584,51.876243591308594,29776000,GOOGL
2018-04-17,52.625057782700104,53.80530174936191,52.42124076423234,53.525611877441406,54584000,GOOGL
2018-04-18,53.50825905100342,53.656531576402124,53.08723923405093,53.32874298095703,31126000,GOOGL
2018-04-19,53.012848144162085,54.425670654393286,53.012848144162085,54.02597427368164,39884000,GOOGL
2018-04-20,53.76910123700116,54.28880417094214,53.16558781994128,53.4244499206543,42434000,GOOGL
2018-04-23,53.70512676619585,53.954072501464275,52.89680886618381,53.25038528442383,69590000,GOOGL
2018-04-24,52.52587472547553,52.78820622986512,50.227870118170934,50.712860107421875,128220000,GOOGL
2018-04-25,51.06544760978405,51.37885918160674,50.43366817604129,50.730220794677734,57860000,GOOGL
2018-04-26,51.23752250402827,52.16981953466603,50.604256219813294,51.73788833618164,50926000,GOOGL
2018-04-27,51.84847693764193,52.15395087733861,50.95833480625479,51.149749755859375,40746000,GOOGL
2018-04-30,51.29703568793298,51.492915085401805,50.49764283582104,50.51152801513672,34492000,GOOGL
2018-05-01,50.39845274921856,51.659529516826396,50.11628476049857,51.610931396484375,35326000,GOOGL
2018-05-02,51.27620250432645,51.77111261726517,50.7386455999112,50.881961822509766,34698000,GOOGL
2018-05-03,50.8482433914451,51.11206178747579,49.98140719485577,50.89435958862305,39282000,GOOGL
2018-05-04,50.56259783900899,52.162874009608664,50.48523810460643,52.119232177734375,36892000,GOOGL
2018-05-07,52.26254829014382,52.81349473022608,52.08303224033629,52.53876495361328,34400000,GOOGL
2018-05-08,52.79464766280065,52.82489994498031,52.150969446253896,52.49562072753906,26030000,GOOGL
2018-05-09,52.768871028972896,54.25161519042565,52.670184105592654,54.001182556152344,47160000,GOOGL
2018-05-10,54.301196801902826,55.015791572078946,54.245656093888606,54.820404052734375,36414000,GOOGL
2018-05-11,54.56948129284038,54.99595676164047,54.41128863921936,54.71676254272461,30504000,GOOGL
2018-05-14,54.8253695323145,55.44921508455651,54.78718718350271,54.87644958496094,39338000,GOOGL
2018-05-15,54.395429520675584,54.505519699587815,53.4968540941105,53.798858642578125,35738000,GOOGL
2018-05-16,53.80976696492129,54.27045979457805,53.638184745600924,53.76017379760742,25628000,GOOGL
2018-05-17,53.629758862097965,54.10284623185004,53.37982184307083,53.61983871459961,25738000,GOOGL
2018-05-18,52.863087042623874,53.24642011587584,52.79762996645522,53.04359436035156,35482000,GOOGL
2018-05-21,53.50775259687269,54.216891628019475,53.458163222102826,53.75619888305664,25180000,GOOGL
2018-05-22,54.0433316768412,54.14251043510209,53.17351800083077,53.32476806640625,22226000,GOOGL
2018-05-23,53.06145387471244,53.954077976630096,52.91069941379178,53.85291290283203,23740000,GOOGL
2018-05-24,53.899525468439535,53.91043308993885,53.175509863785784,53.82761764526367,20604000,GOOGL
2018-05-25,53.882162527365246,54.03192570903824,53.686283151739836,53.759674072265625,22224000,GOOGL
2018-05-29,53.35898580610255,53.62379922191984,52.71828133706166,52.965736389160156,36076000,GOOGL
2018-05-30,53.234022894047186,53.50726580445433,52.89036283283215,53.431888580322266,28686000,GOOGL
2018-05-31,53.65652836749955,55.04505375948819,53.45817084015315,54.54915237426758,79368000,GOOGL
2018-06-01,55.1873731007979,56.44150724319463,55.14472252900875,56.2848014831543,63202000,GOOGL
2018-06-04,56.45836729205581,57.41843459494739,56.38398133372516,57.17940902709961,44754000,GOOGL
2018-06-05,57.25974998898025,57.579109082894355,56.90270039283215,57.07923889160156,32964000,GOOGL
2018-06-06,57.16602203245919,57.26222701862071,56.35026594935218,56.87740707397461,34934000,GOOGL
2018-06-07,56.759881533622824,56.82385172347052,55.84444723238327,56.256046295166016,36108000,GOOGL
2018-06-08,56.096863422878286,56.472258876258145,55.70113204704333,56.17124938964844,27284000,GOOGL
2018-06-11,56.182648642397005,56.9165843277191,56.1062801650855,56.57738494873047,24796000,GOOGL
2018-06-12,56.5833372860979,56.96667034977643,56.5833372860979,56.938899993896484,26092000,GOOGL
2018-06-13,57.141720123312105,57.30834603666052,56.700368217230384,56.74251937866211,34302000,GOOGL
2018-06-14,57.13825529447141,57.82160660348666,57.05841362577938,57.5300178527832,35422000,GOOGL
2018-06-15,57.52058855939883,57.718454229804756,57.21164525280323,57.48835754394531,44438000,GOOGL
2018-06-18,57.162051906971335,58.72116815848394,57.07824521357775,58.69389343261719,33038000,GOOGL
2018-06-19,58.02591274301484,58.65570578294328,57.604397358801926,58.45139694213867,47282000,GOOGL
2018-06-20,58.680010706447035,59.582055430097064,58.61703177653395,58.71819305419922,51686000,GOOGL
2018-06-21,58.78960180960004,59.02862359524189,57.69712968968656,57.9926872253418,44966000,GOOGL
2018-06-22,58.09435511024316,58.26841547546482,57.50720499767632,57.98525619506836,34220000,GOOGL
2018-06-25,57.27661135364629,57.32570510767071,55.535996390812166,56.49705505371094,57682000,GOOGL
2018-06-26,56.73805712487524,56.87343570992126,55.98726251998206,56.166778564453125,34688000,GOOGL
2018-06-27,56.33439691500152,56.84071407841611,55.377307084911294,55.38920974731445,34538000,GOOGL
2018-06-28,55.163570834243025,56.235215221429016,54.8501630802286,55.877174377441406,29726000,GOOGL
2018-06-29,56.1514121055337,56.600202261509295,55.889080601193115,55.99668884277344,31562000,GOOGL
2018-07-02,55.31036062491598,56.681031969084565,54.876446930042064,56.63739013671875,23216000,GOOGL
2018-07-03,56.999898337280264,57.02419550778411,55.264739098157946,55.35647964477539,16448000,GOOGL
2018-07-05,55.76907048507362,56.73806299233003,55.69567577703907,56.59672927856445,28594000,GOOGL
2018-07-06,56.62053700692371,57.33612314449367,56.39589221238666,57.280582427978516,21820000,GOOGL
2018-07-09,57.5245597123931,57.91780914101105,57.387194819139,57.88557434082031,21584000,GOOGL
2018-07-10,58.019965299848046,58.19402565354228,57.65150867103395,57.878631591796875,21334000,GOOGL
2018-07-11,57.30735360137686,58.53818194817805,57.29495909360109,58.092864990234375,33252000,GOOGL
2018-07-12,58.261468868395724,59.60684802511169,58.17418898558907,59.570648193359375,44148000,GOOGL
2018-07-13,59.647014850950164,60.02588345893193,59.27459320277427,59.727352142333984,32612000,GOOGL
2018-07-16,59.69710032807328,59.940094719942486,59.180866827730966,59.3350944519043,26784000,GOOGL
2018-07-17,58.65224005936891,60.4384755046364,58.615540815278734,60.156803131103516,40162000,GOOGL
2018-07-18,59.93116609674343,60.57881315843189,59.73429546433919,60.148372650146484,38948000,GOOGL
2018-07-19,59.8379394825147,60.325411378483885,59.3955963063549,59.46353530883789,38338000,GOOGL
2018-07-20,59.47048140239475,60.042255657242656,59.33906405036968,59.403038024902344,37938000,GOOGL
2018-07-23,59.29294272859195,60.2569750899335,59.11193600879437,60.053653717041016,65446000,GOOGL
2018-07-24,63.02906172072626,63.227423020220215,61.69707215887038,62.39183044433594,107600000,GOOGL
2018-07-25,62.117601610181076,63.38809924001521,61.94056369068938,63.274044036865234,51104000,GOOGL
2018-07-26,62.83963524850404,63.842349461078776,62.632348824886364,63.74812698364258,54686000,GOOGL
2018-07-27,63.927648179381094,64.04269465078256,61.71443752402484,62.13099670410156,48362000,GOOGL
2018-07-30,61.742200025261354,62.13098879607649,60.70675921387237,60.99785232543945,43896000,GOOGL
2018-07-31,61.080675474787085,61.55178411584386,60.31103924987609,60.85801696777344,39382000,GOOGL
2018-08-01,61.447645034898706,61.78435875384845,60.744952783397906,61.1441535949707,36994000,GOOGL
2018-08-02,60.425584496741564,61.7104667119602,60.4037654708789,61.54780960083008,34704000,GOOGL
2018-08-03,61.748644838272185,61.81509695272373,60.96710607545385,61.4005241394043,21264000,GOOGL
2018-08-06,61.57161587717549,61.61376704258052,61.02215627306079,61.37622833251953,22114000,GOOGL
2018-08-07,62.08734326383379,62.78507909799041,62.07693127257693,62.27727508544922,42506000,GOOGL
2018-08-08,62.32092023809937,63.06477234944003,62.092806044632866,62.54953384399414,34344000,GOOGL
2018-08-09,62.61895322230275,63.07666844860864,62.488530923546634,62.704742431640625,27326000,GOOGL
2018-08-10,62.44291060517788,62.54308441078744,61.84683919504169,62.112144470214844,26602000,GOOGL
2018-08-13,62.04717994879449,62.77962496101555,61.840389171065105,61.92022705078125,27500000,GOOGL
2018-08-14,62.11164848408736,62.5128317663453,61.468961469423846,62.39133834838867,28080000,GOOGL
2018-08-15,61.70401470300121,62.08585708292371,60.80940823183751,61.10595703125,37052000,GOOGL
2018-08-16,61.590452358478274,61.675254094846835,60.481616876650435,60.70130157470703,32176000,GOOGL
2018-08-17,60.60113114205357,60.844617378706886,59.70652466244601,60.294166564941406,33092000,GOOGL
2018-08-20,60.53270186646069,60.793050860880605,59.9396042095753,60.59667205810547,22218000,GOOGL
2018-08-21,60.64972776796793,61.132735197726866,60.25350080424783,60.371524810791016,23082000,GOOGL
2018-08-22,60.21333713228483,60.823793135762685,60.163747749963264,60.586753845214844,22296000,GOOGL
2018-08-23,60.49401674337012,61.252249616869754,60.46773327420355,60.557491302490234,24666000,GOOGL
2018-08-24,60.797512082349854,61.36283938682492,60.570389145868326,61.33060836791992,24454000,GOOGL
2018-08-27,61.69707216823736,62.37794527634453,61.52548996574035,62.29859924316406,28580000,GOOGL
2018-08-28,62.280251594971496,62.31298202386681,61.639051483139156,61.78236770629883,27330000,GOOGL
2018-08-29,62.23562551505126,62.83913893962649,62.12652660202709,62.714168548583984,36926000,GOOGL
2018-08-30,62.65217709910716,62.95418160769552,61.84931493225059,62.20785140991211,30104000,GOOGL
2018-08-31,62.09726750466906,62.114126456740365,60.78511059701387,61.08513259887695,42308000,GOOGL
2018-09-04,60.62493346993825,60.890242517749584,59.83347455400788,60.069026947021484,41458000,GOOGL
2018-09-05,59.96538422822053,60.24556971398544,58.28527013841559,59.46353530883789,53988000,GOOGL
2018-09-06,59.43726162303038,59.458089393271955,57.70358905223008,58.714237213134766,46854000,GOOGL
2018-09-07,58.11963887580411,58.94035881876421,57.98426028412957,58.3968505859375,32658000,GOOGL
2018-09-10,58.72463977492341,58.846632602500165,58.05070923287639,58.271385192871094,27670000,GOOGL
2018-09-11,58.075006914337344,59.05887575957058,57.81961802390241,59.01176452636719,29254000,GOOGL
2018-09-12,58.615545695752786,59.04648565950591,57.83003803658529,58.09981155395508,35716000,GOOGL
2018-09-13,58.50148832279991,58.906144800442625,57.98178160132907,58.62248611450195,40068000,GOOGL
2018-09-14,58.913087540013805,58.913087540013805,58.19501950151941,58.41619110107422,24176000,GOOGL
2018-09-17,58.40577882192011,58.60661828158501,57.44819334906225,57.51613235473633,34096000,GOOGL
2018-09-18,57.65647170249509,58.582321797238215,57.59547528537028,57.87714767456055,32314000,GOOGL
2018-09-19,57.96888931276128,58.3313908288517,57.456125199601075,58.23221206665039,25962000,GOOGL
2018-09-20,58.54959151062882,59.21062817046431,58.33040242500614,59.09012222290039,29244000,GOOGL
2018-09-21,59.256249702666175,59.33856951836281,58.12262131875296,58.12559509277344,91222000,GOOGL
2018-09-24,57.49530023539939,58.773731604603434,57.10304207996326,58.49454116821289,31150000,GOOGL
2018-09-25,58.72712229225433,59.352450934388095,58.223283283094446,59.205169677734375,33152000,GOOGL
2018-09-26,59.19525050604648,59.86719472365438,58.78414710213742,59.21359634399414,37650000,GOOGL
2018-09-27,59.50816262940116,60.34425083124083,59.411462016465464,59.873146057128906,36274000,GOOGL
2018-09-28,59.71098426888042,59.92719955893277,59.400550294566635,59.85926055908203,35612000,GOOGL
2018-10-01,60.152842434370434,60.708249591142696,59.666361759764904,59.93117141723633,33164000,GOOGL
2018-10-02,59.83893287455786,60.72411867083924,59.49130778630442,59.88703536987305,40180000,GOOGL
2018-10-03,60.10324289211977,60.211350537994456,59.61477975331187,60.07993698120117,26246000,GOOGL
2018-10-04,59.75760228989109,59.80074471048589,57.715482313943795,58.371063232421875,46576000,GOOGL
2018-10-05,58.31800151953087,58.61554159078529,57.24288769111712,57.91284942626953,31852000,GOOGL
2018-10-08,57.52456145272138,58.31106033375174,56.3046444828215,57.322235107421875,46190000,GOOGL
2018-10-09,57.09361762617503,57.601421645972316,56.73954560012242,56.78913497924805,33690000,GOOGL
2018-10-10,56.35422776603063,56.38497567691351,54.1281274459752,54.160362243652344,58980000,GOOGL
2018-10-11,53.50974303096298,55.34557169434692,53.35353288306622,54.08994674682617,67696000,GOOGL
2018-10-12,55.523096861347575,55.83006142952288,54.30268437302985,55.56772994995117,49370000,GOOGL
2018-10-15,55.44177701468576,55.63021818118948,54.460881853987075,54.6701545715332,30074000,GOOGL
2018-10-16,55.21762424560735,56.35274318145139,55.131835035843245,56.18959045410156,38378000,GOOGL
2018-10-17,56.53275154287533,56.879880960031,55.24340884331969,55.91733932495117,35652000,GOOGL
2018-10-18,56.03686220364703,56.15339934364742,53.871757868324,54.44551467895508,46152000,GOOGL
2018-10-19,54.73313497653647,55.58806851316027,54.40187320171599,54.8060302734375,41286000,GOOGL
2018-10-22,55.16952712111262,55.62476424922726,54.54915473377439,55.11299514770508,27116000,GOOGL
2018-10-23,54.11722105929459,55.44177625930868,53.50825573348647,55.28853988647461,37686000,GOOGL
2018-10-24,55.29300386341311,55.3733411581951,52.32056935760662,52.422725677490234,49286000,GOOGL
2018-10-25,53.57222499683899,55.43284641314189,53.3366726001315,54.72718048095703,72956000,GOOGL
2018-10-26,51.98682652307984,55.39217950296379,51.68432639569695,53.743309020996094,106438000,GOOGL
2018-10-29,54.37757102202303,54.98703577121266,49.94718891468537,51.31240463256836,81290000,GOOGL
2018-10-30,50.582434003073345,52.11427175000046,50.2829114299939,52.04534149169922,59768000,GOOGL
2018-10-31,52.97218539969845,54.94587456200168,52.97218539969845,54.08201217651367,70916000,GOOGL
2018-11-01,54.122667880626075,54.54418323128731,53.449233063989496,53.85388946533203,40132000,GOOGL
2018-11-02,54.0036569938287,54.44996895908553,52.94540219640525,53.13533401489258,43438000,GOOGL
2018-11-05,53.186912421965125,53.2275767002685,51.276205887840575,52.353797912597656,45358000,GOOGL
2018-11-06,52.31858558730312,53.54842264477756,52.248664069488854,53.040122985839844,28660000,GOOGL
2018-11-07,53.73042364601577,55.04158563686051,53.586611777060284,54.95777893066406,43388000,GOOGL
2018-11-08,54.91116216518148,54.956782731858674,53.7735612372915,54.28285217285156,33694000,GOOGL
2018-11-09,53.75669821736427,53.97142283548305,52.776798181357506,53.409568786621094,34860000,GOOGL
2018-11-12,53.21666748640021,53.26476998164376,51.59110279461373,52.037906646728516,34002000,GOOGL
2018-11-13,52.308178293181584,52.89631588540383,51.59358341935655,51.96897888183594,25750000,GOOGL
2018-11-14,52.565542813210634,52.85267087372335,51.628785198438855,52.2967643737793,34666000,GOOGL
2018-11-15,52.14205090644146,53.50131532395517,51.63771624229382,53.113521575927734,41584000,GOOGL
2018-11-16,52.824903973568865,53.18244920128964,52.312635487457975,52.97565841674805,35366000,GOOGL
2018-11-19,52.7336550830274,52.96226867525788,50.724265514564266,50.94989776611328,45684000,GOOGL
2018-11-20,49.9516463854331,51.44232802676677,49.69973067309953,51.100154876708984,54458000,GOOGL
2018-11-21,51.837070517766705,52.30321906381659,51.54696864073382,51.74384307861328,29698000,GOOGL
2018-11-23,51.2514102979892,51.7225189105899,51.004450849399845,51.08280563354492,14178000,GOOGL
2018-11-26,51.77210188629733,52.41677137360216,51.56233355629475,52.36420822143555,31558000,GOOGL
2018-11-27,52.13609310498648,52.90077288477134,51.84648690239975,52.18270492553711,33048000,GOOGL
2018-11-28,52.439588587382175,54.195079932226704,51.72003368504357,54.14201736450195,46042000,GOOGL
2018-11-29,53.73240371350894,54.55659312524138,53.656530858582514,54.28037643432617,31004000,GOOGL
2018-11-30,54.33244830687817,55.0276985168457,53.715049685217814,55.0276985168457,59668000,GOOGL
2018-12-03,56.14397975127472,56.28481406682753,55.130849677853114,55.36045455932617,57532000,GOOGL
2018-12-04,55.193332761663406,55.25532043785084,52.60423116972486,52.68803787231445,45630000,GOOGL
2018-12-06,51.82169421560711,53.528587431634996,51.696727612647116,53.462135314941406,47436000,GOOGL
2018-12-07,53.17203169584198,53.80678483588291,51.542498271462186,51.90004348754883,42682000,GOOGL
2018-12-10,51.7195442232431,52.545716205093655,51.22662034015049,52.22734832763672,33652000,GOOGL
2018-12-11,52.90969704277266,53.08127923725199,52.074600134734276,52.64736557006836,33852000,GOOGL
2018-12-12,53.41254832972403,54.13904206804826,53.15914192619585,53.246421813964844,28960000,GOOGL
2018-12-13,53.34262520473422,53.97490023035937,52.81300212951065,53.236995697021484,24986000,GOOGL
2018-12-14,52.56654035265501,53.14674409029984,52.038404143978894,52.15444564819336,36358000,GOOGL
2018-12-17,51.92137162429705,52.683573360961546,50.4148259287533,50.86212921142578,49932000,GOOGL
2018-12-18,51.27619952675167,52.55017019559987,51.10163977241483,51.74284362792969,43640000,GOOGL
2018-12-19,51.93524909395202,53.344602111324576,50.55367021371119,51.34859848022461,58264000,GOOGL
2018-12-20,50.879482241119874,51.94269722042624,49.979919413197926,50.75947570800781,53674000,GOOGL
2018-12-21,51.17900616560844,51.458196608978,48.65734815338162,49.15622329711914,104656000,GOOGL
2018-12-24,48.81256717172268,50.19117248549868,48.482296651220004,48.829925537109375,36360000,GOOGL
2018-12-26,49.49046000831835,51.99277700934326,49.225646602209785,51.9630241394043,46318000,GOOGL
2018-12-27,50.8894031809876,52.23527804094149,49.93726961475843,52.21345901489258,45996000,GOOGL
2018-12-28,52.54075084153076,52.775311987505624,51.672923407636674,51.905006408691406,34398000,GOOGL
2018-12-31,52.457936179774954,52.71382450957579,51.22859846003051,51.8197135925293,33110000,GOOGL
2019-01-02,50.93898977352967,52.6047230648871,50.843776043780714,52.301727294921875,31868000,GOOGL
2019-01-03,52.1028687333839,52.8759780134997,50.699466979891106,50.85319519042969,41960000,GOOGL
2019-01-04,51.700692372040024,53.55734876361941,51.41802873823579,53.461639404296875,46022000,GOOGL
2019-01-07,53.60545126402301,53.69124047708747,52.696463948265446,53.35502243041992,47446000,GOOGL
2019-01-08,53.8548939366267,54.21938178625841,52.97962822517848,53.82365417480469,35414000,GOOGL
2019-01-09,53.95357056046775,54.134573486464355,53.27814940807045,53.63916778564453,26998000,GOOGL
2019-01-10,53.30642301238766,53.54792673522367,52.797627727154754,53.49932861328125,26598000,GOOGL
2019-01-11,53.056490286355086,53.228568134505245,52.388511032973454,52.78721618652344,30864000,GOOGL
2019-01-14,52.2352805449362,52.48868696018829,51.99774560855751,52.14453125,28490000,GOOGL
2019-01-15,52.46685849321779,53.96745642029301,52.28982059636427,53.88017654418945,37518000,GOOGL
2019-01-16,54.053246874655336,54.6661809704005,53.9545637474721,54.02894592285156,38280000,GOOGL
2019-01-17,53.95358208360552,54.583870871208035,53.71901713298496,54.50551986694336,24896000,GOOGL
2019-01-18,54.97513352063556,55.44177767329486,54.51344944130372,54.911163330078125,44892000,GOOGL
2019-01-22,54.350794737301214,54.498079789258604,53.105585487890245,53.48941421508789,39632000,GOOGL
2019-01-23,53.897540179274316,54.19954471873332,52.94094970105131,53.77604675292969,25194000,GOOGL
2019-01-24,53.681824076200236,53.95407574019982,53.06244293330347,53.755714416503906,29114000,GOOGL
2019-01-25,54.263016457589686,54.71577542869572,54.14251429554499,54.6240348815918,23260000,GOOGL
2019-01-28,54.05672457402515,54.22036915695017,53.29005842382145,53.55040740966797,29334000,GOOGL
2019-01-29,53.60892597667247,53.79191523753481,52.864082578707574,53.06442642211914,19704000,GOOGL
2019-01-30,53.42643557606418,54.52535482106467,53.390731369867474,54.44948196411133,29452000,GOOGL
2019-01-31,55.15613401300113,55.92130947092157,54.80950019306475,55.833038330078125,40232000,GOOGL
2019-02-01,55.65452077430812,56.25506047419587,55.25581937687053,55.47252655029297,33116000,GOOGL
2019-02-04,55.491862423764644,56.64880046780075,55.41747645791283,56.60317611694336,78408000,GOOGL
2019-02-05,56.01850709621822,57.16602438858918,55.71948013382828,57.12139129638672,82296000,GOOGL
2019-02-06,56.99245699091347,57.227018124056855,55.459624180838055,55.684268951416016,48256000,GOOGL
2019-02-07,55.13531505066765,55.1437445278956,54.23128766882066,54.84223937988281,38298000,GOOGL
2019-02-08,54.29524926151284,54.80206204094916,54.263513873819036,54.66717529296875,21766000,GOOGL
2019-02-11,54.73511453956528,55.21514822312965,54.54915152300957,54.65428161621094,18498000,GOOGL
2019-02-12,55.095139799771296,56.178686919455295,55.095139799771296,55.91685104370117,35036000,GOOGL
2019-02-13,56.18760746750366,56.674088088339815,55.83849173367112,55.96891403198242,28042000,GOOGL
2019-02-14,55.78890327451835,56.340840976368156,55.39664511522368,55.9971809387207,21106000,GOOGL
2019-02-15,56.49804534986026,56.49804534986026,55.37829841032092,55.522605895996094,27826000,GOOGL
2019-02-19,55.37432660682805,56.018996063062694,55.37432660682805,55.8637809753418,21980000,GOOGL
2019-02-20,55.98131675352632,56.08297744721995,55.1318389376627,55.570213317871094,24090000,GOOGL
2019-02-21,55.480451774038514,55.49880139566847,54.44897603280645,54.7579231262207,33272000,GOOGL
2019-02-22,55.03017826981313,55.40458246006071,54.57394989558548,55.370365142822266,29436000,GOOGL
2019-02-25,55.63666444539481,55.808742286415196,55.24887071273336,55.40855026245117,26208000,GOOGL
2019-02-26,55.261760191576904,55.860313518973165,54.88140468154048,55.640628814697266,35026000,GOOGL
2019-02-27,55.243908298338845,55.82510324372257,54.97364296316191,55.684268951416016,22092000,GOOGL
2019-02-28,55.49136425895649,56.23472068766266,55.46210701631137,55.86576843261719,27422000,GOOGL
2019-03-01,56.08644635618862,57.02865975225924,56.08644635618862,56.955265045166016,34086000,GOOGL
2019-03-04,57.254789415718996,57.79829765213025,56.44597212936097,57.19825744628906,35490000,GOOGL
2019-03-05,57.32620299909426,58.34230678742909,57.178426102198614,57.98029708862305,40094000,GOOGL
2019-03-06,58.10774323810325,58.255520128917794,57.67581203241563,57.76953887939453,23602000,GOOGL
2019-03-07,57.549355197546085,57.70209215281522,56.61755383444335,57.07080841064453,30086000,GOOGL
2019-03-08,56.23025744721806,57.19974555782496,56.04677257369768,57.02717208862305,23694000,GOOGL
2019-03-11,57.127837740777274,58.511898680700604,57.106514344542475,58.47966766357422,30032000,GOOGL
2019-03-12,58.63041416531715,59.79131705583813,58.63041416531715,59.37178421020508,42220000,GOOGL
2019-03-13,59.80223795182649,59.861248068720826,59.404524065314185,59.461551666259766,25888000,GOOGL
2019-03-14,59.45956301594842,59.74123537213367,59.073256202850935,59.13772201538086,27302000,GOOGL
2019-03-15,59.40898775828328,59.593460108295844,58.86398883406654,59.02714157104492,51886000,GOOGL
2019-03-18,58.99689299412043,59.257737607989256,58.58975837909338,58.94036102294922,24442000,GOOGL
2019-03-19,59.0975568546802,59.677268706394294,58.985484173693706,59.630157470703125,29788000,GOOGL
2019-03-20,59.57758831206408,60.99537085692639,59.48783028814234,60.81882858276367,41508000,GOOGL
2019-03-21,60.499969664619066,61.31523015861807,60.33036996643317,61.29985809326172,28150000,GOOGL
2019-03-22,60.9388435932107,61.17588288459507,59.805707096855926,59.88753128051758,34422000,GOOGL
2019-03-25,59.48634632853268,59.97629637539744,59.01226397560031,59.378238677978516,27576000,GOOGL
2019-03-26,59.76554018730215,59.88753302286627,58.60364582572859,59.00433349609375,30752000,GOOGL
2019-03-27,59.107480926935835,59.107480926935835,57.7343275454508,58.41768264770508,29428000,GOOGL
2019-03-28,58.293205073603154,58.37998553960002,57.69465178230228,58.133026123046875,22402000,GOOGL
2019-03-29,58.525285785823435,58.713235095709805,57.8409432687041,58.36213684082031,30890000,GOOGL
2019-04-01,58.89026703848866,59.51807756408811,58.83175255655322,59.45758056640625,27706000,GOOGL
2019-04-02,59.51064629415848,59.79628749892426,59.07375879410385,59.78289794921875,18288000,GOOGL
2019-04-03,60.13796211001895,60.52972467652331,59.76008850583736,60.04423904418945,22180000,GOOGL
2019-04-04,60.068034138317934,60.52724003399788,59.956457090131785,60.47269058227539,21022000,GOOGL
2019-04-05,60.465254086840815,60.51930791115467,60.00555254911908,60.07596969604492,20012000,GOOGL
2019-04-08,60.059112319693156,60.199946617238616,59.74124010883788,59.91877365112305,21750000,GOOGL
2019-04-09,59.601890367217,59.862731184859946,59.42782623456685,59.64155960083008,19668000,GOOGL
2019-04-10,59.76057859967975,59.951497900092924,59.540893902709925,59.82801818847656,15510000,GOOGL
2019-04-11,59.94952062749646,60.139948099036154,59.73330909773251,59.98373794555664,16998000,GOOGL
2019-04-12,60.282760344008665,60.651216967296484,60.167218261198975,60.63534927368164,24312000,GOOGL
2019-04-15,60.70278993353485,60.961156397142275,60.23019825206835,60.82379150390625,23796000,GOOGL
2019-04-16,60.99586951444709,61.29241832671857,60.74990134124958,61.0905876159668,22622000,GOOGL
2019-04-17,61.342999928729455,61.7446826240801,61.13968232787188,61.498714447021484,30366000,GOOGL
2019-04-18,61.739722177019004,61.78633778477125,61.46251424224108,61.56467056274414,24750000,GOOGL
2019-04-22,61.32663423190125,62.20289109947269,61.162985872849006,62.174129486083984,19084000,GOOGL
2019-04-23,62.31694731609197,63.199155475503254,62.08535996551398,63.00872802734375,31868000,GOOGL
2019-04-24,63.0087378037284,63.177841883509664,62.47415840170821,62.48605728149414,23396000,GOOGL
2019-04-25,62.994346498508044,63.118321833279076,62.38438997015368,62.84756088256836,31344000,GOOGL
2019-04-26,63.14709496765027,63.42132915435446,62.73153084090035,63.34743881225586,27228000,GOOGL
2019-04-29,63.50066293959323,64.31692221345482,63.06427110185339,64.27873229980469,72368000,GOOGL
2019-04-30,59.043510415607194,59.55676639958848,58.66513740352542,59.45659637451172,133178000,GOOGL
2019-05-01,59.38418971821205,59.470973972298495,58.10377200341703,58.18510055541992,74340000,GOOGL
2019-05-02,58.149393720291656,58.48561553382337,57.44174152090412,57.847389221191406,45098000,GOOGL
2019-05-03,58.38791799502808,59.081684994667306,58.196503075397025,58.98994445800781,41588000,GOOGL
2019-05-06,58.119639328597295,59.281537394226156,58.077983794922574,59.18384552001953,31774000,GOOGL
2019-05-07,58.80449022210018,59.24881598225107,57.7725186735263,58.4598388671875,36604000,GOOGL
2019-05-08,58.38196772887271,58.728109683321264,57.902929116990364,58.059139251708984,25520000,GOOGL
2019-05-09,57.65349184858847,58.22228848592108,57.25875177209827,57.9197883605957,29556000,GOOGL
2019-05-10,57.96293283141563,58.33188127477487,56.84864171715123,57.90342330932617,31650000,GOOGL
2019-05-13,56.79261636580089,57.12635630275624,55.81370742782174,56.3636589050293,45626000,GOOGL
2019-05-14,56.64780825816616,56.774261749590714,55.716006859862674,55.78196334838867,40392000,GOOGL
2019-05-15,55.66740844227234,58.43206092531707,55.61038084252998,58.06013488769531,59302000,GOOGL
2019-05-16,58.11171418494154,59.218567333739884,57.94360513816863,58.739524841308594,35308000,GOOGL
2019-05-17,58.30956848230212,58.82828011356767,57.842924374026744,57.959957122802734,25362000,GOOGL
2019-05-20,57.17742890795264,57.17742890795264,56.440519449165286,56.76384735107422,30602000,GOOGL
2019-05-21,57.25082284796915,57.42538261961597,56.69690259812097,57.24884033203125,20562000,GOOGL
2019-05-22,57.090645739951604,57.712009344986775,57.07824744890352,57.31875991821289,18826000,GOOGL
2019-05-23,56.83376907485774,57.03113533695104,56.19356022860048,56.79756546020508,25214000,GOOGL
2019-05-24,57.12783560846031,57.24486836060925,56.36960275599148,56.46382522583008,18554000,GOOGL
2019-05-28,56.60615046527899,57.35049814373282,56.466799275668336,56.51093673706055,20948000,GOOGL
2019-05-29,56.170749826952495,56.28480881348524,55.14175593690512,55.53798294067383,36230000,GOOGL
2019-05-30,55.54839087669086,55.87816573711446,55.337631284033925,55.61087417602539,18088000,GOOGL
2019-05-31,54.82884368467994,55.21365987061157,54.715280327354535,54.871490478515625,31582000,GOOGL
2019-06-03,52.909211036677895,52.91268043979919,50.930565413815046,51.51126480102539,96890000,GOOGL
2019-06-04,51.79640359736962,52.48818816254106,51.37687068399899,52.29230499267578,60512000,GOOGL
2019-06-05,52.317596014695845,52.4073540441348,51.226614483210554,51.80384063720703,46988000,GOOGL
2019-06-06,51.881704456905,52.06965000873795,51.35109007958164,51.95856857299805,29020000,GOOGL
2019-06-07,52.281886608217675,53.23153811813064,52.126667734954445,52.98060989379883,43828000,GOOGL
2019-06-10,53.40857649267084,54.29326663277335,53.323282909136985,53.694217681884766,28510000,GOOGL
2019-06-11,54.39988435915306,54.74800885389501,53.53602575753216,53.60892105102539,33508000,GOOGL
2019-06-12,53.5548731804683,53.68231793371937,53.04161341422099,53.51272201538086,23670000,GOOGL
2019-06-13,53.79091982164258,54.380048643008536,53.68479846818787,54.103336334228516,20814000,GOOGL
2019-06-14,54.04035719000536,54.28929914113113,53.630744430671754,53.86976623535156,24582000,GOOGL
2019-06-17,54.00862367387797,54.61262895010507,53.954074216816096,54.246158599853516,19770000,GOOGL
2019-06-18,55.11943973209184,55.480454366679965,54.588329772186036,54.80900573730469,34526000,GOOGL
2019-06-19,54.90818664522496,55.01678993060054,54.3522800809747,54.772804260253906,26714000,GOOGL
2019-06-20,55.62525840880668,55.675842832879255,54.896282754909315,55.20374298095703,24018000,GOOGL
2019-06-21,55.03811051103241,55.8667605353799,55.031167921989905,55.807254791259766,50774000,GOOGL
2019-06-24,55.5409600862483,55.7179980164178,55.20920266563468,55.37731170654297,24236000,GOOGL
2019-06-25,55.29697547638443,55.32771960798602,53.78546593566501,53.93324661254883,31644000,GOOGL
2019-06-26,54.10283853958426,54.30715117461106,53.244435661949076,53.57321548461914,34698000,GOOGL
2019-06-27,53.892080954369916,53.976878905152184,53.35154651318348,53.390228271484375,24078000,GOOGL
2019-06-28,53.41998464668975,53.69620132446289,53.24988932159318,53.69620132446289,33672000,GOOGL
2019-07-01,54.60072427201799,54.975132239253035,54.317565004800876,54.54915237426758,29196000,GOOGL
2019-07-02,54.78867275994016,55.18836914929686,54.5327882241278,55.173988342285156,20630000,GOOGL
2019-07-03,55.46656960642054,55.937182567074046,55.28556665878392,55.689231872558594,20154000,GOOGL
2019-07-05,55.50971594510009,56.267453260468955,55.416984134318625,56.16926574707031,29794000,GOOGL
2019-07-08,55.832044276038815,55.89849638868421,55.13232971119803,55.38176727294922,29888000,GOOGL
2019-07-09,55.060920642793654,55.93073435346147,54.903719240110554,55.75369644165039,29472000,GOOGL
2019-07-10,56.15190482385969,56.64879744980509,56.06958501516339,56.577884674072266,30710000,GOOGL
2019-07-11,56.838235934753826,57.18933423160669,56.509456077249816,56.73508834838867,26004000,GOOGL
2019-07-12,56.678054562551374,56.90468185042832,56.46134742073141,56.79756546020508,21878000,GOOGL
2019-07-15,56.79757111000112,57.062384554712914,56.53276144871689,57.053955078125,21164000,GOOGL
2019-07-16,56.86649740090158,57.454143110765386,56.86649740090158,57.20024108886719,25352000,GOOGL
2019-07-17,57.07428317923879,57.44720047303278,56.861045434017086,56.86699676513672,19538000,GOOGL
2019-07-18,56.63193513480286,56.93790846039602,56.17868433807798,56.891788482666016,25450000,GOOGL
2019-07-19,56.99493690261568,57.10700958518703,56.09884350416264,56.11371994018555,23184000,GOOGL
2019-07-22,56.30811627836571,56.5337523292604,55.79932472787328,56.49358367919922,28914000,GOOGL
2019-07-23,56.70384306743946,56.972125891678026,56.17818882306759,56.93195724487305,20648000,GOOGL
2019-07-24,56.166782066704464,56.80351773742075,55.9629650578798,56.51936721801758,27192000,GOOGL
2019-07-25,56.480684667806266,56.710785142445566,55.72493373698606,56.3314208984375,54762000,GOOGL
2019-07-26,60.89668724055463,62.89962973445841,60.89668724055463,61.75062942504883,121216000,GOOGL
2019-07-29,61.615745870948935,61.937586892558215,61.0057855147217,61.58301544189453,41382000,GOOGL
2019-07-30,60.847097204406246,61.33853791873472,60.76378613660804,60.896690368652344,28616000,GOOGL
2019-07-31,60.74147552949135,61.23935945357767,59.913816715019806,60.410709381103516,39960000,GOOGL
2019-08-01,60.38244041742566,61.30828669649501,59.85529549111367,60.09233856201172,35426000,GOOGL
2019-08-02,59.656933888081014,59.97926673867572,59.012260620037516,59.3256721496582,34910000,GOOGL
2019-08-05,58.16774521908615,58.36164587535304,56.66913339378549,57.26421356201172,47840000,GOOGL
2019-08-06,57.79829933606973,58.585789466166396,57.60043365387298,58.07402038574219,36014000,GOOGL
2019-08-07,57.41546170450556,58.50991642354329,57.07031476456262,58.313541412353516,30686000,GOOGL
2019-08-08,58.83522822791274,59.81959280201801,58.21882466903236,59.81513214111328,30116000,GOOGL
2019-08-09,59.507673130205106,59.729340362682485,58.758860947292085,58.95771789550781,20418000,GOOGL
2019-08-12,58.51636529528973,58.79456449803921,57.956989332399154,58.24361801147461,22064000,GOOGL
2019-08-13,58.23617396205058,59.777436208924264,58.16873437476789,59.34600067138672,28434000,GOOGL
2019-08-14,58.32147609646405,58.65472037886696,57.57762400887697,57.735321044921875,35430000,GOOGL
2019-08-15,57.94260262107063,58.338825802295844,57.67332855107692,57.98673629760742,28506000,GOOGL
2019-08-16,58.55553525319679,58.706785312580124,58.16922844394808,58.47718048095703,24916000,GOOGL
2019-08-19,59.10301619731981,59.973821209229875,59.03210341664599,59.52998733520508,24450000,GOOGL
2019-08-20,59.2775765475695,59.40899011785179,58.667616151780344,58.6914176940918,20206000,GOOGL
2019-08-21,59.30087828655485,59.53593505282947,58.909115748288066,59.090614318847656,14152000,GOOGL
2019-08-22,59.200698968768506,59.44765837406731,58.46230268089666,59.0876350402832,17352000,GOOGL
2019-08-23,58.7727427748867,59.29344073521031,57.02865847577189,57.20619201660156,36254000,GOOGL
2019-08-26,57.49728131019381,58.11269354773847,57.26916714544354,58.07897186279297,21166000,GOOGL
2019-08-27,58.66513575010437,58.764314514394854,57.75069271231088,58.061126708984375,23460000,GOOGL
2019-08-28,57.76606404377272,58.44197711290288,57.53695860411005,58.206424713134766,16810000,GOOGL
2019-08-29,58.8347290486105,59.467995305199445,58.77819707980944,59.22252655029297,19636000,GOOGL
2019-08-30,59.525519943330565,59.525519943330565,58.800013761203594,59.038543701171875,18064000,GOOGL
2019-09-03,58.6081026279347,58.96663910917383,57.70853983655242,57.998146057128906,25908000,GOOGL
2019-09-04,58.48908610398832,58.758360180871236,58.09633231531948,58.628929138183594,21312000,GOOGL
2019-09-05,59.19376342201617,60.202428928101156,59.145660927110434,60.1126708984375,26394000,GOOGL
2019-09-06,59.961418199155226,60.15035498422867,59.66982568519,59.82157516479492,18972000,GOOGL
2019-09-09,59.859262573889204,60.52724177884461,59.16946434430124,59.76950454711914,31854000,GOOGL
2019-09-10,59.31426820929978,60.00406644767936,59.31029939412183,59.790828704833984,27922000,GOOGL
2019-09-11,59.70107231415297,60.62245794277462,59.62123064685338,60.499969482421875,23522000,GOOGL
2019-09-12,60.67204512491026,61.611776558659884,60.626916405154056,61.242332458496094,31644000,GOOGL
2019-09-13,61.1005056186852,61.543843853790506,60.85106803599327,61.49325942993164,23676000,GOOGL
2019-09-16,61.017684408775345,61.443168609925806,60.75733544617738,61.076698303222656,28218000,GOOGL
2019-09-17,61.0767058291929,61.24382360408933,60.666098012436215,60.98992156982422,20806000,GOOGL
2019-09-18,61.00777790676266,61.305318004923365,60.324922189704154,61.127288818359375,17440000,GOOGL
2019-09-19,61.11091940299707,61.70699079794406,61.11042377402852,61.42978286743164,16554000,GOOGL
2019-09-20,61.176375269413754,61.63062110183723,60.677500130138256,60.98793411254883,37692000,GOOGL
2019-09-23,60.82576923159959,61.4758981856852,60.687413091314916,61.22844314575195,20798000,GOOGL
2019-09-24,61.49177059527287,61.84435574702612,60.03580563912053,60.417152404785156,35804000,GOOGL
2019-09-25,60.30210403560612,61.88948638631289,59.96439530930563,61.786338806152344,26798000,GOOGL
2019-09-26,61.597893202784334,61.72335921962047,61.08612412271206,61.60533142089844,23166000,GOOGL
2019-09-27,61.63211590045999,61.7392323041389,60.26194000949071,60.79503631591797,34122000,GOOGL
2019-09-30,60.52972419632317,60.867432931571535,60.1736696213121,60.55650329589844,24470000,GOOGL
2019-10-01,60.62345616742051,61.137707238349,59.783398996508666,59.80571365356445,24504000,GOOGL
2019-10-02,59.33460512951932,59.44667782034563,58.15088793600991,58.4132194519043,33030000,GOOGL
2019-10-03,58.68199283402586,59.06185271029427,57.68027372624603,58.9839973449707,28368000,GOOGL
2019-10-04,59.225006378900304,60.126059852899786,59.06036675741137,60.051673889160156,24282000,GOOGL
2019-10-07,59.85529062188351,60.44591006003329,59.72437269752204,59.91727828979492,17040000,GOOGL
2019-10-08,59.44716525241089,59.848844132939014,58.986472477126554,59.018707275390625,20086000,GOOGL
2019-10-09,59.57411941039599,59.92769580721436,59.41493171488661,59.62717819213867,15948000,GOOGL
2019-10-10,59.43873940465418,60.28276149090134,59.402043943686515,59.977783203125,12842000,GOOGL
2019-10-11,60.699821792276346,60.93388732436439,60.18457948758753,60.2872314453125,22330000,GOOGL
2019-10-14,60.196971434793475,60.79155593707304,60.09729704509824,60.389381408691406,13296000,GOOGL
2019-10-15,60.57435740883413,61.845350682590826,60.545595793212456,61.60285568237305,27584000,GOOGL
2019-10-16,61.58153099093143,62.19545640319099,61.41887388058944,61.64054489135742,22986000,GOOGL
2019-10-17,62.05709998659484,62.66953850932055,61.98122713403828,62.12652587890625,20958000,GOOGL
2019-10-18,62.22025103490627,62.389846945762145,61.49871362002821,61.71046447753906,31624000,GOOGL
2019-10-21,61.92320288687026,62.16172904490306,61.491271721739686,61.70401382446289,18094000,GOOGL
2019-10-22,61.71393429825658,61.92469389924961,61.48433322932572,61.5512809753418,22862000,GOOGL
2019-10-23,61.50218452433589,62.386375228221,61.50218452433589,62.36604309082031,21282000,GOOGL
2019-10-24,62.4394416809082,62.62738721875629,62.10421109911762,62.4394416809082,20224000,GOOGL
2019-10-25,62.086851313418414,62.880296548809305,61.945521387384986,62.69681167602539,27104000,GOOGL
2019-10-28,63.22742858237016,64.42949157988647,63.094032497897665,63.92069625854492,65428000,GOOGL
2019-10-29,63.27701889560473,63.51505323612081,62.26587519841063,62.51630783081055,52654000,GOOGL
2019-10-30,62.243062237785296,62.881288593585026,62.01990812718135,62.518287658691406,29204000,GOOGL
2019-10-31,62.48357034580104,62.80689823914488,61.961881154991474,62.4240608215332,31904000,GOOGL
2019-11-01,62.771202075474406,63.12825169994562,62.46919753838538,63.09105682373047,28812000,GOOGL
2019-11-04,63.28247250724453,64.09525485772615,63.28247250724453,63.95193862915039,30632000,GOOGL
2019-11-05,64.03078380018343,64.3303101709865,63.94053392587644,64.04268646240234,25148000,GOOGL
2019-11-06,63.97573411514522,64.1195421671618,63.58794043675545,64.02135467529297,24626000,GOOGL
2019-11-07,64.18352592571782,65.59040103941366,64.1572462377244,64.81134033203125,45140000,GOOGL
2019-11-08,64.54255550304146,65.3156686315191,64.54255550304146,64.91349029541016,30392000,GOOGL
2019-11-11,64.6655404685864,64.71017734604172,64.26237843589956,64.38188934326172,17234000,GOOGL
2019-11-12,64.39627028672976,64.93085348903183,64.18154563023947,64.32882690429688,28852000,GOOGL
2019-11-13,64.12897616917114,64.59215093862099,64.077899897034,64.27774810791016,20538000,GOOGL
2019-11-14,64.21922425111995,65.2467349264143,64.16665731618855,64.9209213256836,28948000,GOOGL
2019-11-15,65.21351099535102,66.13043212890625,65.0568014433281,66.13043212890625,39286000,GOOGL
2019-11-18,66.07092657964729,66.14928136486101,65.26855995871942,65.4510498046875,27984000,GOOGL
2019-11-19,65.78776365557141,65.78776365557141,65.05085793939855,65.09152221679688,21864000,GOOGL
2019-11-20,65.03052251032652,65.12226305261011,63.93210279744531,64.55941772460938,28892000,GOOGL
2019-11-21,64.429983634344,65.01861677417807,64.0084644651908,64.47412109375,25546000,GOOGL
2019-11-22,64.615942162773,64.80934337086836,63.939533563342145,64.15326690673828,27776000,GOOGL
2019-11-25,64.28172221866342,64.983419412069,64.24948741504542,64.74687194824219,23590000,GOOGL
2019-11-26,64.958610565882,65.16193192966712,64.66752126393,65.11184692382812,21910000,GOOGL
2019-11-27,65.23186685461462,65.34195702798004,64.93680491082387,65.06871032714844,18808000,GOOGL
2019-11-29,64.79446527610625,64.96058797314814,64.62734375443061,64.66999053955078,12802000,GOOGL
2019-12-02,64.59412779237636,64.73695217046216,63.4942173937447,63.91474533081055,26538000,GOOGL
2019-12-03,63.40892668143017,64.32982047875444,63.32908879632184,64.20633697509766,25270000,GOOGL
2019-12-04,64.7696896992999,65.67074331391355,64.61843581992142,65.40642547607422,35506000,GOOGL
2019-12-05,65.80610544051169,65.85470734274854,65.17730745296996,65.80412292480469,24408000,GOOGL
2019-12-06,66.09125298585175,66.57326918477894,66.01587954811114,66.4205322265625,32968000,GOOGL
2019-12-09,66.39424795925537,67.32108920325197,66.25588803414921,66.59905242919922,30842000,GOOGL
2019-12-10,66.4478261787646,66.84752266039894,66.1532560312211,66.5941162109375,17606000,GOOGL
2019-12-11,66.86237660181916,66.94122321757087,66.50532704223565,66.66153717041016,20480000,GOOGL
2019-12-12,66.60997502068224,67.17381167318545,66.36153246208066,66.87181091308594,29114000,GOOGL
2019-12-13,66.84254202624732,67.01362860346082,66.53310308380729,66.79146575927734,33170000,GOOGL
2019-12-16,67.19464273779465,67.6176450772123,66.97694431367663,67.47731018066406,28128000,GOOGL
2019-12-17,67.56209574408568,67.65730947093114,66.98486583558378,67.18917846679688,32948000,GOOGL
2019-12-18,67.29381221564596,67.4143143680724,66.96949684654093,67.04139709472656,23330000,GOOGL
2019-12-19,67.04139223741208,67.32009458947502,66.88469026605914,67.26603698730469,28922000,GOOGL
2019-12-20,67.59631951614024,67.64094882668455,66.9828897183772,67.00718688964844,50090000,GOOGL
2019-12-23,67.37960705864413,67.53432652981114,66.84750585981473,66.9779281616211,19936000,GOOGL
2019-12-24,66.9570960026882,67.04636218280068,66.65757720914816,66.67046356201172,13468000,GOOGL
2019-12-26,66.7755984844462,67.60127850432504,66.72402280476463,67.56507110595703,23662000,GOOGL
2019-12-27,67.64095444804676,67.79220832437919,67.09546739562148,67.17679595947266,23212000,GOOGL
2019-12-30,67.28438834287245,67.2938090758565,66.34366194444391,66.43639373779297,19994000,GOOGL
2019-12-31,66.24200742818745,66.48351115662122,66.06050885599129,66.4205322265625,19514000,GOOGL
2020-01-02,66.86784303993142,67.87303161621094,66.77262930429765,67.87303161621094,27278000,GOOGL
2020-01-03,66.84751358265558,68.12445823826381,66.81378810886194,67.5179672241211,23408000,GOOGL
2020-01-06,67.02752545950933,69.34289249663834,66.99628947924452,69.3176040649414,46768000,GOOGL
2020-01-07,69.44900196622598,69.59975639798446,69.00765007438353,69.1836929321289,34330000,GOOGL
2020-01-08,69.16931937572167,70.01384094895226,69.06071987013958,69.67613220214844,35314000,GOOGL
2020-01-09,70.51369507317621,70.84842998736566,69.93250016192401,70.40757751464844,33200000,GOOGL
2020-01-10,70.887623572567,71.15888019723822,70.39816911178163,70.8623275756836,26258000,GOOGL
2020-01-13,71.17424616511539,71.48319328541425,70.68429987467893,71.41129302978516,30730000,GOOGL
2020-01-14,71.4097937019993,71.54021599791382,70.80330278532237,70.94315338134766,26076000,GOOGL
2020-01-15,71.06366724106702,71.44848723259247,70.99622386006052,71.37013244628906,21550000,GOOGL
2020-01-16,71.6800692002155,71.94042198348346,71.40980383677255,71.91364288330078,26080000,GOOGL
2020-01-17,72.52755882003636,73.42067465653932,72.23051437982828,73.36959838867188,52424000,GOOGL
2020-01-21,73.34382322473569,73.8833703111752,72.9079269291361,73.50499725341797,48930000,GOOGL
2020-01-22,73.87591692725086,74.41396566579424,73.5253143022731,73.58531188964844,28458000,GOOGL
2020-01-23,73.76780967939291,74.06287159574599,73.4092694223647,73.6259765625,26650000,GOOGL
2020-01-24,74.02916228737966,74.09759693255747,72.55930808667824,72.70758819580078,29786000,GOOGL
2020-01-27,70.99026646132236,71.24019965615449,70.3931962623692,70.99968719482422,34132000,GOOGL
2020-01-28,71.49609826537343,72.14374547976996,70.93176213674049,71.93051147460938,29724000,GOOGL
2020-01-29,72.32522928653594,72.60690544755049,71.67709035915647,72.23795318603516,21566000,GOOGL
2020-01-30,71.3155792213507,72.1660483074748,71.16185099783613,72.11646270751953,27110000,GOOGL
2020-01-31,72.79137767304688,72.88113570169328,70.76809913606537,71.0517578125,43822000,GOOGL
2020-02-03,72.48342482845398,73.70582753071683,72.23349161238843,73.5223388671875,71636000,GOOGL
2020-02-04,72.12835848746417,72.76558597572388,70.51866160482743,71.6780776977539,95880000,GOOGL
2020-02-05,72.58061715621994,72.62871964997271,70.89802869966074,71.7098159790039,36376000,GOOGL
2020-02-06,72.00387426122096,73.47075414565434,71.92949209474698,73.19354248046875,37822000,GOOGL
2020-02-07,72.76807109346798,73.65374870960305,72.66988358975605,73.3492660522461,28360000,GOOGL
2020-02-10,73.25604592514885,74.82557052333453,73.15537648833067,74.81465911865234,38302000,GOOGL
2020-02-11,75.04327053759313,75.86696810584262,74.65547678552417,74.88408660888672,34852000,GOOGL
2020-02-12,75.17170572454793,75.39188605793423,74.81515553865327,75.30907440185547,31042000,GOOGL
2020-02-13,74.88110442539049,75.67206769006663,74.58356058636251,75.0492172241211,22914000,GOOGL
2020-02-14,75.1057482210196,75.37948673334321,74.66042372612603,75.31402587890625,23198000,GOOGL
2020-02-18,75.09632856792217,75.90067759877253,74.9311895426324,75.34923553466797,25642000,GOOGL
2020-02-19,75.7340456039013,75.90959659765196,75.42559796776948,75.61849975585938,22746000,GOOGL
2020-02-20,75.32791507548832,75.72761146175247,74.59645752229817,75.22774505615234,25962000,GOOGL
2020-02-21,74.61233071932669,74.92822421575049,73.31852714783577,73.56498718261719,42520000,GOOGL
2020-02-24,70.56924154888083,71.23028195609393,69.76290996883232,70.41104888916016,49560000,GOOGL
2020-02-25,70.96349127440813,71.25358934741597,68.45522273304678,68.747802734375,51580000,GOOGL
2020-02-26,69.17725919757333,70.1041006176885,68.26331169909781,68.95360565185547,49776000,GOOGL
2020-02-27,67.39994084412521,67.90873614395468,65.17334092529835,65.20854949951172,62290000,GOOGL
2020-02-28,63.193204492422396,66.5722739739755,62.89070436777219,66.41358947753906,80198000,GOOGL
2020-03-02,67.01562107182778,68.80482655090657,65.71685370908082,68.747802734375,55430000,GOOGL
2020-03-03,69.31114065170213,69.83233041381229,65.91718724409012,66.33771514892578,56602000,GOOGL
2020-03-04,67.39101599549596,68.57225502928063,66.30201692418471,68.51374053955078,47598000,GOOGL
2020-03-05,66.72599709750645,67.12669225673191,64.5484988050263,65.1991195678711,54380000,GOOGL
2020-03-06,62.97700467595164,64.60355700885466,62.34522521289,64.25593566894531,64640000,GOOGL
2020-03-09,59.754126070275596,62.123046868993185,59.410961693675034,60.29118728637695,69252000,GOOGL
2020-03-10,62.205381875828095,63.26958442314607,60.227723675018005,63.235862731933594,54872000,GOOGL
2020-03-11,61.901881557171805,62.331330808488026,59.06879454018304,60.0486946105957,54732000,GOOGL
2020-03-12,55.67088167650658,58.95027701384307,54.96918076424431,55.121917724609375,94326000,GOOGL
2020-03-13,58.2679152243598,60.22226345773861,55.158611522233514,60.215816497802734,79400000,GOOGL
2020-03-16,54.03391417465646,56.804018794531096,52.916649086900534,53.21022415161133,96520000,GOOGL
2020-03-17,54.08498426425192,55.838489131429206,52.025010467573345,55.44474411010742,83194000,GOOGL
2020-03-18,52.56256725349607,54.796601385111515,51.42496645364691,54.11225891113281,93044000,GOOGL
2020-03-19,53.964983044434405,57.15809373620562,52.34487397039444,55.127872467041016,74064000,GOOGL
2020-03-20,56.08149147147877,56.45738636340472,52.669690960507474,52.972686767578125,82878000,GOOGL
2020-03-23,52.385533632275504,52.90821410094761,50.030002120502026,52.274452209472656,83672000,GOOGL
2020-03-24,54.7465237525493,56.20199314271335,53.87621437902263,56.037353515625,72468000,GOOGL
2020-03-25,55.76807440928379,56.838723734721434,53.70661363639943,54.629486083984375,90324000,GOOGL
2020-03-26,55.279113043764426,58.09385023001346,54.15391431981258,57.66935729980469,76562000,GOOGL
2020-03-27,55.91139183073007,57.08072809299469,54.747511270415124,55.057945251464844,62794000,GOOGL
2020-03-30,56.16777698755777,57.07825124528936,54.47427322697181,56.845672607421875,58736000,GOOGL
2020-03-31,56.96568065824295,58.1890670209297,56.37010109392205,57.62126159667969,65228000,GOOGL
2020-04-01,55.73931501110959,56.008093464132045,54.22631868304361,54.653289794921875,51970000,GOOGL
2020-04-02,54.54915520216464,55.678322926721385,54.20847268836694,55.3936767578125,56410000,GOOGL
2020-04-03,55.278626230732584,55.480952582798494,53.31337022040269,54.1871452331543,51374000,GOOGL
2020-04-06,56.18562904604569,59.049456548881885,55.78890642035224,58.674556732177734,63320000,GOOGL
2020-04-07,60.35168668267904,60.538644724889906,58.379984000621846,58.643306732177734,61620000,GOOGL
2020-04-08,59.66189584651864,60.24705964616023,58.71224421750471,59.85529708862305,40334000,GOOGL
2020-04-09,60.40971984039294,60.59865664780215,59.13227577921186,59.83397674560547,54028000,GOOGL
2020-04-13,59.58254746490999,60.228211985811114,58.631904675648435,60.02439498901367,38702000,GOOGL
2020-04-14,61.490280262007424,63.26461295446893,60.92346235774,62.74292755126953,63358000,GOOGL
2020-04-15,61.81460308752658,63.23288132977035,61.194230736716015,62.34968185424805,42236000,GOOGL
2020-04-16,62.837645447215486,63.14609692046677,61.40250825663297,62.35612487792969,57896000,GOOGL
2020-04-17,63.55968059070784,63.971279654647915,62.781115555550386,63.42578887939453,51050000,GOOGL
2020-04-20,62.97402173117988,63.31768179285646,62.307033746712925,62.54060363769531,35292000,GOOGL
2020-04-21,61.62616593937416,61.98767622078113,59.75611987683301,60.11118698120117,49648000,GOOGL
2020-04-22,61.546816874331455,63.469426000735105,61.35292000771885,62.404727935791016,46296000,GOOGL
2020-04-23,62.76822057097703,63.87953802477549,62.50985788688982,63.03749465942383,34202000,GOOGL
2020-04-24,62.23562155598527,63.361815406709226,61.69013080899274,63.30677032470703,37402000,GOOGL
2020-04-27,64.07045227129784,64.17459488318094,62.734493926575716,63.022117614746094,44186000,GOOGL
2020-04-28,63.63406872473429,63.71142467884531,61.0147150018543,61.12430953979492,80700000,GOOGL
2020-04-29,66.69874197813101,67.45003233788705,65.79273212855323,66.55889892578125,108358000,GOOGL
2020-04-30,66.0223167441656,66.94667598713897,65.53335424511357,66.78302764892578,55842000,GOOGL
2020-05-01,65.66179120018717,67.01758966464936,64.94620903970105,65.32606506347656,48872000,GOOGL
2020-05-04,64.8703571166815,65.68066140503612,64.2693217841076,65.60279846191406,30806000,GOOGL
2020-05-05,66.32681171124734,67.98857626005707,66.20432703264936,66.89808654785156,39666000,GOOGL
2020-05-06,67.34341989813494,67.87353868086379,66.70519344677658,66.7200698852539,31732000,GOOGL
2020-05-07,67.50753910772514,68.23602278801522,67.07263420682175,67.90277099609375,30652000,GOOGL
2020-05-08,68.52464582755636,69.25956898715928,68.03816519605402,68.64961242675781,33326000,GOOGL
2020-05-11,68.27519799946403,70.19631619479235,68.21122781905508,69.60420989990234,32718000,GOOGL
2020-05-12,69.83383223606998,70.13682424784653,68.16214747442724,68.19537353515625,33918000,GOOGL
2020-05-13,68.24396464855478,68.69870991776949,65.8561982347185,66.8638687133789,40368000,GOOGL
2020-05-14,66.1294392946917,67.3121612901518,65.62262654118136,67.28687286376953,36660000,GOOGL
2020-05-15,66.86040707156998,68.16561392304912,66.40119733074029,68.09024047851562,41544000,GOOGL
2020-05-18,67.52094887953119,69.0671676528227,67.15497035740877,68.69127655029297,47094000,GOOGL
2020-05-19,68.70614443587316,69.05376572383527,68.12494948842443,68.15668487548828,31586000,GOOGL
2020-05-20,68.88863698818672,70.02276472704372,68.80235214483642,69.88043975830078,38262000,GOOGL
2020-05-21,69.9711931242331,70.24244974483369,69.14799496101227,69.76093292236328,30894000,GOOGL
2020-05-22,69.61960413209609,70.26923381967933,69.22536338810905,70.08277893066406,28544000,GOOGL
2020-05-26,71.50701066600398,71.66322084569644,70.38825854154405,70.48594665527344,44590000,GOOGL
2020-05-27,70.41799195891424,70.68330099818472,69.15840585469878,70.43187713623047,31684000,GOOGL
2020-05-28,69.42618481441546,71.63096165984945,69.38056425382432,70.3307113647461,35170000,GOOGL
2020-05-29,70.4393250257835,71.24764676163868,70.218652828686,71.08846282958984,37044000,GOOGL
2020-06-01,70.70066543276502,71.48815557585249,70.53106194988158,71.15540313720703,25162000,GOOGL
2020-06-02,71.16184772780194,71.55857034348811,70.49783354301282,71.52435302734375,23442000,GOOGL
2020-06-03,71.54368329606875,71.85659538466791,70.99422380337077,71.37259674072266,27732000,GOOGL
2020-06-04,71.2501248242787,71.47526904447197,69.72423813412438,70.13533782958984,26982000,GOOGL
2020-06-05,70.20178017806124,71.72221852046398,69.80406630546283,71.4107894897461,42642000,GOOGL
2020-06-08,70.72943087648002,71.85611291261435,70.64016468589004,71.80850982666016,33878000,GOOGL
2020-06-09,71.66965065277674,72.78840250945899,71.52682627591334,72.00884246826172,33624000,GOOGL
2020-06-10,72.47648902737328,73.03486997129616,72.12192132758686,72.63468170166016,31762000,GOOGL
2020-06-11,71.4608677491371,71.98503884464859,69.34733955056195,69.5204086303711,47144000,GOOGL
2020-06-12,70.70858643432881,71.13754380958245,68.7220073373794,70.06689453125,36676000,GOOGL
2020-06-15,68.90501227244624,70.66595575731058,68.79144890467562,70.45470428466797,30468000,GOOGL
2020-06-16,71.85611795259162,72.26127010805475,70.86382319490215,71.73065948486328,30648000,GOOGL
2020-06-17,72.0514946495563,72.51069676200414,71.16829143028149,72.03165435791016,30610000,GOOGL
2020-06-18,71.89825402642742,72.05297348457265,70.72742718247635,71.11820220947266,34862000,GOOGL
2020-06-19,71.40980414439169,71.63295826897189,70.36840814054392,70.64810180664062,52784000,GOOGL
2020-06-22,70.66644253665869,71.95280774652628,70.37782758468947,71.93842315673828,29442000,GOOGL
2020-06-23,72.00487961496944,73.15537446068053,71.65775015871338,72.59896850585938,37752000,GOOGL
2020-06-24,72.56424844008514,73.18461692389582,70.91388742535021,71.04778289794922,31592000,GOOGL
2020-06-25,70.97440158641986,71.52485247707787,70.39518907866939,71.46435546875,23958000,GOOGL
2020-06-26,71.04432444908078,71.26202286929771,67.19464153368672,67.56855010986328,97640000,GOOGL
2020-06-29,67.45946127070331,69.3270294813935,67.0285212435284,69.2858657836914,45074000,GOOGL
2020-06-30,69.27148629690004,70.61636630128766,68.7780591887878,70.32130432128906,40286000,GOOGL
2020-07-01,70.37683460756695,71.83032132325184,70.12937578150444,71.50897216796875,42182000,GOOGL
2020-07-02,71.99694685942596,73.81591270905315,71.9587569455247,72.89402770996094,57218000,GOOGL
2020-07-06,73.79756767696199,74.88111101976311,73.24364363672055,74.36785125732422,44712000,GOOGL
2020-07-07,74.19329366469888,75.44246780197778,73.87442642573149,73.88533782958984,42364000,GOOGL
2020-07-08,74.42487655792402,74.9391275363047,74.00335737778137,74.56372833251953,31766000,GOOGL
2020-07-09,74.87763207288506,75.83026118715777,74.16651424532147,75.31055450439453,41836000,GOOGL
2020-07-10,75.04227347746796,76.43526327419461,74.42091366005153,76.31971740722656,35918000,GOOGL
2020-07-13,76.86174923666793,78.17191999043621,74.71053006647314,74.99170684814453,42954000,GOOGL
2020-07-14,74.0276638809234,75.51585983280482,73.68747324161508,75.4196548461914,38108000,GOOGL
2020-07-15,75.53717702893292,76.18680655802422,74.27759098501936,75.22228240966797,31026000,GOOGL
2020-07-16,74.45957915498776,75.17417766907114,73.80350268613957,75.12508392333984,26484000,GOOGL
2020-07-17,75.22376845137862,75.54710012521701,74.29097965125972,75.22079467773438,34264000,GOOGL
2020-07-20,75.12905704307107,77.8074208084694,74.51910048084655,77.55104064941406,30166000,GOOGL
2020-07-21,78.60186910012267,78.7020391330596,76.99464629411698,77.15829467773438,27486000,GOOGL
2020-07-22,77.14788062235074,77.70676098682584,76.5289950954677,77.60113525390625,24482000,GOOGL
2020-07-23,77.65469369706234,77.87388279477673,74.81119054190296,75.21585083007812,33910000,GOOGL
2020-07-24,74.34504365729109,75.15038400386956,73.76979622867519,74.79234313964844,29902000,GOOGL
2020-07-27,75.04276793316431,76.24780455339922,74.99664795853083,75.84463500976562,27124000,GOOGL
2020-07-28,75.62495452502512,75.67503953138889,74.41098901045284,74.56620788574219,30910000,GOOGL
2020-07-29,74.6331662656274,76.03805134396887,74.53447933720477,75.55107879638672,22676000,GOOGL
2020-07-30,74.28454085408097,76.41295336384728,74.14568906688521,76.2879867553711,36042000,GOOGL
2020-07-31,74.2389154953102,74.63414743431856,72.10405616294213,73.78764343261719,91468000,GOOGL
2020-08-03,73.93889871670713,74.27263483646993,72.982796377369,73.5302734375,45482000,GOOGL
2020-08-04,73.72614732908357,74.04352386940299,72.6014404781927,73.06114196777344,37212000,GOOGL
2020-08-05,73.23570970460068,73.88930432200833,72.95799858052132,73.34827423095703,29134000,GOOGL
2020-08-06,73.2024929142667,74.69614476480311,72.991733291416,74.63068389892578,33306000,GOOGL
2020-08-07,74.83350979435441,75.38147873345969,73.70433828894927,74.30438232421875,27718000,GOOGL
2020-08-10,73.92897345317232,74.73976942853685,73.26892434364396,74.22750854492188,20546000,GOOGL
2020-08-11,74.08766876140056,74.90293686647448,73.30365176800044,73.4201889038086,31098000,GOOGL
2020-08-12,73.74648949020883,74.96392829740739,73.64135561207259,74.7442398071289,22512000,GOOGL
2020-08-13,74.79233862250962,76.21855444545622,74.79233862250962,75.21087646484375,22388000,GOOGL
2020-08-14,75.06013175554337,75.36660452613891,74.33562050081562,74.61481475830078,21942000,GOOGL
2020-08-17,75.17716599131961,75.56446789757864,74.63316208489026,75.1905517578125,19990000,GOOGL
2020-08-18,75.68049915036515,77.23019092166476,75.45982697689634,77.1513442993164,28378000,GOOGL
2020-08-19,76.98819489670538,77.79998980713675,76.36881754336467,76.59742736816406,30472000,GOOGL
2020-08-20,76.36731743172305,78.36084298271476,76.09407832961335,78.16645050048828,26382000,GOOGL
2020-08-21,77.94576675479895,78.94154200457511,77.47516142101985,78.13272857666016,34838000,GOOGL
2020-08-24,78.9708081393401,79.77962926395986,78.10645386630996,78.6078109741211,25638000,GOOGL
2020-08-25,78.35737857337155,79.7845857885125,78.2472884005145,79.63433074951172,25150000,GOOGL
2020-08-26,79.65664865706766,81.96209542076527,79.39283024801047,81.53263854980469,52188000,GOOGL
2020-08-27,81.6556259177035,81.72406055952304,80.27702050050969,80.758544921875,31350000,GOOGL
2020-08-28,80.80563405926029,81.39475900573815,80.61421536614671,81.29954528808594,22418000,GOOGL
2020-08-31,81.50485803874443,81.5509780158824,80.60033897276564,80.8086166381836,26422000,GOOGL
2020-09-01,80.93904333000434,82.2809493495807,80.80862102170718,82.07564544677734,22652000,GOOGL
2020-09-02,82.71684835469105,85.59754248382305,82.32905460313435,85.16561126708984,49522000,GOOGL
2020-09-03,84.27944210992702,84.30324743797661,79.72657096789045,80.8076400756836,63726000,GOOGL
2020-09-04,79.79052798096303,81.07937516659749,76.26814209838817,78.41242218017578,55850000,GOOGL
2020-09-08,75.6249526167331,77.13992754362111,75.20343346065242,75.55552673339844,54032000,GOOGL
2020-09-09,76.81016761668064,77.2971401284128,75.63339304854327,76.72735595703125,39242000,GOOGL
2020-09-10,76.87364735396316,78.03801986805702,75.37701423670407,75.67703247070312,33024000,GOOGL
2020-09-11,75.78116136551324,76.3043336256025,74.03905978761586,75.16674041748047,30706000,GOOGL
2020-09-14,75.95471996742477,77.21183159026285,74.63860202176961,74.82307434082031,42660000,GOOGL
2020-09-15,75.7682678763048,76.91379872037813,75.48114361362637,76.12680053710938,23042000,GOOGL
2020-09-16,76.49180158810144,77.08142606699325,74.95995988574093,74.98475646972656,22128000,GOOGL
2020-09-17,73.68152677302831,74.31876192273185,72.523601178489,73.74252319335938,40008000,GOOGL
2020-09-18,73.80500821832771,74.14718140405718,70.99423937213804,71.95975494384766,63056000,GOOGL
2020-09-21,70.99423595541519,71.41277382224862,69.55909872730024,70.92084503173828,56908000,GOOGL
2020-09-22,71.92156489906783,72.59847297958909,70.88909790425686,72.39266967773438,33950000,GOOGL
2020-09-23,72.00934681768462,72.05844057241953,69.55910082477837,69.891845703125,37726000,GOOGL
2020-09-24,69.55909799295081,71.31012111863477,69.53281074002145,70.55982208251953,34552000,GOOGL
2020-09-25,70.66843135233466,71.70436404875389,69.8070508636011,71.36318969726562,30326000,GOOGL
2020-09-28,72.99619210723424,73.04577770670436,71.72123004229934,72.33515167236328,30784000,GOOGL
2020-09-29,72.59549981591418,72.99667929784022,72.10405532889749,72.70013427734375,31816000,GOOGL
2020-09-30,72.44821428907602,73.7008616762661,72.19134227406526,72.67930603027344,40924000,GOOGL
2020-10-01,73.57489608176681,74.14072271292429,73.2347054658879,73.78515625,32884000,GOOGL
2020-10-02,72.38325120895068,73.34530108822473,71.77428589367447,72.18340301513672,31222000,GOOGL
2020-10-05,72.53301318921578,73.62647661219141,72.40606407362094,73.53374481201172,21602000,GOOGL
2020-10-06,73.17024140482556,73.61754082467756,71.6582402752025,71.9562759399414,26096000,GOOGL
2020-10-07,72.3673848593541,72.8464272920144,71.07407320039421,72.35895538330078,36108000,GOOGL
2020-10-08,72.67186671262658,73.79160984769521,72.67186671262658,73.5634994506836,26076000,GOOGL
2020-10-09,74.03112767666134,74.97284538187411,73.74053020813113,74.9034194946289,32966000,GOOGL
2020-10-12,76.26964137107312,78.76997250440193,75.8382019819431,77.58824157714844,55344000,GOOGL
2020-10-13,78.2041397278234,78.60830053326004,77.29267433018113,77.71121215820312,39072000,GOOGL
2020-10-14,78.08464409532286,78.54334687397657,76.66140181663269,77.53121185302734,33174000,GOOGL
2020-10-15,76.59196719094011,77.92594312364784,76.42485320690311,77.13597106933594,31210000,GOOGL
2020-10-16,77.45136526093125,78.23885538819876,77.24457825784714,77.74246215820312,34194000,GOOGL
2020-10-19,78.1505802742587,78.54730285581954,75.52180983862715,75.87042236328125,29734000,GOOGL
2020-10-20,75.53123169395428,78.04693823643615,75.40180065658136,76.91826629638672,41670000,GOOGL
2020-10-21,77.84907582540164,80.09501655041937,77.71468849305327,78.64945983886719,60322000,GOOGL
2020-10-22,78.6003693037984,80.00971867518831,78.22745200812956,79.67449188232422,30512000,GOOGL
2020-10-23,80.09056254283196,81.03624541577501,79.93484422792365,80.9797134399414,30548000,GOOGL
2020-10-26,80.08807542144447,80.81109596389342,77.7464289699495,78.5651626586914,35826000,GOOGL
2020-10-27,78.79526915461666,79.4434081514448,78.20316272181296,79.28868865966797,25902000,GOOGL
2020-10-28,76.86520815058896,77.05364551687353,74.80572991828615,74.9207763671875,45174000,GOOGL
2020-10-29,75.22923522407544,78.78583875857211,75.20592931015136,77.20590209960938,55406000,GOOGL
2020-10-30,82.68858716235039,83.37689856838614,79.42208175772936,80.14311981201172,99878000,GOOGL
2020-11-02,80.51158831349478,82.23236700084948,80.0503960166935,80.5502700805664,44228000,GOOGL
2020-11-03,80.86961702118651,82.27003752125272,79.94475820536469,81.60850524902344,31432000,GOOGL
2020-11-04,84.57994366770366,87.77603157159547,84.4520032958134,86.57694244384766,71342000,GOOGL
2020-11-05,87.79685143429904,88.85659689104831,86.33790903274921,87.4026107788086,39758000,GOOGL
2020-11-06,86.84920287648768,87.70017143027276,86.12220968092075,87.26526641845703,28622000,GOOGL
2020-11-09,89.06289964750782,90.09982356156625,87.15714949334874,87.34906005859375,53440000,GOOGL
2020-11-10,85.77952644234995,87.24788954723216,85.1026184059811,86.17376708984375,43022000,GOOGL
2020-11-11,86.70339318512825,87.42244865386503,86.43858355014122,86.64537811279297,31838000,GOOGL
2020-11-12,86.38602486876236,87.52560837715443,86.18617665930869,86.42668914794922,26474000,GOOGL
2020-11-13,86.68355027660427,88.12810800428652,86.087478961714,87.88660430908203,29744000,GOOGL
2020-11-16,87.48395005570929,88.98157439814365,87.34459885703573,87.97439575195312,25468000,GOOGL
2020-11-17,87.66841834553581,88.12861930166262,87.25335367641775,87.3609619140625,21314000,GOOGL
2020-11-18,87.11201051019275,87.52658328875724,86.21591343184126,86.31856536865234,20108000,GOOGL
2020-11-19,85.95110561494266,87.45170353015472,85.79192171108251,87.20771789550781,20106000,GOOGL
2020-11-20,87.37782025271105,87.69321431232694,86.03888806138033,86.1073226928711,27694000,GOOGL
2020-11-23,86.29775917426349,86.58389223770376,84.80807238631498,85.6699447631836,22530000,GOOGL
2020-11-24,85.66696514111936,87.59998627783115,85.33123893145898,87.4720458984375,27984000,GOOGL
2020-11-25,87.66594925071765,87.79339022162621,86.70141738515697,87.48345184326172,19600000,GOOGL
2020-11-27,87.50376648047946,89.11396262234416,87.50376648047946,88.6185531616211,14790000,GOOGL
2020-11-30,88.05472883709749,88.28730367623308,86.67562420794934,87.00093841552734,32418000,GOOGL
2020-12-01,87.60892319923718,90.33935486908295,87.42890770924123,89.03215789794922,37350000,GOOGL
2020-12-02,89.03214790983743,90.88583053694929,88.52682579597574,90.5005111694336,29424000,GOOGL
2020-12-03,90.28082916707561,91.4357808641382,90.10527814356266,90.34529876708984,24728000,GOOGL
2020-12-04,90.26497019974981,90.72516363204076,89.93618277474572,90.44052124023438,20544000,GOOGL
2020-12-07,90.03336726128934,90.7147397818171,89.41299871935603,90.10676574707031,22288000,GOOGL
2020-12-08,89.68476829721273,90.0542124428041,88.82983471238774,89.82411193847656,19936000,GOOGL
2020-12-09,89.7759858721806,90.66910914150405,87.37780790204378,88.164306640625,31728000,GOOGL
2020-12-10,87.40757214922617,88.02199315546525,85.96598802674157,87.65800476074219,28688000,GOOGL
2020-12-11,87.27863376575453,88.13704035719496,86.91861043056292,88.01256561279297,18628000,GOOGL
2020-12-14,87.81024388487914,88.75641842182344,86.73958703553363,86.89480590820312,33050000,GOOGL
2020-12-15,87.27169452904377,87.47699842212751,86.36965738505812,87.33219909667969,21352000,GOOGL
2020-12-16,87.73041263553134,87.73041263553134,86.7361354479269,87.13929748535156,24676000,GOOGL
2020-12-17,87.4735246334331,87.61138514053775,85.84796015899582,86.31211853027344,34880000,GOOGL
2020-12-18,86.59282122418996,86.70142073048683,85.04709430471526,85.6034927368164,85256000,GOOGL
2020-12-21,84.75599010453729,86.13806852719698,84.00569107154372,86.0170669555664,33974000,GOOGL
2020-12-22,85.75771792450207,85.92037503992229,84.58987222192447,85.30595397949219,20370000,GOOGL
2020-12-23,85.48992918586241,86.49065326644407,85.35454302432285,85.70316314697266,22974000,GOOGL
2020-12-24,85.74134221937419,86.40634763890155,85.51074990274458,85.99723052978516,9312000,GOOGL
2020-12-28,86.5303163813266,88.61756486730043,86.37708759430448,87.97090911865234,27650000,GOOGL
2020-12-29,88.62898889546618,88.69047715763739,87.03615082463631,87.16756439208984,19726000,GOOGL
2020-12-30,87.52659230132683,87.66346156450165,85.69175873529313,86.10087585449219,21026000,GOOGL
2020-12-31,86.1514640567951,87.15467009608656,86.09294200196078,86.91366577148438,21070000,GOOGL
2021-01-04,87.27862093570876,87.40209683726295,84.65728913989399,85.59900665283203,37324000,GOOGL
2021-01-05,85.54745991038807,86.62554760631905,85.14131652388939,86.2893295288086,20360000,GOOGL
2021-01-06,84.31612534175449,86.48371128165162,84.10983019384653,85.43785095214844,46588000,GOOGL
2021-01-07,85.63026481011545,88.16233866820387,85.63026481011545,87.9897689819336,41936000,GOOGL
2021-01-08,88.12960383731487,89.23050541250267,87.3391324437346,89.15463256835938,35484000,GOOGL
2021-01-11,88.1226681566943,88.4876553992653,86.8888697766191,87.09466552734375,34796000,GOOGL
2021-01-12,86.55264274953645,87.67040339276643,85.11552300350571,86.15939331054688,29528000,GOOGL
2021-01-13,85.65803281300867,87.09962451285838,85.65803281300867,86.64636993408203,23432000,GOOGL
2021-01-14,86.72669751036699,87.6530469372006,85.59604301970084,85.83655548095703,29212000,GOOGL
2021-01-15,85.74233848952319,86.6647153768153,84.88393935871447,85.67291259765625,31444000,GOOGL
2021-01-19,86.43561418775866,89.45267807678509,85.93128331929772,88.49211883544922,41660000,GOOGL
2021-01-20,90.56994488790521,94.20738515359416,90.22976177839239,93.23294067382812,64152000,GOOGL
2021-01-21,93.90636166357693,95.81210413081008,93.20019257350067,93.43524932861328,58634000,GOOGL
2021-01-22,93.79776072604933,94.43896084883245,93.05589117003073,93.85231018066406,32744000,GOOGL
2021-01-25,94.8530372036717,95.30331799676104,92.19599688493652,93.9375991821289,50586000,GOOGL
2021-01-26,93.5265024141675,95.00230386878823,93.03754741432294,94.6155014038086,31462000,GOOGL
2021-01-27,92.97703691453077,93.25275793882243,89.12735456548495,90.20147705078125,82512000,GOOGL
2021-01-28,90.79954993985909,93.62568701190574,90.79954993985909,91.90045166015625,55278000,GOOGL
2021-01-29,90.94931198226257,91.61977320852743,89.33962239135802,90.6190414428711,44530000,GOOGL
2021-02-01,91.47347570612914,94.99189672698161,91.47347570612914,93.87760925292969,40252000,GOOGL
2021-02-02,94.87238913054661,96.66953234686342,94.53715474973095,95.16943359375,66332000,GOOGL
2021-02-03,102.43390242776726,104.4675932593003,99.85223504202864,102.10015869140625,97882000,GOOGL
2021-02-04,102.18642035715034,102.61686084448914,100.92087916656516,101.83979034423828,48596000,GOOGL
2021-02-05,102.13385347188657,103.93794279316154,101.65977493755003,103.58535766601562,29866000,GOOGL
2021-02-08,104.13930054000004,104.88315268671433,102.32182512427782,103.37164306640625,28828000,GOOGL
2021-02-09,102.88961562155747,104.06539887651223,102.65158507922345,102.91887664794922,21892000,GOOGL
2021-02-10,103.30320303558659,104.08375438993346,101.77086950936979,103.46883392333984,25102000,GOOGL
2021-02-11,103.6929788445471,103.8417432011322,102.59505097845204,103.5813980102539,20480000,GOOGL
2021-02-12,103.13608390402558,104.1144933325463,102.82861990262512,103.89282989501953,18990000,GOOGL
2021-02-16,103.73016383309847,106.37778331502909,103.73016383309847,104.6698989868164,31004000,GOOGL
2021-02-17,103.84074940988165,105.25208878200296,103.56156275847486,105.06265258789062,20294000,GOOGL
2021-02-18,104.38724907315866,105.2297881295189,103.80852842248879,104.42741394042969,22546000,GOOGL
2021-02-19,104.52559936877174,105.06067434938426,103.31758131898079,103.5843734741211,37938000,GOOGL
2021-02-22,101.83830606942489,103.1638524951323,101.56060251176662,101.87103271484375,29466000,GOOGL
2021-02-23,99.874032566136,102.77555020656679,98.69576750003357,102.16162109375,34658000,GOOGL
2021-02-24,100.66997198801663,103.56008695140686,100.54550478593254,103.33643341064453,22608000,GOOGL
2021-02-25,101.95385140255122,103.29625677290161,99.50211491084727,99.97123718261719,41548000,GOOGL
2021-02-26,100.66548976778884,101.98309847376467,99.23035268675075,100.26678466796875,40042000,GOOGL
2021-03-01,101.5606048992847,102.96053353696968,100.88716997270484,102.63472747802734,26060000,GOOGL
2021-03-02,102.39569597381312,103.87844380430377,101.99055145272833,102.37784576416016,25564000,GOOGL
2021-03-03,101.75648597138567,102.94862875695728,98.88273085300933,99.74610137939453,33892000,GOOGL
2021-03-04,99.91767079492536,102.87919359108754,99.44953981946315,100.86286163330078,49216000,GOOGL
2021-03-05,102.21271269276662,104.44674319929116,100.55788705118852,103.99398803710938,53100000,GOOGL
2021-03-08,103.3488162024733,104.82064494342981,99.43763808766263,99.55219268798828,36868000,GOOGL
2021-03-09,101.64739650665258,102.35008494397798,100.94569176049765,101.1817398071289,33920000,GOOGL
2021-03-10,102.2251105144304,102.2251105144304,100.13885303854282,100.97494506835938,27100000,GOOGL
2021-03-11,102.06740957578127,104.69816257525414,101.97963406928115,104.16606140136719,27702000,GOOGL
2021-03-12,102.96945342859367,103.0289591680474,100.78798240311897,101.65977478027344,33818000,GOOGL
2021-03-15,101.41084443797796,101.90723768058707,100.5583928421277,101.87996673583984,26168000,GOOGL
2021-03-16,102.45271782379997,104.81766986114388,102.12046484256636,103.34038543701172,31900000,GOOGL
2021-03-17,102.57570402029985,104.08968771643904,101.36818547416158,103.257568359375,26382000,GOOGL
2021-03-18,101.56952763068206,102.58960018110442,100.13141662467372,100.23853302001953,31700000,GOOGL
2021-03-19,100.65459585242806,101.0170935919781,99.32557619974676,100.51722717285156,46072000,GOOGL
2021-03-22,100.55044851754279,101.57745981871109,99.87453168948488,100.70219421386719,33536000,GOOGL
2021-03-23,101.16137800409476,102.3594756641079,100.56877991621823,101.22981262207031,28510000,GOOGL
2021-03-24,101.74706227764077,102.53256990725708,100.61839021612809,100.79344940185547,25218000,GOOGL
2021-03-25,100.62085872011362,101.44355733129613,98.98636533405625,100.78996276855469,35616000,GOOGL
2021-03-26,100.75674996559889,101.1336323017579,99.37119832005897,100.40664672851562,27978000,GOOGL
2021-03-29,100.27919338600256,101.6206075032876,99.45053959162658,101.45100402832031,26492000,GOOGL
2021-03-30,101.80757352516589,102.28809910370424,100.97297208689359,101.4847412109375,27312000,GOOGL
2021-03-31,101.87796952761705,103.45791345107975,101.51099982265738,102.2806396484375,42570000,GOOGL
2021-04-01,103.75495299226581,105.91211911698845,103.71428872227146,105.6160659790039,39880000,GOOGL
2021-04-05,106.47746082606572,110.53592048261828,106.38125583923181,110.03852844238281,48510000,GOOGL
2021-04-06,109.63983782527505,110.4868413514052,109.18708259923096,109.5575180053711,35240000,GOOGL
2021-04-07,109.74793996872023,111.30507009532337,109.74793996872023,111.0338134765625,24134000,GOOGL
2021-04-08,112.27206420107896,112.65837480867786,111.23116773698662,111.59912872314453,28664000,GOOGL
2021-04-09,111.3516723945579,112.76647732788905,110.94602092605987,112.60282897949219,26146000,GOOGL
2021-04-12,111.78212470167257,111.91948581429651,110.47790163265579,111.31101989746094,25024000,GOOGL
2021-04-13,111.62689819177633,112.24578362522868,111.23314936962267,111.7974853515625,25682000,GOOGL
2021-04-14,112.44216945631923,112.44216945631923,110.88454751475824,111.17662811279297,21002000,GOOGL
2021-04-15,112.17042307269293,113.85896676847962,111.63583989984983,113.32586669921875,29174000,GOOGL
2021-04-16,113.52373007572085,113.77168077567667,112.61523834787371,113.20188903808594,26282000,GOOGL
2021-04-19,112.57854354901255,114.26014079100582,112.57854354901255,113.54951477050781,30290000,GOOGL
2021-04-20,113.9328401922627,114.00772178331093,111.93089265988128,113.01641845703125,22288000,GOOGL
2021-04-21,112.67126807997798,113.06550874851278,111.32092512104474,112.98368835449219,23204000,GOOGL
2021-04-22,112.837393589657,113.50587220316932,111.09777377545008,111.70277404785156,24146000,GOOGL
2021-04-23,112.4208378072845,114.36080521624167,112.13569603609702,114.05384063720703,29066000,GOOGL
2021-04-26,114.28146082870616,115.27376298428891,113.92441123580916,114.54974365234375,32038000,GOOGL
2021-04-27,114.93159741163268,114.97226168999597,113.37099411833077,113.61002349853516,44386000,GOOGL
2021-04-28,118.6444129864384,120.57247792112227,116.6965153246631,116.9851303100586,81106000,GOOGL
2021-04-29,118.48224361950828,119.22262247919515,117.71954253961522,118.65729522705078,41234000,GOOGL
2021-04-30,117.43043490062821,118.1162643027293,116.36623251844566,116.71038818359375,44856000,GOOGL
2021-05-03,117.2762089404866,118.10138954221922,115.81776586416933,116.19365692138672,28242000,GOOGL
2021-05-04,114.72927091275335,115.29658074496845,111.90908129254251,114.39602661132812,44818000,GOOGL
2021-05-05,115.47709216813345,115.79297809431026,114.46793099267961,114.7897720336914,26636000,GOOGL
2021-05-06,114.371219210084,115.90950775146484,113.71216888819075,115.90950775146484,25190000,GOOGL
2021-05-07,117.22562773950987,117.59060737920674,116.34638956282501,116.63252258300781,28898000,GOOGL
2021-05-10,115.45278230823058,115.59461543086714,113.29065197517465,113.64820098876953,30914000,GOOGL
2021-05-11,111.23416080961009,113.07940650319262,110.78040678264628,112.57259368896484,34186000,GOOGL
2021-05-12,110.3970831268485,111.47765277681279,108.78193027743689,109.11071014404297,46376000,GOOGL
2021-05-13,110.39359185483993,111.05413282086089,109.43154201842614,110.53839874267578,33204000,GOOGL
2021-05-14,112.00131096781348,113.29957888960938,111.577809256897,112.98517608642578,31996000,GOOGL
2021-05-17,112.2507540019044,113.55051270106033,111.85105758223382,113.50786590576172,21598000,GOOGL
2021-05-18,114.17385549892235,114.43817329757108,112.18231233154226,112.19619750976562,22204000,GOOGL
2021-05-19,110.50815409240448,112.81706629241613,110.35988157512777,112.64399719238281,23684000,GOOGL
2021-05-20,113.61101419771367,114.65240260155116,113.24007940429303,114.4019775390625,32352000,GOOGL
2021-05-21,114.92067224724799,114.99407073122583,113.52669126628258,113.7662124633789,40632000,GOOGL
2021-05-24,114.7957246296547,117.30795841330092,114.65042587477578,117.08431243896484,31832000,GOOGL
2021-05-25,117.62780399643341,118.22288412982375,116.78477317689254,117.175048828125,22440000,GOOGL
2021-05-26,117.3560548531477,118.47034990255696,117.35308107918044,118.03990936279297,21572000,GOOGL
2021-05-27,118.47332287279623,118.47332287279623,116.84726630527486,117.16563415527344,35224000,GOOGL
2021-05-28,117.7478111847202,117.82963157956378,116.67815310319966,116.87651062011719,21482000,GOOGL
2021-06-01,117.74880281061728,118.30768309931028,116.74906245910415,118.08303833007812,23354000,GOOGL
2021-06-02,118.47827097273424,118.70093322748687,116.65384943203411,117.5578842163086,21158000,GOOGL
2021-06-03,116.3250685412931,116.88494008609811,115.52121134855334,116.41680908203125,18696000,GOOGL
2021-06-04,117.49242726754059,118.96822874582733,117.15223662042179,118.69746398925781,24458000,GOOGL
2021-06-07,118.49267459500096,119.23999994667244,118.0741366825069,119.13040161132812,24120000,GOOGL
2021-06-08,119.61190790368995,119.98432577535812,118.757466274763,118.93896484375,24240000,GOOGL
2021-06-09,119.58315669372153,119.65505695022746,118.86261049023591,119.41008758544922,17942000,GOOGL
2021-06-10,119.35950068179913,120.80158431684347,119.20378994220064,120.75843811035156,25904000,GOOGL
2021-06-11,120.99992773077977,121.08522130896714,119.95654936765875,120.51394653320312,21958000,GOOGL
2021-06-14,120.61610010936498,121.44227193584572,119.90894733034322,121.44178009033203,22098000,GOOGL
2021-06-15,121.44624948123858,121.76908177598153,120.06367916664863,120.42420196533203,21562000,GOOGL
2021-06-16,120.5754470648677,120.88687610628577,118.49068020896921,119.78250122070312,26472000,GOOGL
2021-06-17,119.70812106140869,121.51815815207105,119.51223788888802,120.74554443359375,25842000,GOOGL
2021-06-18,120.37212004101573,120.60618554839238,119.03120533837755,119.12641906738281,46116000,GOOGL
2021-06-21,119.51273077628596,120.99993548875224,118.91566055698493,120.81397247314453,27414000,GOOGL
2021-06-22,120.75197380857539,121.39664705069829,120.07160015028364,121.32771301269531,22390000,GOOGL
2021-06-23,121.0926742086513,122.08645953120904,120.83580218507122,121.12590026855469,19148000,GOOGL
2021-06-24,121.69419186972272,122.04677701360374,121.29747683144915,121.49583435058594,21362000,GOOGL
2021-06-25,120.99994158468905,121.62775596535607,120.5685097881372,121.5042724609375,34594000,GOOGL
2021-06-28,121.67288132884134,121.77851462630447,120.41032128479314,121.53155517578125,28526000,GOOGL
2021-06-29,121.66493508583213,122.01256393063309,120.69346452054683,121.27019500732422,23108000,GOOGL
2021-06-30,120.99447687115277,121.2548296268427,120.35972373185534,121.08869934082031,24474000,GOOGL
2021-07-01,120.72718855138434,121.58212203987887,120.53527798763021,121.4407958984375,18110000,GOOGL
2021-07-02,122.14050574564968,124.37602688380984,122.0507477211,124.23072814941406,25982000,GOOGL
2021-07-06,124.61853639495152,125.39164954584159,123.56127270190933,125.15560150146484,26404000,GOOGL
2021-07-07,126.11961963968089,126.24061363873932,125.11888803471057,125.437255859375,24060000,GOOGL
2021-07-08,123.00932140551045,124.56595191385976,123.00535637400418,124.01897430419922,23790000,GOOGL
2021-07-09,124.00013909575392,124.70381872081973,123.53051741103474,124.48959350585938,18632000,GOOGL
2021-07-12,125.14369092382793,126.02788545144588,124.581337423186,125.93465423583984,17668000,GOOGL
2021-07-13,125.99713556323269,127.00777981268853,125.63612092477611,126.29765319824219,19240000,GOOGL
2021-07-14,126.90909397847128,128.26638333995623,126.86594777508958,127.18580627441406,23742000,GOOGL
2021-07-15,127.594457019526,127.64503388395744,125.49282334494286,125.96392822265625,24218000,GOOGL
2021-07-16,126.61652699799224,126.76380826577638,125.1194020146952,125.92920684814453,20424000,GOOGL
2021-07-19,125.05591587763702,125.17047048995204,122.49259846899817,123.55680847167969,27968000,GOOGL
2021-07-20,124.49851812065599,126.00159811872851,123.33117189440424,125.17493438720703,26312000,GOOGL
2021-07-21,125.09955486427575,126.55006794062126,124.99045595333612,126.50345611572266,20746000,GOOGL
2021-07-22,126.7960393554764,127.42980128632463,126.45386617760096,127.3687973022461,14302000,GOOGL
2021-07-23,129.36131958948965,132.3054917449223,128.73649417322727,131.9246368408203,41506000,GOOGL
2021-07-26,132.2355886482273,133.13663460885186,131.2169991619108,132.93629455566406,30572000,GOOGL
2021-07-27,133.1500131960715,133.29729444563313,129.0375036233096,130.8187713623047,54710000,GOOGL
2021-07-28,135.19463941441848,137.1633688639406,134.1686191476069,134.97842407226562,95130000,GOOGL
2021-07-29,135.0339491373532,135.54076195696248,134.43193014711593,134.6645050048828,31716000,GOOGL
2021-07-30,133.92810471351868,134.1953963144615,133.15449968254848,133.62213134765625,25576000,GOOGL
2021-08-02,134.0094449818525,134.2271434313734,132.6972916021335,133.7490997314453,21634000,GOOGL
2021-08-03,134.02728151890318,134.61938798044218,132.22667252736548,134.5182342529297,20762000,GOOGL
2021-08-04,134.24000035779645,134.53754419070725,133.38456751331833,134.01783752441406,19676000,GOOGL
2021-08-05,134.56829449236173,135.23231626590845,133.74063191754414,135.13461303710938,17870000,GOOGL
2021-08-06,134.9268333121691,135.35380063089553,134.10165272092112,134.6258087158203,20488000,GOOGL
2021-08-09,134.82816095664558,136.0594850166339,134.23009186471586,135.7906951904297,17760000,GOOGL
2021-08-10,136.21616508986884,136.64314754338798,135.246684585336,135.68556213378906,19414000,GOOGL
2021-08-11,136.05700947405194,136.55389460315365,135.15446522499255,135.1619110107422,15352000,GOOGL
2021-08-12,134.86087941942685,136.17453085667606,134.3153999728154,136.06939697265625,16506000,GOOGL
2021-08-13,136.12491636761754,136.72645098219778,135.90969991008646,136.59849548339844,15948000,GOOGL
2021-08-16,136.39766610111587,137.22830997813796,134.18991525462013,137.1757354736328,22384000,GOOGL
2021-08-17,136.62083810095478,137.13211535901215,134.96651172789996,135.541259765625,21716000,GOOGL
2021-08-18,135.38106359666662,135.98061569212976,134.21222682101478,134.33868408203125,19258000,GOOGL
2021-08-19,133.33350458588953,135.234782779033,133.1495240793781,134.5677947998047,21782000,GOOGL
2021-08-20,134.8851768373789,136.42643919078785,134.1413247592316,136.30296325683594,31194000,GOOGL
2021-08-23,136.83851809316022,139.71970367913292,136.47948600587455,138.89353942871094,28454000,GOOGL
2021-08-24,139.4588501005937,140.91531805934204,139.18809294920172,140.10353088378906,19268000,GOOGL
2021-08-25,140.46404870743459,141.02392020736,140.21709687243575,140.91432189941406,15848000,GOOGL
2021-08-26,140.58803917062994,141.2500632657939,140.198255364594,140.2810821533203,20610000,GOOGL
2021-08-27,140.4913519862621,143.32790879124335,140.33712434011886,142.82357788085938,28780000,GOOGL
2021-08-30,143.21629858007987,144.77393543856923,142.98124183306933,143.40524291992188,24434000,GOOGL
2021-08-31,143.9572070200469,143.98149662462504,143.09830844171228,143.51138305664062,22448000,GOOGL
2021-09-01,143.8113826192152,145.0551009489579,143.69583676431287,144.02511596679688,21936000,GOOGL
2021-09-02,144.02564581736442,144.32665531830855,142.0112884210009,142.11245727539062,32342000,GOOGL
2021-09-03,141.90762370846002,142.97330911300233,141.23319004017313,142.56121826171875,19850000,GOOGL
2021-09-07,142.65545041675884,143.37996157191282,142.44171705325797,143.09779357910156,20124000,GOOGL
2021-09-08,142.9187663228827,143.21629500759505,141.82777736657997,142.5131072998047,18344000,GOOGL
2021-09-09,142.66140907531098,143.12755759724692,142.0038493948319,142.36436462402344,15314000,GOOGL
2021-09-10,143.03035897692502,143.5322230716602,139.5843526495749,139.72122192382812,36840000,GOOGL
2021-09-13,140.7859002496474,141.77820242843924,140.09214075232128,141.165771484375,22094000,GOOGL
2021-09-14,141.8233140691481,142.18780941142742,140.58802520414704,141.37600708007812,19674000,GOOGL
2021-09-15,141.60116132377672,143.2663989340108,140.18883824930154,143.24557495117188,27408000,GOOGL
2021-09-16,142.77050902430236,143.1171466443425,141.23421048693598,142.43280029296875,26190000,GOOGL
2021-09-17,141.8580280226532,142.27408389785296,139.31851630513904,139.64581298828125,53384000,GOOGL
2021-09-20,137.028942390243,137.86056989011584,135.2045285382964,137.58236694335938,46518000,GOOGL
2021-09-21,138.60394429145055,138.86380522550456,137.1445098358899,137.89332580566406,25332000,GOOGL
2021-09-22,138.16208194134197,139.73209820488628,137.41574800022835,139.133544921875,25056000,GOOGL
2021-09-23,139.83179860304818,140.534986416547,139.25060362210317,140.0584259033203,20952000,GOOGL
2021-09-24,139.3864691123975,141.16378703061662,139.0914071880992,141.04922485351562,22984000,GOOGL
2021-09-27,139.65029458618613,140.77500156753678,138.91933644415815,139.9156036376953,21882000,GOOGL
2021-09-28,137.51840770698303,137.95628643744843,134.25041949465725,134.71656799316406,45772000,GOOGL
2021-09-29,135.85714754159193,136.02675103167505,132.76769140885952,133.25218200683594,30848000,GOOGL
2021-09-30,133.16094144275186,134.43143155227392,132.46121921545426,132.58023071289062,37996000,GOOGL
2021-10-01,133.3454089668454,135.78823199119176,132.9739823084811,135.42373657226562,35360000,GOOGL
2021-10-04,134.84600656635544,134.84600656635544,129.9757666568725,132.56387329101562,51202000,GOOGL
2021-10-05,132.94224164734214,136.09964809191845,132.94224164734214,134.90798950195312,32404000,GOOGL
2021-10-06,133.64540530932422,136.62081321973588,133.44704780870487,136.4373321533203,24364000,GOOGL
2021-10-07,137.753492623571,138.8940750879119,137.51447077791175,138.08377075195312,25110000,GOOGL
2021-10-08,138.4328463076523,139.1806633910254,138.07629612988345,138.6396484375,26526000,GOOGL
2021-10-11,138.15020647249565,139.55856466782143,137.72074204736637,137.77529907226562,17954000,GOOGL
2021-10-12,138.33663473843401,138.36342140161824,134.64712752694697,135.3304901123047,36332000,GOOGL
2021-10-13,136.27617541967604,136.86878120226152,135.39991852664056,136.45420837402344,19654000,GOOGL
2021-10-14,138.33070229242213,140.17892171906655,137.68702021920703,139.99395751953125,31894000,GOOGL
2021-10-15,140.45363726334713,140.5562892000621,139.60118579773,140.2091522216797,30274000,GOOGL
2021-10-18,139.92006032333015,141.62546275603327,139.9131139513097,141.60760498046875,20396000,GOOGL
2021-10-19,142.2121299993637,142.48488486692986,141.43109432493534,142.0628662109375,20164000,GOOGL
2021-10-20,142.1630420742844,142.36934482672316,140.2176186204073,140.60690307617188,23288000,GOOGL
2021-10-21,140.6068703781535,140.99070660858933,139.34827557059145,140.72291564941406,26292000,GOOGL
2021-10-22,138.00934325689758,139.4305952313603,134.94071143427604,136.43882751464844,50588000,GOOGL
2021-10-25,136.42246503075222,136.86877322103567,134.31388545894404,136.3203125,34412000,GOOGL
2021-10-26,138.1219203768164,138.9346913152146,137.17078194335667,138.1665496826172,49236000,GOOGL
2021-10-27,138.26226450047915,147.4314763034353,138.26226450047915,145.0189208984375,85782000,GOOGL
2021-10-28,145.92841199689116,145.9517179093353,143.44145926717053,144.6534423828125,36206000,GOOGL
2021-10-29,143.88877021249704,147.026835739547,143.46378537419665,146.8324432373047,43320000,GOOGL
2021-11-01,146.8324309481015,146.8324309481015,142.05143515277334,142.32070922851562,46924000,GOOGL
2021-11-02,143.3943518013393,145.4072108702752,143.15234864828975,144.2403564453125,33482000,GOOGL
2021-11-03,144.70452437779974,145.4667336808486,143.405764521186,145.3963165283203,27494000,GOOGL
2021-11-04,145.918488091667,148.5061103237096,145.10868328164617,147.0521240234375,38412000,GOOGL
2021-11-05,147.9467383281665,149.0952508155655,146.98222150325446,147.63185119628906,38354000,GOOGL
2021-11-08,148.59680852935617,149.38034098974305,147.21373919813286,147.809326171875,23052000,GOOGL
2021-11-09,148.00972059814333,148.60629148213926,146.03800993877508,147.6977996826172,19530000,GOOGL
2021-11-10,146.29092366960225,146.85625857101513,143.35271371379034,144.6975860595703,29970000,GOOGL
2021-11-11,145.2887206931375,146.32615178849034,144.40700036115916,144.57164001464844,16518000,GOOGL
2021-11-12,145.4136656401591,147.62986135268545,144.219040793597,147.45925903320312,22360000,GOOGL
2021-11-15,147.6799325584469,148.32361464376697,146.36529744247616,147.235107421875,23508000,GOOGL
2021-11-16,146.93509022325514,147.5430567260628,146.10494573454355,146.66383361816406,18904000,GOOGL
2021-11-17,146.81407891963306,147.34171568581732,146.0330433290407,146.8334197998047,19594000,GOOGL
2021-11-18,147.0263355590037,149.3461667867612,146.67226728662533,148.61024475097656,35608000,GOOGL
2021-11-19,148.7460854096611,149.72897425737744,147.67841753712597,147.7056884765625,33682000,GOOGL
2021-11-22,148.10836700924503,148.60128697238446,144.94947812815403,145.1027069091797,30594000,GOOGL
2021-11-23,144.95495136652673,145.45779912839131,142.93366287312807,144.5869903564453,27218000,GOOGL
2021-11-24,144.2810105888424,145.0506504792178,143.18953724894834,144.92221069335938,18040000,GOOGL
2021-11-26,143.16523224151518,143.3725186493825,140.67977786294543,141.01748657226562,30470000,GOOGL
2021-11-29,142.81958339759728,145.098250620001,142.71395011842046,144.33753967285156,32596000,GOOGL
2021-11-30,143.81983548713401,144.80320881089577,140.44076564760365,140.73434448242188,42068000,GOOGL
2021-12-01,142.81961122468087,144.75412317905503,139.7569265486594,139.89527893066406,34020000,GOOGL
2021-12-02,140.09213056944827,142.68520065080236,139.06511173639353,141.7940673828125,29194000,GOOGL
2021-12-03,142.50320033510963,143.21630064924545,139.15090244069415,140.83746337890625,41230000,GOOGL
2021-12-06,141.86795825434288,142.67329857712156,139.00114949695094,141.9815216064453,30618000,GOOGL
2021-12-07,144.4030265379746,146.32167843600868,144.03704800153227,146.06231689453125,32240000,GOOGL
2021-12-08,146.38661124962783,147.17659085728474,145.20587927665102,146.97177124023438,24270000,GOOGL
2021-12-09,146.38117245241173,147.8778055616714,145.9090763713213,146.42828369140625,23270000,GOOGL
2021-12-10,147.4810753999608,147.75629704872722,145.5014348041652,146.78829956054688,24458000,GOOGL
2021-12-13,146.5700951293805,146.75705697342113,144.32466128723686,144.63113403320312,27070000,GOOGL
2021-12-14,142.78784526013442,143.29564167577516,140.05740665054037,142.7273406982422,38446000,GOOGL
2021-12-15,142.2334415962049,145.51828889506476,140.51662819810505,145.24058532714844,36370000,GOOGL
2021-12-16,145.96410864255435,146.46645697869997,142.42981251292935,143.26095581054688,33650000,GOOGL
2021-12-17,141.33190408361676,142.65546811563613,140.1417437075494,140.56326293945312,50416000,GOOGL
2021-12-20,138.85237592178575,140.61233535579893,138.17894105107746,140.44619750976562,27192000,GOOGL
2021-12-21,140.88904290220043,142.68966664568237,139.35076199155114,142.29641723632812,28756000,GOOGL
2021-12-22,141.89476456543952,145.2991231367607,141.89476456543952,145.21481323242188,26322000,GOOGL
2021-12-23,145.29908379655018,147.02829142198277,145.25147315443286,145.71217346191406,26384000,GOOGL
2021-12-27,146.04891135250273,147.1279902675561,145.96311835123439,146.69407653808594,15976000,GOOGL
2021-12-28,147.0208564815043,147.08334356217858,144.8572507717245,145.48455810546875,18200000,GOOGL
2021-12-29,145.44243834865856,146.20861273327162,144.45361680844815,145.45285034179688,17788000,GOOGL
2021-12-30,145.49152966687038,146.09256498744182,144.7977701008214,145.0020751953125,15688000,GOOGL
2021-12-31,144.85278953169095,145.49597213944008,143.66461181640625,143.66461181640625,18136000,GOOGL
2022-01-03,143.86594988262885,144.65543012836076,142.53495522830957,143.802978515625,28646000,GOOGL
2022-01-04,144.2041576289817,145.2842353697018,142.53843558316575,143.21583557128906,28400000,GOOGL
2022-01-05,143.23614798069272,143.3149946024937,136.55933735130031,136.64561462402344,54618000,GOOGL
2022-01-06,135.8754939287169,138.7928795446468,135.43909829641714,136.61834716796875,37348000,GOOGL
2022-01-07,137.01307300645394,137.31359818480337,134.65357655381717,135.89382934570312,29760000,GOOGL
2022-01-10,133.97072480010584,137.68155536055949,132.07291243739996,137.53277587890625,44408000,GOOGL
2022-01-11,136.87571483847339,139.06660657340043,135.57199131832226,138.5905303955078,28730000,GOOGL
2022-01-12,139.99296095115926,141.4390172004531,139.54120457664413,140.2711639404297,26108000,GOOGL
2022-01-13,140.37975480829834,141.67902912526233,137.27442366179454,137.4509735107422,31436000,GOOGL
2022-01-14,135.95533915327124,139.5883225969847,135.8755088296192,138.337158203125,29662000,GOOGL
2022-01-18,135.05876027547475,136.00741694604665,134.32830144930435,134.88320922851562,34872000,GOOGL
2022-01-19,135.40437523941512,136.82860852545411,133.90874111772067,134.0089111328125,28648000,GOOGL
2022-01-20,135.1331212999803,136.49784887181025,131.8745463034307,132.21473693847656,29908000,GOOGL
2022-01-21,131.5066158303364,133.7599798995472,129.02016235439484,129.28298950195312,55652000,GOOGL
2022-01-24,124.94533645029941,130.1275124017033,123.47945498392451,129.73178100585938,76622000,GOOGL
2022-01-25,127.68469738972522,128.33829204225916,125.46355309123715,125.89448547363281,46960000,GOOGL
2022-01-26,130.04420204001252,131.90977994463373,126.09979711495389,128.1736602783203,49130000,GOOGL
2022-01-27,130.22769119645346,131.56513295183782,127.8756248860706,127.94754028320312,31950000,GOOGL
2022-01-28,128.59616648080828,132.26336732239355,127.43179389269864,132.25790405273438,34362000,GOOGL
2022-01-31,133.06222894230496,134.3624868099739,131.12573488414426,134.19436645507812,39986000,GOOGL
2022-02-01,136.4665770332093,136.66345141814793,133.26702398613858,136.5156707763672,68644000,GOOGL
2022-02-02,150.01017866907893,150.3042417927189,144.32963459516995,146.7868194580078,123200000,GOOGL
2022-02-03,144.51112229924576,148.4480810526987,141.49603343553346,141.91705322265625,71518000,GOOGL
2022-02-04,142.26865554288074,143.68742564570832,139.36316498296367,142.11839294433594,57998000,GOOGL
2022-02-07,143.06756034988416,143.06756034988416,137.76140907718417,138.05995178222656,54974000,GOOGL
2022-02-08,137.88685780823388,138.85237322389543,135.89085796988192,138.2563018798828,54284000,GOOGL
2022-02-09,139.80800827912688,141.35621719799786,139.03786885201475,140.4313507080078,40144000,GOOGL
2022-02-10,138.55830248421256,140.3246936120616,136.82611353380625,137.48367309570312,39330000,GOOGL
2022-02-11,137.46387619119915,138.01580259283259,132.30648944702975,133.1817626953125,39958000,GOOGL
2022-02-14,132.16417235989616,135.1827270188193,132.16417235989616,134.41506958007812,34302000,GOOGL
2022-02-15,136.4428132990332,136.97641281123626,134.70815708961888,135.48870849609375,26680000,GOOGL
2022-02-16,135.5263729022058,136.95407185843112,133.81798904852437,136.6089324951172,25022000,GOOGL
2022-02-17,135.1261616337196,135.98952448924578,131.39252475863216,131.45252990722656,38950000,GOOGL
2022-02-18,132.37293985364457,132.97100892915242,129.12925617493363,129.3340606689453,45620000,GOOGL
2022-02-22,128.77369451228557,131.09699145275212,127.17242689104972,128.74940490722656,44990000,GOOGL
2022-02-23,130.56935363366216,130.96855064132313,126.48213198505229,126.5421371459961,32786000,GOOGL
2022-02-24,123.92923223959937,131.90977476291786,123.92923223959937,131.60330200195312,54456000,GOOGL
2022-02-25,132.4572527893111,134.16265544616002,130.67150526556998,133.35731506347656,36406000,GOOGL
2022-02-28,131.95935360321266,134.6387009971114,131.5055996259116,133.9499053955078,38864000,GOOGL
2022-03-01,133.77285909543676,135.13857036774974,132.12647806196426,132.96255493164062,26496000,GOOGL
2022-03-02,133.52443917740345,134.15372912259033,131.9806947822643,133.46839904785156,23520000,GOOGL
2022-03-03,134.8950992840664,135.3210829638196,131.93506660358148,132.80191040039062,24604000,GOOGL
2022-03-04,131.83786771432526,132.75428947542676,129.26908704703752,130.82522583007812,30430000,GOOGL
2022-03-07,130.41017325885227,130.65514261832865,125.25973295853518,125.3425521850586,45112000,GOOGL
2022-03-08,125.21510386863837,130.1741178832379,124.64432087127925,126.0625991821289,40428000,GOOGL
2022-03-09,130.1741292671744,132.63925946578047,128.83568872512197,132.3263397216797,37026000,GOOGL
2022-03-10,130.18998790766506,132.17954098140794,129.8393852677274,131.3439483642578,27102000,GOOGL
2022-03-11,132.39426221843516,132.698752456179,128.56888416798853,128.80592346191406,31526000,GOOGL
2022-03-14,129.18231231398767,129.34000556632407,124.2480949884942,124.91854858398438,38812000,GOOGL
2022-03-15,125.93514541675391,128.79005910986243,124.68993626243409,128.13893127441406,30920000,GOOGL
2022-03-16,129.66135482928354,132.240032982956,127.67923236827228,132.18797302246094,35576000,GOOGL
2022-03-17,132.05755123913005,132.98141880336502,131.10144887364655,132.7418975830078,28264000,GOOGL
2022-03-18,132.3307953908697,135.12718720596732,131.17435293501333,135.00965881347656,44566000,GOOGL
2022-03-21,135.04731283585534,135.9265509358955,132.9932904748799,134.98582458496094,26832000,GOOGL
2022-03-22,134.9858312898088,139.89376833061417,134.9858312898088,138.72145080566406,35496000,GOOGL
2022-03-23,137.56551524552734,138.44425402347676,136.70513365586095,137.1420135498047,25154000,GOOGL
2022-03-24,138.05894880404426,140.45812610885343,136.62133716164368,140.41151428222656,26396000,GOOGL
2022-03-25,140.7526772850465,140.87070507937713,138.59203769066454,140.5116729736328,24126000,GOOGL
2022-03-28,139.74551627484473,140.83848798996723,138.66543848117558,140.2959747314453,35050000,GOOGL
2022-03-29,141.47820601311636,142.6148082235357,140.87418935059165,141.3373565673828,34318000,GOOGL
2022-03-30,141.29223395375402,141.55059664678325,140.43928293794912,140.77500915527344,19884000,GOOGL
2022-03-31,140.88853656508715,140.9430935807132,137.88487396414888,137.92752075195312,37524000,GOOGL
2022-04-01,138.356482806623,139.31951637020538,137.17375319145697,139.00164794921875,25942000,GOOGL
2022-04-04,139.20795791982718,142.53396895874045,139.16034726925992,141.79953002929688,25942000,GOOGL
2022-04-05,141.69786404034355,141.81835862566132,139.23175060773136,139.43853759765625,21418000,GOOGL
2022-04-06,137.61261036383607,138.21810996580516,134.40611087205892,135.4286651611328,32468000,GOOGL
2022-04-07,134.89507649085877,136.04012309209003,133.12718701050363,134.7745819091797,26234000,GOOGL
2022-04-08,134.47206944780507,134.55786243440133,131.87553388786895,132.1949005126953,25142000,GOOGL
2022-04-11,130.7429100506066,131.009702203024,127.61377361707454,127.76750183105469,36884000,GOOGL
2022-04-12,130.52125019058332,130.52125019058332,125.7496824779024,126.66759490966797,32710000,GOOGL
2022-04-13,126.9507670450841,129.26563457471275,126.69388743885823,128.82923889160156,27928000,GOOGL
2022-04-14,129.40994617629295,129.40994617629295,125.56322941407538,125.69117736816406,31598000,GOOGL
2022-04-18,125.95895269585907,127.16150750964877,125.14765723721159,126.6299057006836,20808000,GOOGL
2022-04-19,126.64477542409657,129.26461711503015,125.95844660693362,128.9432830810547,26490000,GOOGL
2022-04-20,129.81904388797793,130.3218916355038,126.45485065417712,126.99041748046875,31696000,GOOGL
2022-04-21,128.1905088826277,129.0320490590413,123.50572537982224,123.79136657714844,36446000,GOOGL
2022-04-22,123.97535939346199,124.37406457301527,117.95015995368192,118.65483093261719,56884000,GOOGL
2022-04-25,118.1247001432462,122.26696285548644,117.53954013860086,122.06513214111328,46128000,GOOGL
2022-04-26,121.29202455748772,121.50575793064277,117.53953815889362,117.67739868164062,73054000,GOOGL
2022-04-27,113.53116592670582,116.2809382238553,111.81237758233146,113.35760498046875,91820000,GOOGL
2022-04-28,115.4607114772855,118.66869438389101,113.17956225538599,117.55093383789062,48884000,GOOGL
2022-04-29,115.77759257193108,116.95337579484945,112.88153042406998,113.17411041259766,42676000,GOOGL
2022-05-02,112.47539905815094,115.78851630049633,111.67699747496509,115.62734985351562,35534000,GOOGL
2022-05-03,115.47608756923125,117.47110390717961,115.08333755024837,116.37218475341797,24968000,GOOGL
2022-05-04,116.07216443085974,121.84742986414153,114.1723618582886,121.25879669189453,49916000,GOOGL
2022-05-05,119.21866011890872,120.04681450711568,114.06277194925556,115.55047607421875,45840000,GOOGL
2022-05-06,114.24030932144473,116.60774359414943,113.08089313905965,114.79769897460938,39710000,GOOGL
2022-05-09,112.32165521736495,114.13368219175439,111.08240126088768,111.58871459960938,40802000,GOOGL
2022-05-10,114.56065900721823,115.29707287210782,111.97502692676184,113.457275390625,39900000,GOOGL
2022-05-11,112.30827513659509,115.41063248936665,112.30827513659509,112.67127227783203,37534000,GOOGL
2022-05-12,110.46451302431396,113.35809330514908,108.92424196384515,111.91899108886719,53836000,GOOGL
2022-05-13,113.59415004437889,116.90875792873446,112.67376319786906,115.09921264648438,35038000,GOOGL
2022-05-16,114.0131798264507,115.21772470104247,112.95592377559407,113.50686645507812,25990000,GOOGL
2022-05-17,115.88273735100042,115.94175125327278,113.92839273794735,115.51824951171875,23054000,GOOGL
2022-05-18,114.05731760057398,114.45404021864253,110.64104923458649,110.98223114013672,35126000,GOOGL
2022-05-19,110.5180627695379,112.08362213791699,109.09829397497361,109.4791488647461,34144000,GOOGL
2022-05-20,111.03331404707964,111.26391395378205,104.92926830668526,108.0152587890625,48962000,GOOGL
2022-05-23,108.68918571926903,111.22819834582448,107.84962051186193,110.57410430908203,37184000,GOOGL
2022-05-24,104.90495862013972,105.58583172037198,101.04932107319485,105.10133361816406,76780000,GOOGL
2022-05-25,104.12490462445021,105.62699334651613,103.0051614939558,104.93769073486328,40258000,GOOGL
2022-05-26,104.81073736570944,107.75886699890704,104.36243908840518,106.90889739990234,37948000,GOOGL
2022-05-27,108.58554373009294,111.39730365863458,108.24386241128829,111.39581298828125,37914000,GOOGL
2022-05-31,111.82229671590991,114.78630197702584,111.1597731470303,112.82947540283203,50012000,GOOGL
2022-06-01,113.9135002886975,116.1415831356302,112.32165365581524,112.95838928222656,36606000,GOOGL
2022-06-02,113.06550709942832,116.933039706465,112.0206456249851,116.65830993652344,37992000,GOOGL
2022-06-03,115.11110111753601,115.36798068092384,112.5879563145143,113.6020736694336,26136000,GOOGL
2022-06-06,115.74783813274163,118.3686786203438,115.21177191367441,115.8628921508789,33542000,GOOGL
2022-06-07,114.53387621473067,116.72625878645412,114.10889140185589,116.18919372558594,31590000,GOOGL
2022-06-08,115.80437996795135,117.59855692060148,115.64420478456094,116.23333740234375,26108000,GOOGL
2022-06-09,115.37392377581374,117.32926690453378,113.83514351672737,113.89415740966797,25798000,GOOGL
2022-06-10,111.52325408711977,112.35041717414056,109.46129391687555,110.25027465820312,41452000,GOOGL
2022-06-13,105.91113796225396,107.89969964994525,105.24911389802193,105.52037048339844,47252000,GOOGL
2022-06-14,105.66171211229965,107.03981794977923,104.93273646839161,105.84072875976562,33706000,GOOGL
2022-06-15,107.65523726592659,110.5101436125187,106.7869179368398,108.86474609375,39698000,GOOGL
2022-06-16,106.34208771365974,107.75788407901256,104.27616231851945,105.16432189941406,51684000,GOOGL
2022-06-17,105.16431141911136,107.80845775947009,104.18490323391687,106.26521301269531,51376000,GOOGL
2022-06-21,108.03657603615589,111.56739902352787,107.70977872020165,110.62964630126953,47416000,GOOGL
2022-06-22,109.65024031138255,112.41736323198378,109.47766306713153,110.5736083984375,30774000,GOOGL
2022-06-23,111.31151031036939,111.81832309519362,109.5947045131696,111.3219223022461,28362000,GOOGL
2022-06-24,112.06875352459626,117.1110783002862,112.02659857865726,117.00792694091797,41164000,GOOGL
2022-06-27,117.30348914348141,117.60747238809732,114.23534152789627,114.88398742675781,36420000,GOOGL
2022-06-28,114.85323751449626,116.34788803372125,110.9311551773519,111.08934783935547,35792000,GOOGL
2022-06-29,110.63758563635704,112.23289804690751,109.96365128893204,110.78585815429688,24716000,GOOGL
2022-06-30,109.09830333262894,109.97902466562923,105.87494437052855,108.0698013305664,43170000,GOOGL
2022-07-01,107.0482435979797,108.35444913580423,105.85560141078064,107.84615325927734,35476000,GOOGL
2022-07-05,106.22257357959492,112.4476205204141,104.8647923311928,112.33455657958984,39342000,GOOGL
2022-07-06,112.37324154606672,114.64198891272858,110.5622056578975,113.63282775878906,37432000,GOOGL
2022-07-07,114.13666235926765,118.21247285733529,113.8921848578157,117.8093032836914,40936000,GOOGL
2022-07-08,116.2888797500777,118.70391717679874,115.94323338269083,118.37513732910156,38238000,GOOGL
2022-07-11,117.03074427714583,117.03074427714583,114.38510706026808,114.728271484375,31196000,GOOGL
2022-07-12,115.26235327439865,116.01513422724025,112.75805737728307,113.08584594726562,29960000,GOOGL
2022-07-13,110.78536716192433,113.25991800982311,110.28996514675138,110.44071960449219,43722000,GOOGL
2022-07-14,109.30708070983803,110.18234634307093,107.48464162453597,109.4627914428711,37004000,GOOGL
2022-07-15,111.08240810060202,112.21306263725859,109.99092716981522,110.8612289428711,46770000,GOOGL
2022-07-18,111.71666979612723,112.7481456439362,107.48167505545912,108.13626098632812,43164600,GOOGL
2022-07-19,109.94133979066089,113.08535287704044,108.66191325988503,112.8770751953125,36530900,GOOGL
2022-07-20,112.24231216588865,114.45403556404811,111.55797343357686,112.9663314819336,35600400,GOOGL
2022-07-21,113.34322710024298,113.61101810390477,110.19921392026373,113.4027328491211,32676200,GOOGL
2022-07-22,110.09010519867219,111.41911725096242,105.62699282575305,107.01551818847656,48901200,GOOGL
2022-07-25,107.52133950136387,108.9693706048637,105.4286350985414,106.62871551513672,34690900,GOOGL
2022-07-26,105.72616877091382,106.32124889141323,103.2169090921242,104.15911865234375,47991000,GOOGL
2022-07-27,108.36437093577844,112.97625525163264,107.12461749425067,112.13321685791016,59858500,GOOGL
2022-07-28,111.44888817788124,113.40273342218575,110.54634395877491,113.28372192382812,32816600,GOOGL
2022-07-29,112.15305449933629,115.75329568436271,112.13321420730232,115.36649322509766,37223400,GOOGL
2022-08-01,114.35486029276694,115.76321838407448,113.4027229923445,113.91846466064453,26034300,GOOGL
2022-08-02,113.06549927804707,115.39623393400453,112.78779575367474,114.18623352050781,20236000,GOOGL
2022-08-03,114.76150045832908,117.64765022278551,114.53339005300344,117.11207580566406,28499000,GOOGL
2022-08-04,116.51699706271334,117.80633617133454,115.93182947198484,117.22117614746094,21602900,GOOGL
2022-08-05,115.27723158541431,117.14181794438285,115.0491136341377,116.50706481933594,19159500,GOOGL
2022-08-08,117.41953956981935,119.1651147158916,115.9219151378597,116.3384780883789,19138300,GOOGL
2022-08-09,116.17977937135981,116.35830417801051,114.76150106487229,115.67395782470703,19086500,GOOGL
2022-08-10,117.80633141765588,119.92878873304059,117.43936923676468,118.71878814697266,30930400,GOOGL
2022-08-11,120.28582269588738,120.49410034179289,117.58811831050487,117.8658218383789,24293700,GOOGL
2022-08-12,119.27420563607838,120.68256378173828,118.48076037738996,120.68256378173828,19096300,GOOGL
2022-08-15,120.13707506100795,121.29749013245304,119.62134091458636,121.07929229736328,19494800,GOOGL
2022-08-16,120.52386016096523,121.42640424546009,119.65107651347627,120.70238494873047,19041200,GOOGL
2022-08-17,119.13535751738875,120.2957650012785,118.40141798211481,118.57003021240234,22847000,GOOGL
2022-08-18,118.45100459562921,119.82960983443398,117.74682554009155,119.1849365234375,17987700,GOOGL
2022-08-19,118.08403247971835,118.17329866159419,115.8028907047583,116.24919891357422,21809500,GOOGL
2022-08-22,114.25567281481072,114.68214829640736,112.91674062691341,113.30354309082031,21456600,GOOGL
2022-08-23,112.54977631975122,114.06723327503279,112.50018315686643,112.9266586303711,15870400,GOOGL
2022-08-24,112.5696116974473,113.83911800192885,111.94477869138811,112.758056640625,17734600,GOOGL
2022-08-25,113.30353847884851,115.76321250751124,113.17460685174579,115.69378662109375,16956800,GOOGL
2022-08-26,113.7796015615077,114.17632413607375,109.28673675416756,109.43550109863281,37245700,GOOGL
2022-08-29,109.08837563086466,110.04050530416411,107.90813557656172,108.5230484008789,21191200,GOOGL
2022-08-30,109.26691024996742,109.59420698279374,106.91634250859858,108.0469970703125,27513300,GOOGL
2022-08-31,109.74298212503663,109.94133965972561,107.24363481356808,107.33290100097656,28627000,GOOGL
2022-09-01,107.39240764031874,109.5446179336816,106.47995086620014,108.84043884277344,28360900,GOOGL
2022-09-02,109.68346459238305,109.832236521105,106.38076712239958,106.96592712402344,24160700,GOOGL
2022-09-06,106.42044469733727,107.14445651227068,104.91290018646603,105.93445587158203,25068300,GOOGL
2022-09-07,106.18240264265648,109.07847249571734,106.02371813346193,108.55281066894531,23167000,GOOGL
2022-09-08,107.15437545780347,108.70158540495544,106.28159171756349,107.49158477783203,24238300,GOOGL
2022-09-09,108.17593072235994,110.08019027578453,108.12633755578807,109.74298095703125,23197700,GOOGL
2022-09-12,110.08017979616115,110.70502034132073,109.02887135324441,109.95124816894531,22966800,GOOGL
2022-09-13,106.91635944087133,107.41226090846934,103.23676389246098,103.46488189697266,38172900,GOOGL
2022-09-14,103.7128143662537,104.41699341820953,102.8102777889331,104.13928985595703,26395100,GOOGL
2022-09-15,103.17725113683758,104.40708457431286,101.51102201609302,102.06643676757812,34188300,GOOGL
2022-09-16,101.23331701288926,102.28462561681641,100.11258251185099,101.95733642578125,42797200,GOOGL
2022-09-19,100.91593353936474,102.48298375828159,100.71757600878111,102.22511291503906,23036800,GOOGL
2022-09-20,101.24323304040989,101.5308567644108,99.69601550554796,100.3109359741211,26517100,GOOGL
2022-09-21,100.83659474851395,102.03667529857252,98.45626637613883,98.4661865234375,31487300,GOOGL
2022-09-22,98.00995057481285,100.4101114902342,97.98019770206167,99.31912994384766,34298600,GOOGL
2022-09-23,98.81331458217939,98.84307502364526,96.67102437480322,97.93061065673828,31625400,GOOGL
2022-09-26,97.29584663330873,99.06125428806656,96.99831035340091,97.36527252197266,27072700,GOOGL
2022-09-27,98.61495489564797,99.18028220152245,96.0759420926826,96.70077514648438,30072800,GOOGL
2022-09-28,96.84954541208984,99.8745394269292,96.31397098941996,99.22987365722656,32466300,GOOGL
2022-09-29,97.83142237621783,97.83142237621783,95.17339071110857,96.62142181396484,31047200,GOOGL
2022-09-30,96.25446940903004,98.08930316415186,94.77667771762164,94.8659439086914,32941500,GOOGL
2022-10-03,95.9668344859771,98.47609418773558,95.72879638211501,97.8314208984375,27982000,GOOGL
2022-10-04,99.61667108123069,101.00518888401722,99.5571577705009,100.80683135986328,28850800,GOOGL
2022-10-05,99.0116735801322,101.09445790974014,97.99011792498692,100.59855651855469,22176900,GOOGL
2022-10-06,99.85470635132027,102.08626265455283,99.76544016442644,100.58863830566406,22324000,GOOGL
2022-10-07,99.03150112865876,99.70592728808386,97.49421143647145,97.87109375,27502800,GOOGL
2022-10-10,98.18847005614693,98.28764881556005,96.21478474646479,97.05781555175781,18225100,GOOGL
2022-10-11,96.63133537448569,98.43641594865333,95.52051364928485,96.38338470458984,26507100,GOOGL
2022-10-12,96.50240591070916,97.94051680156004,95.9469912522471,96.76026916503906,21876400,GOOGL
2022-10-13,94.37004071240933,98.96208508756953,93.60634829648116,98.24798583984375,34574500,GOOGL
2022-10-14,99.17034658633813,99.86461299357255,95.58002577343595,95.76846313476562,25410700,GOOGL
2022-10-17,98.04961868688342,100.10265003936581,98.01986581562133,99.15052032470703,28419200,GOOGL
2022-10-18,102.28461724659432,102.62183412414964,99.15052441894925,99.94396209716797,24060700,GOOGL
2022-10-19,99.19020627528849,100.191921717045,98.10913722172899,98.81331634521484,23811100,GOOGL
2022-10-20,99.18027319596912,101.48125523144144,98.57527292412537,99.15052032470703,25323200,GOOGL
2022-10-21,97.04789829825931,100.47953493084219,96.9189666638649,100.30101013183594,32458700,GOOGL
2022-10-24,100.96551960605208,101.90772916035505,99.1604389639881,101.67961120605469,27176400,GOOGL
2022-10-25,102.05650783204726,103.96076735839142,101.87798302852408,103.6235580444336,40611400,GOOGL
2022-10-26,95.6395366616455,97.50412305253043,93.91380204631294,94.1518325805664,88114100,GOOGL
2022-10-27,93.74519988449306,94.64774408921001,91.04750255104241,91.46405792236328,60710900,GOOGL
2022-10-28,91.51363539732378,95.75855747636481,91.37478361921333,95.50068664550781,43697300,GOOGL
2022-10-31,94.63782719623836,95.24282754689693,93.2096362216236,93.73529052734375,31675000,GOOGL
2022-11-01,94.66756687746879,95.2428142728165,89.62921479576478,89.7283935546875,47161400,GOOGL
2022-11-02,90.19453791873643,90.43256844263183,86.16781390238052,86.257080078125,57038300,GOOGL
2022-11-03,85.61241063994241,85.81076815755338,82.6568351996716,82.74610137939453,61288000,GOOGL
2022-11-04,84.69994994578491,85.92978314388307,83.02380100389072,85.87027740478516,51124900,GOOGL
2022-11-07,86.56455262317961,88.17127598440243,86.13807708965564,87.76463317871094,34078900,GOOGL
2022-11-08,88.1712646484375,89.57962271598969,86.87199792022133,88.1712646484375,30429000,GOOGL
2022-11-09,87.72495193475426,88.70684212468586,86.56454451049467,86.60421752929688,31769100,GOOGL
2022-11-10,91.49379583808987,93.61625293565226,90.85904273789478,93.1699447631836,51620100,GOOGL
2022-11-11,93.91380328731896,96.1354392923686,93.15011094483498,95.61970520019531,33090500,GOOGL
2022-11-14,94.31051185350877,95.99658092538591,93.73527205818615,94.91551208496094,30179500,GOOGL
2022-11-15,97.4545394739204,99.31912590340235,95.91724219824151,97.63306427001953,41640800,GOOGL
2022-11-16,97.09747864197374,98.82321309326261,96.83960784038001,98.03968811035156,29105200,GOOGL
2022-11-17,96.17512087878868,98.46618297666177,95.99659606811966,97.55372619628906,26052600,GOOGL
2022-11-18,97.96035978371822,98.08929899123865,95.5800391036644,96.63134765625,28342300,GOOGL
2022-11-21,96.49248658714596,97.59338820085925,94.5783070537111,94.81633758544922,21647400,GOOGL
2022-11-22,95.16348162304233,96.42307549576248,93.27906223791702,96.25447082519531,23438500,GOOGL
2022-11-23,96.29412816473291,97.95044455619234,96.29412816473291,97.65290069580078,18868100,GOOGL
2022-11-25,97.43469959629758,97.83142220785665,96.60158892219253,96.66109466552734,9701400,GOOGL
2022-11-28,96.24453976932135,96.78011416235111,94.82626153412802,95.26265716552734,26237500,GOOGL
2022-11-29,94.94527283562661,95.33207527119987,93.33854978773114,94.40969848632812,20061700,GOOGL
2022-11-30,94.04274131301841,100.21175594756679,93.64601867914251,100.16216278076172,43647500,GOOGL
2022-12-01,100.19191565410281,101.4118364290716,99.42823082654697,100.16216278076172,28687100,GOOGL
2022-12-02,98.23807103454332,99.94396550598155,98.08929910016103,99.6166763305664,21480700,GOOGL
2022-12-05,98.58518949074,100.54895459128153,98.18846689898945,98.66453552246094,24405100,GOOGL
2022-12-06,98.48601782310948,98.9620789139917,95.62962101039767,96.1850357055664,24910700,GOOGL
2022-12-07,95.6197019736811,96.08584288669229,93.94355298868143,94.16175079345703,31045400,GOOGL
2022-12-08,94.59813448405295,94.79649955511114,92.68395505775045,92.94182586669922,32213300,GOOGL
2022-12-09,93.0013431152763,93.48733192437892,91.98970761165849,92.06905364990234,28225400,GOOGL
2022-12-12,91.9500324704772,92.79306329851202,90.85905095379364,92.54511260986328,29420000,GOOGL
2022-12-13,96.95863687909693,98.7141243795283,94.2510121002556,94.8460922241211,40593700,GOOGL
2022-12-14,94.4196191950435,96.07593554575189,92.83273630132557,94.29068756103516,28733600,GOOGL
2022-12-15,92.36660072509676,92.87242231937816,89.27218054091779,90.1152114868164,40107000,GOOGL
2022-12-16,90.01602009048204,90.58134735770545,88.786179227131,89.5201187133789,58011800,GOOGL
2022-12-19,89.5201151224369,89.81765139665094,87.4869165311304,87.71503448486328,29493000,GOOGL
2022-12-20,87.38773902543626,88.44896764240224,86.7232330132954,88.29027557373047,23453800,GOOGL
2022-12-21,88.34979410199328,89.48044867408069,87.59602186498341,88.84569549560547,24745600,GOOGL
2022-12-22,87.43733387958731,87.81421619968995,85.61241288884075,87.04061126708984,27658300,GOOGL
2022-12-23,86.39592615313117,88.8159269482654,86.3562531406212,88.49855041503906,23003000,GOOGL
2022-12-27,88.07209058240402,88.21094236734609,86.29676268423916,86.67364501953125,20097300,GOOGL
2022-12-28,86.26701007977196,87.31831861670652,85.23553426923881,85.31487274169922,19523200,GOOGL
2022-12-29,85.90995189306291,88.12166765847456,85.90003174742517,87.72494506835938,23333500,GOOGL
2022-12-30,86.26700621056507,87.57618553312793,85.86036345245435,87.50675964355469,23986300,GOOGL
2023-01-03,88.85560627643153,90.30364497529531,87.79437761826055,88.38946533203125,28131200,GOOGL
2023-01-04,89.60937532240884,89.90691916874918,86.55462109181812,87.35798645019531,34854800,GOOGL
2023-01-05,86.75297891657829,86.8521576681051,85.195849060361,85.4933853149414,27194400,GOOGL
2023-01-06,86.07855178597063,86.97117567277324,84.16437239360367,86.62403869628906,41381500,GOOGL
2023-01-09,87.6357017109346,89.31185097330206,87.13980027869384,87.2984848022461,29003900,GOOGL
2023-01-10,85.2752044746708,87.94314874861813,85.12643254757823,87.69519805908203,30467800,GOOGL
2023-01-11,88.44896825112974,90.8491290549015,88.28036360214634,90.76978302001953,26862000,GOOGL
2023-01-12,90.73011735676101,91.11691981733598,89.01429529901861,90.38298034667969,30258100,GOOGL
2023-01-13,90.10528201196577,91.43430168612433,89.39118279204233,91.36487579345703,26329200,GOOGL
2023-01-17,91.30536421618127,91.49380917136953,89.31184601733088,90.54167938232422,32602400,GOOGL
2023-01-18,91.38470524390696,92.0392986943226,89.89700111134908,90.3730697631836,29116700,GOOGL
2023-01-19,89.9763445358991,92.84265380940697,89.88707835577257,92.28724670410156,37000400,GOOGL
2023-01-20,94.32044460307483,97.49421809768434,94.24109856316726,97.21650695800781,63191100,GOOGL
2023-01-23,97.14707158711535,99.2199431680557,96.70076339817312,98.97199249267578,40005100,GOOGL
2023-01-24,97.29584675272618,98.79347100071968,96.40322277819845,96.89912414550781,33078500,GOOGL
2023-01-25,94.786582552293,95.37175007274746,92.99142210911067,94.439453125,42330000,GOOGL
2023-01-26,95.70897598453968,96.77020474200492,94.59815405733514,96.72061157226562,30114000,GOOGL
2023-01-27,96.5123165113975,99.49764470130867,96.5123165113975,98.55543518066406,33879800,GOOGL
2023-01-30,96.68092958542469,97.48428734322064,95.60978086379407,96.14535522460938,27226200,GOOGL
2023-01-31,96.07593999568378,98.0694581762873,96.02634682892345,98.02978515625,29870700,GOOGL
2023-02-01,97.90085604626204,100.36053038415385,96.78012157695186,99.60675811767578,35531100,GOOGL
2023-02-02,104.93272708957909,106.96591805351979,104.74428215805406,106.85681915283203,69883800,GOOGL
2023-02-03,102.08625562934304,106.92625024321528,101.73912618609937,103.92108917236328,65309300,GOOGL
2023-02-06,101.56060951901542,103.50454212360086,101.04486781904797,102.05651092529297,31999600,GOOGL
2023-02-07,102.37387842734272,107.29321903254016,102.27469966826962,106.75764465332031,49010200,GOOGL
2023-02-08,101.21346666964877,102.29452796034936,97.23633579827843,98.55543518066406,94743500,GOOGL
2023-02-09,99.18027975409596,99.21003262732542,92.86249320969232,94.23118591308594,119455000,GOOGL
2023-02-10,94.66757593087634,95.95692262073939,93.47741557627583,93.79479217529297,54980700,GOOGL
2023-02-13,93.96339666886732,94.4196250562035,93.07077262109874,93.83446502685547,50076100,GOOGL
2023-02-14,93.65593419962755,94.0724895395363,91.50372404324449,93.90388488769531,54726100,GOOGL
2023-02-15,93.7154340931221,96.32388001154781,93.37822481049062,96.14535522460938,50169000,GOOGL
2023-02-16,94.58823713954602,96.8792992195654,93.96339652364621,94.72708892822266,42462600,GOOGL
2023-02-17,94.07249288547277,94.77667195660865,92.44593691924389,93.57659149169922,34284100,GOOGL
2023-02-21,92.23765518012942,92.33683394114578,90.96814887866952,91.0375747680664,33629300,GOOGL
2023-02-22,90.94831301648848,91.35495579337403,89.86725160509873,90.89872741699219,30884000,GOOGL
2023-02-23,91.1665064831145,91.18634677544837,89.02421648917793,90.14495086669922,41206400,GOOGL
2023-02-24,88.70684756779147,89.1531558147064,87.85389652834307,88.39938354492188,36585100,GOOGL
2023-02-27,89.1333236694336,89.42094740013515,88.6076618097586,89.1333236694336,27502300,GOOGL
2023-02-28,88.59775024323443,90.48217716813194,88.58783009603324,89.32176208496094,30142000,GOOGL
2023-03-01,89.24242610290563,90.28381458248744,88.9349620659149,89.61930847167969,31111200,GOOGL
2023-03-02,88.92503489270483,91.52355315835904,88.85560143860462,91.245849609375,32204400,GOOGL
2023-03-03,91.7219244117424,92.96167788657921,91.69216397218837,92.88233184814453,35160100,GOOGL
2023-03-06,93.24929513438325,95.18331511806566,93.22946240796787,94.3501968383789,32639300,GOOGL
2023-03-07,94.20142077271831,94.88575946844404,92.76330236344629,93.0905990600586,27835500,GOOGL
2023-03-08,93.34848534799025,95.17339892826718,93.22946628398542,93.4774169921875,34103300,GOOGL
2023-03-09,93.27905456209555,94.74691844025844,91.14667706997915,91.563232421875,28813500,GOOGL
2023-03-10,91.41445442058324,92.02937482791765,89.65896694454361,89.88707733154297,35941000,GOOGL
2023-03-13,89.35150848107031,91.81118269560834,88.687002437022,90.36315155029297,37335600,GOOGL
2023-03-14,91.80126150060728,93.58650950422467,91.6822500116025,93.19970703125,36050200,GOOGL
2023-03-15,92.45585699442236,96.13544442535732,91.88060956204423,95.3221664428711,50622100,GOOGL
2023-03-16,95.41142746724535,100.36052894620208,94.71716852573586,99.4976577758789,65492000,GOOGL
2023-03-17,99.43814263216196,101.99698789396676,99.27945056518114,100.78699493408203,61028500,GOOGL
2023-03-20,99.29929255271749,100.91592828670724,99.05134186896636,100.39027404785156,32960400,GOOGL
2023-03-21,100.4200298260466,104.23846895297474,100.39027695383191,104.05994415283203,42110300,GOOGL
2023-03-22,103.41526808239401,105.71625013011207,102.48297865485124,102.52265167236328,43427400,GOOGL
2023-03-23,104.19880057571585,105.42864150563719,103.60372040435178,104.734375,40797800,GOOGL
2023-03-24,104.12936022266562,104.62526155775176,102.98878563859677,104.57567596435547,30393300,GOOGL
2023-03-27,103.76239156451018,103.90124332427052,101.09444012781609,101.6200942993164,31120900,GOOGL
2023-03-28,101.60028121184264,101.61019379170308,98.92240911282488,100.20183563232422,32057900,GOOGL
2023-03-29,101.44159523579167,101.64987292821645,99.82495929924386,100.55889129638672,28779600,GOOGL
2023-03-30,100.0828209446528,100.33077163663715,98.96207897409658,100.06298065185547,33086200,GOOGL
2023-03-31,100.46962623998861,103.03839184898722,100.21175539436457,102.87970733642578,36863400,GOOGL
2023-04-03,101.55068678803492,103.67314414754483,101.0944584138917,103.5045394897461,25035400,GOOGL
2023-04-04,103.47478504857116,104.71453851392779,103.18716133658586,103.86158752441406,24420100,GOOGL
2023-04-05,104.91289907946413,105.2302756731111,102.8102819841236,103.61363983154297,28290500,GOOGL
2023-04-06,104.39716471996435,108.27510972849137,103.47478781441008,107.53125762939453,48711500,GOOGL
2023-04-10,106.10306402969181,106.7080567599706,104.25831026578564,105.56748962402344,27067400,GOOGL
2023-04-11,105.67657981839106,105.85510460555605,103.82190606100231,104.48641204833984,26311800,GOOGL
2023-04-12,105.70633385627954,105.87493849967197,103.48469035438097,103.78223419189453,24370300,GOOGL
2023-04-13,104.9723919871335,106.6088679220058,104.9723919871335,106.54936218261719,24843600,GOOGL
2023-04-14,106.01378928840569,108.04698783654497,105.96419612699583,107.9775619506836,26578000,GOOGL
2023-04-17,103.80207449899135,105.28977855307458,103.66321515910445,105.10133361816406,37571200,GOOGL
2023-04-18,105.61706440974724,105.66665757008278,103.21690375984336,103.64337921142578,26596400,GOOGL
2023-04-19,102.73094668704246,104.11947226702294,102.22512508691518,103.3260269165039,20905700,GOOGL
2023-04-20,103.05823288579296,105.37904781258688,103.01855986565269,104.42691802978516,27820800,GOOGL
2023-04-21,104.60544233096776,105.13109660328743,103.92109597885471,104.54593658447266,25800100,GOOGL
2023-04-24,104.62526499144161,105.75591946719655,103.84173994826861,105.10133361816406,23542800,GOOGL
2023-04-25,104.96249889083178,105.81544995903873,102.98880574375589,102.99872589111328,46664100,GOOGL
2023-04-26,104.05995143064801,105.4782297846258,101.78872203487352,102.85987091064453,53347600,GOOGL
2023-04-27,103.59380098496241,107.48167377000753,102.69126435820809,106.70806121826172,50089200,GOOGL
2023-04-28,106.16257721263207,106.47003367253913,104.22855712885315,106.46011352539062,36139800,GOOGL
2023-05-01,105.96420132305943,107.1047759897289,105.9443685976354,106.32125091552734,26681700,GOOGL
2023-05-02,106.2617379751714,106.32124371426752,102.85985449785488,104.45665740966797,30997200,GOOGL
2023-05-03,104.66494807746287,106.60888065380296,104.09962078519486,104.54593658447266,21795400,GOOGL
2023-05-04,104.62527054996112,104.73436945840507,103.117733691147,103.83183288574219,23419500,GOOGL
2023-05-05,103.96076069275621,105.01206915340022,103.25658167035746,104.7046127319336,26639300,GOOGL
2023-05-08,104.31782331926341,107.07503401183828,104.29799059182162,106.88658905029297,26511400,GOOGL
2023-05-09,107.50149988087897,109.2470748463162,106.31133960304034,106.47002410888672,36360100,GOOGL
2023-05-10,107.08494078998831,112.01420151452291,107.04526777320253,110.83395385742188,63153400,GOOGL
2023-05-11,114.4540486758181,116.95338849067711,113.47216598785796,115.61445617675781,78900000,GOOGL
2023-05-12,115.72354718741605,117.06247940985591,115.15821991274791,116.54674530029297,41102300,GOOGL
2023-05-15,115.15821666094425,117.50879187706043,115.05903790038903,115.55493927001953,36266800,GOOGL
2023-05-16,115.5350937281414,119.76017532413435,115.47558798788296,118.53034210205078,45035600,GOOGL
2023-05-17,118.62953592633984,120.67264731450432,117.91543668511788,119.84944915771484,33323600,GOOGL
2023-05-18,119.95854884860573,122.29920412469264,119.83953735220288,121.8231430053711,35234200,GOOGL
2023-05-19,122.5372406458961,124.93740163874087,121.14871519349788,121.75371551513672,41353400,GOOGL
2023-05-22,121.93223602252743,125.39362560112353,121.73387092669454,124.02494049072266,35253000,GOOGL
2023-05-23,123.14224182358522,123.60838279305526,121.20822178352526,121.55535125732422,34046300,GOOGL
2023-05-24,120.12715625884692,120.9106813684256,118.87748262878495,119.9089584350586,34182600,GOOGL
2023-05-25,123.49927213144791,124.2927173391139,120.96025957388359,122.46780395507812,42317000,GOOGL
2023-05-26,122.16034076709491,124.23321241314245,121.44624158887478,123.58853912353516,35635900,GOOGL
2023-05-30,124.610087217516,124.62992750841212,120.99992609351675,122.65623474121094,35076700,GOOGL
2023-05-31,121.7437815499549,123.04304066689512,121.49583087470042,121.86280059814453,37325800,GOOGL
2023-06-01,121.81320947582672,123.40009231065325,121.61485195904373,122.7058334350586,30772700,GOOGL
2023-06-02,122.97362222070807,125.11591981661117,122.74551182311099,123.6480484008789,26980100,GOOGL
2023-06-05,122.99346054966021,126.38542412216299,122.82484833216863,124.97706604003906,32305500,GOOGL
2023-06-06,124.97707929168565,127.23838101293813,124.33240592558523,126.26641845703125,26638300,GOOGL
2023-06-07,125.92919376166726,127.98221754198133,121.11895203748432,121.49583435058594,52539000,GOOGL
2023-06-08,121.22805249747213,122.21985523958173,120.24616233464845,121.13878631591797,29389200,GOOGL
2023-06-09,121.2478905876319,122.74551491320051,120.9106812724846,121.22805786132812,23778300,GOOGL
2023-06-12,121.7834720869418,123.03314578873348,120.66273759761951,122.62650299072266,28306400,GOOGL
2023-06-13,123.95550842884325,124.1340332227792,122.17026048948374,122.81493377685547,22278300,GOOGL
2023-06-14,122.09090752033342,123.03312459969855,120.45443159668147,122.65623474121094,30592300,GOOGL
2023-06-15,122.13058581448757,124.43156781239826,121.39665392353744,124.0645980834961,35246300,GOOGL
2023-06-16,124.89771540429278,125.07624019452584,122.26943671297158,122.51738739013672,45535600,GOOGL
2023-06-20,121.92231483974503,123.54887077747642,121.1387897432877,122.0909194946289,26097500,GOOGL
2023-06-21,121.39666224993185,121.65453309243799,119.11551282046045,119.56182861328125,30306300,GOOGL
2023-06-22,119.01633037340913,122.22976917477193,117.85592296831348,122.14051055908203,26952200,GOOGL
2023-06-23,120.3850207964695,121.78346637257002,120.06764420404919,121.33715057373047,34913600,GOOGL
2023-06-26,119.77009470813596,120.9999279223986,117.30050056715868,117.36992645263672,33969900,GOOGL
2023-06-27,116.12027758580295,118.10388325320572,115.14830747935935,117.36003112792969,39535900,GOOGL
2023-06-28,116.1301803056411,119.4031324056984,115.89214976448287,119.19485473632812,27091400,GOOGL
2023-06-29,118.26254714068196,119.07582501976484,117.33025778510398,118.12369537353516,24090900,GOOGL
2023-06-30,119.1849366580173,120.08748080780242,118.708875567441,118.71878814697266,29532200,GOOGL
2023-07-03,118.26255895127434,119.2047761131289,117.84600360823359,118.91715240478516,14467900,GOOGL
2023-07-05,118.26256411758469,121.60494228794853,118.25265153768966,120.75199127197266,27584800,GOOGL
2023-07-06,118.81797842897954,119.31387982882194,117.42945299604987,119.12543487548828,24745200,GOOGL
2023-07-07,119.11551561978513,120.0577328266466,118.4212566815545,118.50060272216797,21709500,GOOGL
2023-07-10,117.33027892845527,117.34019150871362,115.18798116324814,115.49543762207031,35315200,GOOGL
2023-07-11,115.33674061449469,116.74509867791642,114.40444362500358,116.17977142333984,23078800,GOOGL
2023-07-12,117.82617700118566,119.34363409167489,117.4393745101533,117.95510864257812,30404400,GOOGL
2023-07-13,119.93869580119052,123.80672768290836,119.46262719567059,123.51910400390625,44297900,GOOGL
2023-07-14,123.77698624657505,125.74075145445121,122.47771949840582,124.39189910888672,33283100,GOOGL
2023-07-17,124.9076384065508,126.05812564014278,123.18189620588134,123.62821197509766,25716200,GOOGL
2023-07-18,123.57862461739118,123.65797065567115,121.95206866692536,122.74551391601562,26193600,GOOGL
2023-07-19,123.57861089837822,124.15385826176514,120.80156796856357,121.02967834472656,37224000,GOOGL
2023-07-20,120.42469622569655,123.07280793107658,117.25093023799634,118.22289276123047,37906800,GOOGL
2023-07-21,119.6312510365837,119.99821321316037,117.75674443491287,119.03616333007812,72937900,GOOGL
2023-07-24,120.66272215495184,121.99173416334048,119.98829600487059,120.53378295898438,29686100,GOOGL
2023-07-25,120.36518297759501,122.14051081744289,120.02796610605938,121.20821380615234,52509600,GOOGL
2023-07-26,129.00380296662527,129.90633205152977,127.26814799253995,128.21035766601562,61682100,GOOGL
2023-07-27,130.5906913457291,132.14782922633054,127.73429403460449,128.33929443359375,44952100,GOOGL
2023-07-28,129.7079618698937,132.64370465595107,129.49969176817697,131.4932098388672,36591200,GOOGL
2023-07-31,131.64199265883678,132.43543799339955,130.6997829450421,131.632080078125,28055500,GOOGL
2023-08-01,129.70798718682403,131.5428286779553,129.60880083941242,130.4716796875,23166800,GOOGL
2023-08-02,128.3888808275864,129.02363407057146,126.51437397457501,127.3276596069336,26273300,GOOGL
2023-08-03,126.92099551059741,128.32935355941024,126.37550098690372,127.39705657958984,20089500,GOOGL
2023-08-04,128.2202600170075,130.43197594152576,126.86149507419762,127.05985260009766,26147200,GOOGL
2023-08-07,128.10124510100812,130.53115877911966,127.962393323222,130.45181274414062,22746300,GOOGL
2023-08-08,129.54928620643435,130.431990156543,128.4781372893849,130.32289123535156,23535200,GOOGL
2023-08-09,130.58075827957177,130.9576330468754,127.94255923989908,128.59715270996094,24912900,GOOGL
2023-08-10,130.2435353022777,130.96754702179814,128.38885399832523,128.62689208984375,20857800,GOOGL
2023-08-11,127.60535409901688,128.86493278064867,127.11936527043054,128.4979705810547,19591100,GOOGL
2023-08-14,128.3293638886943,130.29312919834737,127.90289594820355,130.2534637451172,24695600,GOOGL
2023-08-15,130.02535827661376,130.34272731563817,128.22026984503316,128.71617126464844,19770700,GOOGL
2023-08-16,127.64502716064453,129.21207752133685,126.8218365240768,127.64502716064453,25216100,GOOGL
2023-08-17,128.736029988948,130.90808093921126,128.2302007829504,128.85504150390625,33446300,GOOGL
2023-08-18,127.45657242122108,128.19051194159474,125.34403518060337,126.4151840209961,30504800,GOOGL
2023-08-21,126.13746322133102,127.6747528117732,125.52254284504185,127.31770324707031,25248700,GOOGL
2023-08-22,127.45654635875187,129.21204119379448,127.26811657753724,128.02188110351562,22054900,GOOGL
2023-08-23,129.11287688798097,132.31641072027463,128.80542045173755,131.28492736816406,27819700,GOOGL
2023-08-24,132.85198728819475,133.14953116670597,128.5079011432878,128.71617126464844,28500700,GOOGL
2023-08-25,128.47812893761383,129.6881295726403,126.20690716881097,128.8153533935547,26762900,GOOGL
2023-08-28,130.23360950918428,131.45352258706555,129.0732021716326,129.93606567382812,20543300,GOOGL
2023-08-29,131.15600145683445,135.45050919179718,131.15600145683445,133.46690368652344,43075600,GOOGL
2023-08-30,133.67518514236738,135.16288939766932,132.97101360306888,134.76617431640625,28315800,GOOGL
2023-08-31,134.89509514927343,136.8687881952977,134.67689731971456,135.0537872314453,30053800,GOOGL
2023-09-01,136.3332062668677,136.3332062668677,133.74460060567057,134.54795837402344,21543700,GOOGL
2023-09-05,134.32979244756098,135.30175509011016,133.47684131487563,134.65708923339844,19403100,GOOGL
2023-09-06,134.9050286366341,135.41084264478113,132.57428587282706,133.35781860351562,18684500,GOOGL
2023-09-07,132.49493620985484,134.46862928644677,131.86018300504648,134.1512451171875,18844300,GOOGL
2023-09-08,133.80411838628038,135.53977327338907,133.7446126401159,135.26206970214844,23558300,GOOGL
2023-09-11,135.4207632480529,136.35306040880863,134.6769110623918,135.7976531982422,20763400,GOOGL
2023-09-12,135.14303224154853,135.74803250189984,134.08181120803886,134.23057556152344,18405500,GOOGL
2023-09-13,133.98263986174015,135.77780055178212,133.05034278578884,135.58937072753906,20749500,GOOGL
2023-09-14,136.47205520158755,137.5630290724014,135.1232029476824,136.96795654296875,24751000,GOOGL
2023-09-15,136.84895965520028,137.38454169510266,135.3612553079111,136.27371215820312,38919600,GOOGL
2023-09-18,135.49018160432044,138.019281780227,135.49018160432044,137.0770721435547,21861300,GOOGL
2023-09-19,136.29353439301667,137.2754245802509,135.5000891528616,136.908447265625,20353700,GOOGL
2023-09-20,136.9481276445737,136.9481276445737,132.52468065263594,132.64370727539062,29927500,GOOGL
2023-09-21,130.36256084439935,131.14607838789655,129.00379586795694,129.37075805664062,31503900,GOOGL
2023-09-22,129.68812598105728,130.94771974828387,128.5376462586181,129.18231201171875,26397300,GOOGL
2023-09-25,128.76577182393018,130.09478407268804,127.90290814706238,130.0352783203125,20094600,GOOGL
2023-09-26,128.70625840016731,129.29141844193066,126.17715813897233,127.51609802246094,25718700,GOOGL
2023-09-27,127.51605736617078,129.82694392202356,127.51605736617078,129.4698944091797,22746500,GOOGL
2023-09-28,128.77567908657804,132.20732362438937,128.7260859170761,131.22543334960938,22513100,GOOGL
2023-09-29,132.18746856469267,132.9511609153293,129.29140636705122,129.7873077392578,30859800,GOOGL
2023-10-02,130.1344623833808,133.31814114938217,130.09478179335153,133.0701904296875,22288000,GOOGL
2023-10-03,132.84205311611007,133.1594221035501,130.75926143877368,131.34442138671875,22989400,GOOGL
2023-10-04,131.70147985901755,134.45870541332442,131.44361659343454,134.13140869140625,26752300,GOOGL
2023-10-05,133.96279907226562,134.37935439370042,132.3560683939219,133.96279907226562,19832600,GOOGL
2023-10-06,132.91148163496393,137.02747214489506,132.91148163496393,136.4522247314453,27597600,GOOGL
2023-10-09,135.8174754746164,137.8010810398745,134.49837595767463,137.28533935546875,19278100,GOOGL
2023-10-10,137.36466401043336,138.5746644275756,136.20425675144423,136.9282684326172,27786600,GOOGL
2023-10-11,137.44402038931838,139.95328001705715,137.44402038931838,139.3978729248047,25884300,GOOGL
2023-10-12,139.89379277540957,140.06239744116,137.12665439341535,137.83084106445312,24765500,GOOGL
2023-10-13,138.23746980650327,138.8523826583463,135.50008457709373,136.23402404785156,23420500,GOOGL
2023-10-16,137.03739334313434,138.4854321140924,136.85887610034075,137.95977783203125,28501900,GOOGL
2023-10-17,137.49361518669917,138.75319373814438,136.0554891433646,138.57467651367188,23515800,GOOGL
2023-10-18,138.30689326315832,139.56648701861894,136.25386939858822,136.82911682128906,23375000,GOOGL
2023-10-19,137.3646557595033,138.51515037123917,136.25384172538935,136.6208038330078,26066000,GOOGL
2023-10-20,136.2042789444492,136.73984579212933,133.97272266731449,134.48846435546875,26335700,GOOGL
2023-10-23,133.93301925405814,136.53155241147599,132.85195802947536,135.3810577392578,26317900,GOOGL
2023-10-24,136.70018711343607,138.2176442463873,136.2935443173615,137.67214965820312,44814300,GOOGL
2023-10-25,127.10944521580694,127.25820957616193,124.04477075596701,124.5803451538086,84366200,GOOGL
2023-10-26,122.25952391827924,123.31083999813282,120.27591838168972,121.27764129638672,57061100,GOOGL
2023-10-27,121.87272000373477,122.29919549173574,119.22460845972752,121.16854095458984,44566500,GOOGL
2023-10-30,122.20002007986204,124.37207059770444,121.74379170735196,123.43977355957031,28940100,GOOGL
2023-10-31,124.03485157297696,124.34231557609246,121.68428385885795,123.0628890991211,26292300,GOOGL
2023-11-01,123.05297934732572,125.45314042926547,122.70584986305431,125.41346740722656,30082400,GOOGL
2023-11-02,127.3673155795192,127.92272273406017,125.889531505127,126.44493865966797,27124600,GOOGL
2023-11-03,126.970599202535,128.4682159884043,126.81190712180837,128.041748046875,26393100,GOOGL
2023-11-06,127.9921517032279,129.27157062977093,127.61526180428386,129.18231201171875,19052700,GOOGL
2023-11-07,129.6385295842965,130.82868972418774,128.81533157799734,129.89639282226562,29757300,GOOGL
2023-11-08,129.89641375169958,131.1262546701782,129.70796879855988,130.75927734375,26425800,GOOGL
2023-11-09,130.8783111759331,131.46347122727005,129.00380438860708,129.1724090576172,23747800,GOOGL
2023-11-10,129.03354879478132,131.71141329610631,128.34920244954847,131.5031280517578,26913300,GOOGL
2023-11-13,130.69976098599605,131.50311876629735,130.1741067560777,131.00721740722656,18324800,GOOGL
2023-11-14,133.09002359550504,134.58764041410248,132.2271599799759,132.52468872070312,32395200,GOOGL
2023-11-15,133.76443017621472,133.92312224608222,132.4750987262402,133.5164794921875,23861500,GOOGL
2023-11-16,134.0818138246226,136.09517216084916,133.21895029015656,135.8075408935547,28013200,GOOGL
2023-11-17,134.88516720728182,134.94467294789172,132.5544248086727,134.20082092285156,37240600,GOOGL
2023-11-20,132.5941051889177,135.53976041427174,132.52467173584012,135.13311767578125,27815500,GOOGL
2023-11-21,135.17279523893023,136.05549911438757,134.84551363674532,135.84722900390625,22635300,GOOGL
2023-11-22,136.3431389603489,138.27715149054157,136.3431389603489,137.3547821044922,17813900,GOOGL
2023-11-24,136.89851567499682,136.99770199138314,134.87524497059664,135.5695037841797,12514300,GOOGL
2023-11-27,134.91490399935037,137.28531156464103,134.88515113259118,135.2917938232422,23436500,GOOGL
2023-11-28,134.96453355193609,136.1249410695989,134.30994003929231,136.07534790039062,18730000,GOOGL
2023-11-29,136.44230617886066,137.15639020757226,133.7346738823066,133.88345336914062,23967200,GOOGL
2023-11-30,133.94298151982824,134.43888295815879,130.2038804373767,131.44363403320312,38988300,GOOGL
2023-12-01,130.7790985107422,131.02704917414542,129.59885093154966,130.7790985107422,31442300,GOOGL
2023-12-04,128.81535800518807,128.9641223780541,126.85158504794954,128.21035766601562,36669900,GOOGL
2023-12-05,127.89297349238338,131.05682698082634,127.1987145294908,129.916259765625,27384800,GOOGL
2023-12-06,130.36255115310777,130.75926618523522,128.81534134061891,128.95419311523438,23576200,GOOGL
2023-12-07,133.9330343345262,137.42418419027493,133.59582503757497,135.8075408935547,56767100,GOOGL
2023-12-08,133.09992075278979,135.281883689647,132.93131610801126,133.88345336914062,32260100,GOOGL
2023-12-11,131.29485865478858,132.24698086173262,130.28321556791462,132.1973876953125,31138000,GOOGL
2023-12-12,130.72952914922644,131.9097769432704,130.18403456369643,131.4337158203125,29032800,GOOGL
2023-12-13,132.28664939416652,132.4056608757626,130.49148892278734,131.48329162597656,30104800,GOOGL
2023-12-14,132.28665787823815,132.6238671868591,128.62690324736187,130.85845947265625,38722400,GOOGL
2023-12-15,130.54108385219968,132.41559059857232,130.10468818490273,131.5130615234375,50847100,GOOGL
2023-12-18,131.54280052592037,136.02573795572846,131.34442787355178,134.6868133544922,32258000,GOOGL
2023-12-19,135.7182605842675,136.34310104862837,134.96449607621622,135.52981567382812,25476800,GOOGL
2023-12-20,137.83080359315892,140.53842035668632,136.93818733863088,137.20596313476562,49107200,GOOGL
2023-12-21,138.34659720706435,139.53675770538266,138.03912558410573,139.2689666748047,27488300,GOOGL
2023-12-22,139.61607052198642,140.82607102846447,139.5565647812921,140.33016967773438,26532200,GOOGL
2023-12-26,140.42934263685476,141.5104039629761,140.03262760475596,140.35992431640625,16780300,GOOGL
2023-12-27,140.42937642319166,140.91536531809038,138.74331443055428,139.21937561035156,19628600,GOOGL
2023-12-28,139.62599994946305,139.98304957042203,138.60444425438513,139.08050537109375,16045700,GOOGL
2023-12-29,138.48543138650385,139.20944320132398,137.64239294340334,138.54493713378906,18733000,GOOGL
2024-01-02,137.41427392066478,138.30689034141093,135.36123496575607,137.03738403320312,23711200,GOOGL
2024-01-03,136.12491090710162,138.48540600824057,135.9563062761213,137.78121948242188,24212100,GOOGL
2024-01-04,137.2853464572302,138.01928600247774,135.23232246051418,135.27198791503906,27137700,GOOGL
2024-01-05,135.62901355461221,136.03565627670122,134.04212324747374,134.61737060546875,22513900,GOOGL
2024-01-08,135.17277404124002,137.87047841067306,135.14302117297993,137.70187377929688,21404000,GOOGL
2024-01-09,137.3646876105234,140.33018342656837,137.01755057751834,139.7946014404297,24759600,GOOGL
2024-01-10,139.84417181388054,141.82777708783627,139.75491320864225,141.11367797851562,21320200,GOOGL
2024-01-11,142.31377441409103,144.02958884214235,139.48713067468557,140.9153289794922,24008700,GOOGL
2024-01-12,141.50049214729324,142.02614637782855,140.6574689161085,141.48065185546875,18785500,GOOGL
2024-01-16,140.83597171839403,143.16671392355445,140.2904772518983,141.32196044921875,22670500,GOOGL
2024-01-17,140.19132176728564,140.67729541881693,137.76139297479475,140.31033325195312,20968600,GOOGL
2024-01-18,140.88559276545064,143.02789047593322,140.826087018,142.30386352539062,25746400,GOOGL
2024-01-19,143.55354349190839,145.24951781414885,143.19649387664043,145.1800994873047,34271900,GOOGL
2024-01-22,145.89417546961977,147.17359422579068,144.64449444846355,144.79327392578125,32200400,GOOGL
2024-01-23,144.69411904062358,145.97353807473283,144.30731652950118,145.83468627929688,21636100,GOOGL
2024-01-24,147.32237177289502,148.6216460696022,146.88599128129252,147.48106384277344,25233500,GOOGL
2024-01-25,148.83985855855067,151.79542676635216,148.3141891335314,150.62509155273438,29149100,GOOGL
2024-01-26,149.861412918024,151.2895962737746,149.77213916215013,150.94247436523438,26115500,GOOGL
2024-01-29,150.81352174869434,152.51942366682596,150.18868118167268,152.2516326904297,27784300,GOOGL
2024-01-30,151.5474722147389,152.3607426484438,149.95066908718712,150.2184600830078,36331800,GOOGL
2024-01-31,142.44270331878081,142.81959319917652,138.72344307921892,138.95156860351562,71910000,GOOGL
2024-02-01,140.95499074150428,141.88728767351694,139.63589137319994,140.00286865234375,40466500,GOOGL
2024-02-02,138.11844060532798,141.45089833217304,135.38107056080497,141.21287536621094,62499600,GOOGL
2024-02-05,141.64929185123162,144.27756337900828,141.60961126191953,142.50222778320312,38505400,GOOGL
2024-02-06,143.46425685279377,144.1684434401665,142.01623336193828,142.9187774658203,29128200,GOOGL
2024-02-07,143.5733798256117,144.42633090992825,142.7501816170739,144.34698486328125,25208900,GOOGL
2024-02-08,144.63459744507298,145.13049882211826,143.91058567202538,144.7139434814453,22563800,GOOGL
2024-02-09,145.47763559904774,148.2150211661504,144.9817341712347,147.77862548828125,26829500,GOOGL
2024-02-12,147.20335197335376,148.11580862305635,146.16195613244383,146.32064819335938,21564100,GOOGL
2024-02-13,143.7320585231407,145.46771340579025,142.51214532877424,143.95025634765625,27837700,GOOGL
2024-02-14,144.88254990203635,145.31894554055629,142.90885694916992,144.7436981201172,22704200,GOOGL
2024-02-15,141.96666314928402,142.34355308517448,139.30863870421265,141.59970092773438,37590700,GOOGL
2024-02-16,141.8178876690081,142.01624520205476,138.9912436385364,139.36813354492188,31468900,GOOGL
2024-02-20,138.51518739713623,140.915348438827,138.34658273143967,139.9632110595703,25144700,GOOGL
2024-02-21,140.2905110483264,141.52035203872512,139.52681861125646,141.38150024414062,23223300,GOOGL
2024-02-22,143.74196995787472,143.8114034168082,141.62944032274333,142.9088592529297,27191900,GOOGL
2024-02-23,142.4923064572686,143.49402183711422,142.2542683371376,142.77993774414062,19493800,GOOGL
2024-02-26,140.97486857968562,141.2724124869367,136.26380463829744,136.4423370361328,53641800,GOOGL
2024-02-27,136.88859580994557,138.10850874128178,135.96621154451603,137.74154663085938,33099200,GOOGL
2024-02-28,136.76959905068048,136.87869796321857,134.30001978259713,135.26206970214844,37328600,GOOGL
2024-02-29,136.15467711991738,137.72172724425474,135.2818858775754,137.32501220703125,42133000,GOOGL
2024-03-01,137.29525760665743,137.7316532704347,135.79764079115824,136.01583862304688,31151100,GOOGL
2024-03-04,134.54798984963458,134.54798984963458,130.82872884185196,132.25692749023438,55999400,GOOGL
2024-03-05,130.79895621305897,132.14780860687847,129.59886818360178,131.5824737548828,40194800,GOOGL
2024-03-06,132.02879338468463,132.48502936431544,129.77741176310514,130.32289123535156,35318600,GOOGL
2024-03-07,131.70149485455573,133.8338800794751,130.53117474630065,133.27847290039062,37738200,GOOGL
2024-03-08,133.10985799917378,136.95804250148979,132.90157275617153,134.30001831054688,39370400,GOOGL
2024-03-11,135.01410391751668,137.9597590931876,135.01410391751668,136.54147338867188,32437800,GOOGL
2024-03-12,135.90671866415707,138.23746099222168,135.90671866415707,137.3646697998047,27563400,GOOGL
2024-03-13,137.86058646627538,139.9334506450809,137.85067388660744,138.64410400390625,23347200,GOOGL
2024-03-14,140.03263971476812,142.41296038062768,139.30862790840655,141.92698669433594,42753400,GOOGL
2024-03-15,141.33190737467106,142.0063260544533,138.88215310281325,140.02272033691406,49475400,GOOGL
2024-03-18,147.39180580449582,150.9027808454485,145.96360743742733,146.46942138671875,69273700,GOOGL
2024-03-19,146.9455254768694,147.57035103072278,144.88257357013055,145.8247833251953,24070400,GOOGL
2024-03-20,146.78679725990156,147.639748173652,145.53713132595888,147.52073669433594,21311500,GOOGL
2024-03-21,148.24475722928597,149.13737364463717,145.6958169152109,146.3900909423828,24755600,GOOGL
2024-03-22,147.8976348836212,150.33747653257558,147.7587830911578,149.53411865234375,29211800,GOOGL
2024-03-25,148.71090455162476,149.14730017654827,146.60828759558476,148.83984375,19229300,GOOGL
2024-03-26,148.98859783249566,151.01186861414138,148.75055974430478,149.43490600585938,22149100,GOOGL
2024-03-27,149.94072668288968,150.3969625890798,147.679417711027,149.63327026367188,22879200,GOOGL
2024-03-28,149.61344863987313,150.1886809085542,148.93901491049212,149.69277954101562,24485400,GOOGL
2024-04-01,149.45476709366227,154.4633742852125,149.3754210532241,154.21542358398438,31730800,GOOGL
2024-04-02,152.24173645140743,153.43189683666333,150.90279655942555,153.2930450439453,24586000,GOOGL
2024-04-03,152.34089851536356,153.8087622521674,151.47801988823227,153.6500701904297,24705000,GOOGL
2024-04-04,152.24173721309816,153.5013310678702,149.21673549906,149.29608154296875,34724700,GOOGL
2024-04-05,148.80015462106246,152.162365095296,148.37368673355488,151.24990844726562,23459200,GOOGL
2024-04-08,151.52763410967862,153.9972285874499,151.35902944578888,153.58067321777344,20702000,GOOGL
2024-04-09,154.81048561572567,157.26023958727896,153.91786920573918,155.31631469726562,31079500,GOOGL
2024-04-10,154.9295103592396,155.3262253958283,153.41203826670193,154.86007690429688,22838600,GOOGL
2024-04-11,155.6237647430745,158.3710473161656,155.17745655638205,158.103271484375,27166400,GOOGL
2024-04-12,156.66518304426685,158.90665201136972,155.85189745243298,156.4370574951172,25353700,GOOGL
2024-04-15,157.5577715629048,157.93466141742405,153.32276995678504,153.59056091308594,27136500,GOOGL
2024-04-16,152.9260835145476,154.37410719737133,152.1723036646899,153.1343536376953,20779500,GOOGL
2024-04-17,154.3443209821668,155.792359485905,153.3128529021601,154.195556640625,21763100,GOOGL
2024-04-18,154.0666645029772,155.65355525464724,153.35256517809685,154.73117065429688,19883000,GOOGL
2024-04-19,154.91960900846084,155.07830110358373,151.05158377553497,152.826904296875,32615600,GOOGL
2024-04-22,153.04506419862878,156.3477688326678,152.79711353661722,154.99891662597656,26446200,GOOGL
2024-04-23,155.67337597138751,157.66689417461689,154.99894218995382,156.96270751953125,21151600,GOOGL
2024-04-24,156.19902087415394,158.2619724145378,155.8816367293061,157.82557678222656,22779100,GOOGL
2024-04-25,150.08949030720098,155.20719539051882,149.6332544492295,154.72120666503906,57109700,GOOGL
2024-04-26,172.94064243070838,173.27786687075127,168.2593321924788,170.5404815673828,64665300,GOOGL
2024-04-29,167.6741590817137,168.16014784427256,163.85572783432124,164.7880096435547,45610000,GOOGL
2024-04-30,164.25245175294467,166.7220460143007,161.26713096501757,161.44564819335938,33562900,GOOGL
2024-05-01,162.95318026028562,165.75005589531395,161.75309238141418,162.51678466796875,33493200,GOOGL
2024-05-02,163.43916484164697,165.36326455481128,162.54654844018515,165.25416564941406,24294500,GOOGL
2024-05-03,166.18646385430256,166.5831940285256,161.71343896761203,165.8690948486328,34662400,GOOGL
2024-05-06,166.08730795373265,166.76172661144676,164.6690220425713,166.72206115722656,21871300,GOOGL
2024-05-07,167.1187643454893,170.35203588113026,167.00966543700736,169.84622192382812,28039700,GOOGL
2024-05-08,167.61467198559197,168.75523914384442,167.35680870759575,167.99156188964844,19569100,GOOGL
2024-05-09,168.00148335133193,169.29083007689735,166.8013952497484,168.5668182373047,15346700,GOOGL
2024-05-10,166.65260426676096,168.45769242107335,164.82769095498062,167.26751708984375,29799900,GOOGL
2024-05-13,162.9135222794407,167.89237656675422,162.65565899989346,167.75352478027344,31327600,GOOGL
2024-05-14,168.37834489380802,169.84620861991712,167.41629508538105,168.94366455078125,25127100,GOOGL
2024-05-15,169.23130735927975,171.23473800953292,169.11228073886124,171.09588623046875,26948400,GOOGL
2024-05-16,171.86949341563104,173.68449428030138,171.27442084056955,172.752197265625,27867900,GOOGL
2024-05-17,172.75218165186905,174.82506073205244,172.26620802954864,174.6167755126953,24479300,GOOGL
2024-05-20,174.74573004665857,177.30458297385175,174.63663113812171,175.46974182128906,22554400,GOOGL
2024-05-21,175.44991084467418,176.68966435582567,174.36884941504044,176.3921356201172,16989400,GOOGL
2024-05-22,175.19203685040134,175.69785080388766,173.77376618454468,174.93417358398438,17880000,GOOGL
2024-05-23,175.6184993564693,176.78881919834342,171.53226222068352,172.12734985351562,21024900,GOOGL
2024-05-24,173.5456447964723,174.32917746118142,172.22654529374813,173.55557250976562,16579400,GOOGL
2024-05-28,173.01999755281523,175.8168887472588,172.94065151179802,174.95401000976562,20572200,GOOGL
2024-05-29,173.99195085751208,175.39039638067896,173.28777937305267,174.45809936523438,23388700,GOOGL
2024-05-30,173.7638553909168,173.78369568525272,170.381804057889,170.69918823242188,22931500,GOOGL
2024-05-31,170.4512300886902,171.64139042387083,168.05106912485823,171.0859832763672,37638900,GOOGL
2024-06-03,171.12566288057238,173.09935606710764,169.75698519210337,171.75050354003906,27459100,GOOGL
2024-06-04,171.85957302701576,172.42490783803038,170.48096786025872,172.36538696289062,26879600,GOOGL
2024-06-05,173.7638369582265,175.2019479039631,172.50424324144495,173.9721221923828,22068500,GOOGL
2024-06-06,174.4580976777925,175.6978511153371,174.30933331877074,175.2812957763672,23251000,GOOGL
2024-06-07,175.59868809544102,176.4119585188029,172.8712304058679,173.02992248535156,19661400,GOOGL
2024-06-10,173.7349167054555,175.81016010229428,171.5405100661831,173.77462768554688,23726700,GOOGL
2024-06-11,174.97607487552963,175.59169348463175,172.54337230776866,175.3732452392578,21540600,GOOGL
2024-06-12,176.99174796777623,179.13650434238232,174.8668546571235,176.5349884033203,27864700,GOOGL
2024-06-13,174.8668444097431,175.49240210344783,173.64553119205647,173.92355346679688,20913300,GOOGL
2024-06-14,172.99020243322104,175.81015156626538,172.92068928258647,175.54205322265625,18063600,GOOGL
2024-06-17,174.2214273884837,177.10095011007647,173.57600667428076,175.98886108398438,19618500,GOOGL
2024-06-18,175.88958192240335,176.13781719186318,172.87104771224654,173.8540496826172,21869900,GOOGL
2024-06-20,174.13206841253606,176.03851342488448,173.7547611134038,175.05551147460938,20160100,GOOGL
2024-06-21,175.7505447565084,179.57337340062563,175.36329839952862,178.3619842529297,57759000,GOOGL
2024-06-24,178.8882466857276,179.61308934299385,177.4087592034553,177.9548797607422,18298000,GOOGL
2024-06-25,178.35206806848578,182.98910099326696,178.15348288701358,182.73094177246094,23130200,GOOGL
2024-06-26,181.3408244497642,183.20754327614856,181.19187420519867,182.58200073242188,19839000,GOOGL
2024-06-27,182.8798679380617,184.7366779293804,182.72100889129027,184.1011962890625,18848900,GOOGL
2024-06-28,183.01890751714419,183.82318736943728,180.67556595744807,180.8642120361328,29156600,GOOGL
2024-07-01,181.73798367721864,182.58198955820285,180.0202000494524,181.69827270507812,16006100,GOOGL
2024-07-02,180.7649192250836,184.2600759255339,180.27837266146466,183.93240356445312,17372500,GOOGL
2024-07-03,183.545146815405,184.77638393795382,182.7011409192061,184.50830078125,10242100,GOOGL
2024-07-05,184.54801654082962,189.5127215858847,184.48844250446135,189.2545623779297,20967500,GOOGL
2024-07-08,188.55950207105113,188.8276004007438,186.4544718628467,187.69564819335938,21035900,GOOGL
2024-07-09,188.96662487953267,190.00921610095705,187.3878521119617,187.64601135253906,15121400,GOOGL
2024-07-10,187.8147905079295,190.3964432565855,187.69564243220248,189.83045959472656,15952500,GOOGL
2024-07-11,188.50988833991096,189.51275347336664,183.7735546876896,184.26010131835938,25625800,GOOGL
2024-07-12,183.77355005575473,185.78921938031402,183.1877184128902,183.7636260986328,22898400,GOOGL
2024-07-15,183.61466683145176,186.9112385638258,183.61466683145176,185.2133026123047,16474000,GOOGL
2024-07-16,186.03743905754484,187.34811338839907,182.0755987428797,182.62171936035156,18290700,GOOGL
2024-07-17,181.6784348799773,182.2543425380115,178.63009842037727,179.74220275878906,20734100,GOOGL
2024-07-18,180.64574423979403,181.21172786784336,175.22429500298105,176.43568420410156,25315700,GOOGL
2024-07-19,177.61730362532302,179.01733902058587,175.87965675110726,176.40591430664062,18881900,GOOGL
2024-07-22,179.31522557776697,181.41033185766577,178.9577661837674,180.38760375976562,24100300,GOOGL
2024-07-23,180.76493403159583,182.31391975552617,180.25852436340998,180.5067596435547,36352700,GOOGL
2024-07-24,172.37457678491225,174.9462905344622,170.60714288242724,171.4114227294922,49585200,GOOGL
2024-07-25,171.30219882616154,172.19583973492487,166.0098210682456,166.09918212890625,44852000,GOOGL
2024-07-26,165.97008682721892,166.90345381803442,162.90190268589552,165.82115173339844,41336900,GOOGL
2024-07-29,167.6382268176297,169.22692328878654,166.80416003394157,168.33328247070312,20293800,GOOGL
2024-07-30,169.03827095768605,170.02127279088597,167.25097423676394,169.08790588378906,18959700,GOOGL
2024-07-31,172.01711347343624,173.01997848256258,168.80990296351985,170.3291015625,25729100,GOOGL
2024-08-01,169.04823192931204,172.82141135501334,167.68790739296938,169.55462646484375,24531400,GOOGL
2024-08-02,165.26510279286998,167.32048278839775,163.50759297707282,165.48355102539062,29130100,GOOGL
2024-08-05,154.4023257364845,163.26928160754815,153.83634209310054,158.1258544921875,53630700,GOOGL
2024-08-06,158.2052897951303,159.4365420774317,155.30590392172098,157.17262268066406,49004600,GOOGL
2024-08-07,160.11173013870962,161.82951376084208,157.3513554761563,157.8180389404297,25138600,GOOGL
2024-08-08,159.37697100848436,162.53453159498838,159.0791007984094,160.88624572753906,25578800,GOOGL
2024-08-09,158.88049573069213,162.63381177677473,157.93720474099763,162.51466369628906,28602300,GOOGL
2024-08-12,163.1898651801224,163.73597062856854,160.69757348531624,161.14439392089844,15895300,GOOGL
2024-08-13,162.25649966122157,163.56717396094234,161.81960317762199,163.00120544433594,18551700,GOOGL
2024-08-14,161.2535991509072,162.0678179768307,156.59671896869054,159.23793029785156,40591100,GOOGL
2024-08-15,159.36703635252704,160.49898852805327,158.4833194361169,160.16139221191406,31524300,GOOGL
2024-08-16,160.33018953302678,163.89484419906685,159.9925932186499,161.80967712402344,24208600,GOOGL
2024-08-19,164.1132970310061,165.5133475605536,163.1004929084528,165.4934844970703,22416200,GOOGL
2024-08-20,165.72187088023108,167.4495939252533,165.64244892165763,165.99989318847656,18341500,GOOGL
2024-08-21,163.98420467240848,165.67221654044488,163.50759722139043,164.6792755126953,22902000,GOOGL
2024-08-22,166.07928956535088,166.4069618806491,162.15717603854122,162.6437225341797,22493300,GOOGL
2024-08-23,163.55725630307884,165.00694179876172,162.67353934579646,164.45089721679688,13955700,GOOGL
2024-08-26,165.20553931092914,166.36727853932712,163.29909428347517,164.98709106445312,14190400,GOOGL
2024-08-27,164.66933228950003,165.26510295168842,163.29908400819048,163.51751708984375,11821900,GOOGL
2024-08-28,163.87498286647468,164.4310425767687,160.38976526426643,161.70045471191406,16407400,GOOGL
2024-08-29,163.15012461387778,164.7984102225247,159.11878679232862,160.6379852294922,19699800,GOOGL
2024-08-30,161.472070186267,162.50473737235887,160.54864227379994,162.22671508789062,22123800,GOOGL
2024-09-03,160.57841450941874,160.707501683565,155.37539838425428,156.2491912841797,38945300,GOOGL
2024-09-04,155.554151121504,157.87762958096508,154.8590954051368,155.3456268310547,19353800,GOOGL
2024-09-05,155.1966988484402,158.32445729106303,154.87895042005644,156.13006591796875,18688700,GOOGL
2024-09-06,156.1896446256026,156.71590221863735,149.4872919188711,149.85467529296875,37912100,GOOGL
2024-09-09,151.63437166613713,152.51926120186218,146.37475041538113,147.856201171875,39260500,GOOGL
2024-09-10,149.58620426686707,150.4015036061094,147.48831800096144,147.80648803710938,31118800,GOOGL
2024-09-11,149.05925855823048,150.63018908340467,146.67304380954099,150.29214477539062,29607700,GOOGL
2024-09-12,152.91697508053775,153.9311230962661,151.77356859256676,153.80186462402344,29621500,GOOGL
2024-09-13,154.53761027887018,157.47068534964538,154.318887339598,156.55596923828125,29591200,GOOGL
2024-09-16,156.4068328344505,157.34143843484944,155.70091765708278,157.15252685546875,18379800,GOOGL
2024-09-17,158.107008079676,159.628222536102,157.47068317745328,158.40528869628906,20715600,GOOGL
2024-09-18,158.9421720163007,159.57849687987786,157.6894117080279,158.8924560546875,23677300,GOOGL
2024-09-19,162.77009990036774,162.8496272464335,160.41369644399956,161.2091064453125,26587700,GOOGL
2024-09-20,162.56130770595448,162.7899829734501,161.12957266023724,162.65078735351562,40896400,GOOGL
2024-09-23,163.40642311261095,164.5398774216767,160.74180191250147,160.9207763671875,24150900,GOOGL
2024-09-24,162.09398745781283,162.28289902982328,159.7674258440889,161.3582305908203,23332100,GOOGL
2024-09-25,160.5429615292226,161.87526461274848,160.3739393623142,160.56285095214844,18869200,GOOGL
2024-09-26,162.7004790534292,163.13795527115403,161.34828673099906,161.7957000732422,20319300,GOOGL
2024-09-27,161.87524329123835,164.7486500925775,161.69628402203105,163.00869750976562,21101300,GOOGL
2024-09-30,162.38232355982177,165.19606207708327,162.32265529939457,164.89779663085938,20413900,GOOGL
2024-10-01,166.72722798963838,168.18878935347016,163.63508311957565,166.03125,28338100,GOOGL
2024-10-02,165.46452779504156,166.5582184121097,163.7842281975384,164.90774536132812,17760200,GOOGL
2024-10-03,163.4660733087808,165.6832659184552,162.9788810936898,164.90774536132812,15073100,GOOGL
2024-10-04,167.09510397311843,167.26412612073125,164.5299148711692,166.10084533691406,19047400,GOOGL
2024-10-07,166.75704136805373,167.51267238697537,161.81557527499385,162.04425048828125,22463100,GOOGL
2024-10-08,162.99874209117948,163.7841996365162,161.9348782063516,163.43621826171875,23072700,GOOGL
2024-10-09,162.5115774919813,163.89359644421285,158.8228863013817,160.9307098388672,31181800,GOOGL
2024-10-10,159.94640007740227,162.13378146188393,159.47909725173434,161.1494598388672,14144100,GOOGL
2024-10-11,161.19915249290503,162.9589793006072,160.3142629412503,162.3027801513672,15344300,GOOGL
2024-10-14,162.7004954092269,165.27562183830673,162.4618678561569,164.01292419433594,19016100,GOOGL
2024-10-15,164.83813228183462,166.71728049354707,163.68480379630955,164.51004028320312,20247200,GOOGL
2024-10-16,163.58537367338423,164.84808640066018,162.7999160190336,164.21176147460938,16406000,GOOGL
2024-10-17,164.7784643120133,165.41478917356866,161.82551522151294,161.99453735351562,21453400,GOOGL
2024-10-18,162.25306000415483,163.7643372928155,162.1436909535705,162.4817352294922,19757700,GOOGL
2024-10-21,162.01445640921125,163.5555604691452,161.6863492090046,163.12803649902344,20946500,GOOGL
2024-10-22,162.0442768634266,164.8182671012252,162.0442768634266,164.19187927246094,16568100,GOOGL
2024-10-23,163.81404098216163,164.867967838788,161.00028733207427,161.8454132080078,18280500,GOOGL
2024-10-24,161.89513565846306,162.39226497688696,160.0855776572324,161.7857666015625,22412500,GOOGL
2024-10-25,162.73030140529735,164.63927607521566,162.48173675810202,164.3211212158203,19828900,GOOGL
2024-10-28,167.78114595500233,167.78114595500233,163.00870143582344,165.76280212402344,32138600,GOOGL
2024-10-29,166.76697893071042,169.40177313699868,166.13065407857997,168.70578002929688,42169000,GOOGL
2024-10-30,179.64261737988735,180.97493529169347,173.06063100562596,173.45834350585938,68890800,GOOGL
2024-10-31,172.13600066532192,175.80481742033143,170.01822493850247,170.12759399414062,44769000,GOOGL
2024-11-01,169.0935675366594,171.33064938867685,167.91039737420323,170.30654907226562,31796500,GOOGL
2024-11-04,168.95436679599575,169.7497767581588,167.04539198951443,168.26834106445312,21492700,GOOGL
2024-11-05,168.45723948005892,169.55093008750674,167.87063050478386,168.76547241210938,18242100,GOOGL
2024-11-06,172.80214969030013,175.92412112315387,172.50386907265272,175.49658203125,33695500,GOOGL
2024-11-07,176.39144450553113,180.04037221530027,176.17270637176324,179.71226501464844,25352900,GOOGL
2024-11-08,179.612801825818,179.86136646447602,177.05756522942787,177.32601928710938,22006200,GOOGL
2024-11-11,177.5547178158643,179.5134086393181,177.44534875364968,179.31455993652344,17450400,GOOGL
2024-11-12,178.787601775427,181.44227061052396,178.36006265722634,180.57725524902344,25134900,GOOGL
2024-11-13,179.42392735486908,179.92105669289288,177.5149373462163,177.85299682617188,23184000,GOOGL
2024-11-14,177.25644065886235,177.79334885525918,173.3191846841435,174.5719451904297,31007500,GOOGL
2024-11-15,172.73256594722855,173.14021567004892,170.23698198164112,171.49969482421875,32504600,GOOGL
2024-11-18,172.4243223269658,174.43272892051993,171.90730361382492,174.2935333251953,20135300,GOOGL
2024-11-19,172.72261895446178,177.8430450835762,172.56353392471485,177.09735107421875,23434900,GOOGL
2024-11-20,176.32181201959514,176.65985629395433,172.7822539205829,174.96961975097656,18997100,GOOGL
2024-11-21,172.90156244724747,173.13025284582125,162.7601278802168,166.66757202148438,59734400,GOOGL
2024-11-22,164.89777917982897,165.50427747493626,162.9589629574629,163.81402587890625,38604600,GOOGL
2024-11-25,165.13641317917185,167.6618386099698,164.65917328191838,166.6874542236328,33135300,GOOGL
2024-11-26,166.66756653684672,168.84499520108912,166.61785057482837,168.1490020751953,20486700,GOOGL
2024-11-27,168.02970184723952,168.50694172289835,167.0553326761747,168.2583770751953,19266500,GOOGL
2024-11-29,167.53258236969043,168.4572356311654,166.20027942100947,167.97999572753906,14257200,GOOGL
2024-12-02,167.80103219947992,171.09202581712017,167.60218350894124,170.5054168701172,23789100,GOOGL
2024-12-03,170.50541009739786,171.68856506902026,169.86908521024029,170.35626220703125,22248700,GOOGL
2024-12-04,170.16733710736509,173.90575879671132,170.07785748297476,173.3688507080078,31615100,GOOGL
2024-12-05,174.35320380974355,175.04918185581036,171.3406012044101,171.64881896972656,21356200,GOOGL
2024-12-06,171.04233358531255,174.07482584315568,170.87331141634223,173.7069549560547,21462400,GOOGL
2024-12-09,173.15947313956298,175.44887679032834,172.85088694703188,174.56297302246094,25389600,GOOGL
2024-12-10,182.00855531536865,185.502397306232,180.21683563214248,184.31787109375,54813000,GOOGL
2024-12-11,184.45722971599074,194.7098337526011,183.99935507018319,194.50079345703125,67894100,GOOGL
2024-12-12,194.10261773753882,194.2817820941682,190.8277648699629,191.0766143798828,34817500,GOOGL
2024-12-13,190.13098313311997,191.84306905787375,188.7672926142497,188.94647216796875,25143500,GOOGL
2024-12-16,191.98242240358925,198.08421748080238,191.733572884141,195.75498962402344,44934900,GOOGL
2024-12-17,196.34228662818003,200.4930951236226,194.08272855714978,194.5207061767578,43504000,GOOGL
2024-12-18,194.32161160052223,196.09341894237798,186.87603832190538,187.53298950195312,34166100,GOOGL
2024-12-19,190.748138909751,192.1416901461699,187.513095150107,187.64248657226562,32265200,GOOGL
2024-12-20,184.925092838395,192.00237527778333,184.3676722269585,190.52919006347656,63462900,GOOGL
2024-12-23,191.73356940291157,194.20216752678672,189.27493498031782,193.7343292236328,25675000,GOOGL
2024-12-24,193.9433748674021,195.20753479003906,192.8882552424337,195.20753479003906,10403300,GOOGL
2024-12-26,194.25194880473947,195.84459196860374,193.48550314170072,194.69989013671875,12046600,GOOGL
2024-12-27,194.05284898883724,194.42115659969988,189.77263428806026,191.8729248046875,18891400,GOOGL
2024-12-30,188.9265638700057,191.66390866604786,188.24968525874627,190.3599395751953,14264700,GOOGL
2024-12-31,190.2006709297877,191.07662611886298,187.6424905201336,188.42886352539062,17466900,GOOGL
2025-01-02,189.77266033181004,191.1164539742449,186.63716208422355,188.5582733154297,20370800,GOOGL
2025-01-03,190.489329030918,192.32087307336826,189.10572628313417,190.9073944091797,18596200,GOOGL
2025-01-06,193.0873348986171,197.30782865396526,192.95794346331456,195.9640350341797,29563600,GOOGL
2025-01-07,196.20293323603758,200.0750314967655,193.70448930563006,194.59039306640625,26487200,GOOGL
2025-01-08,191.683825506133,195.38669258245946,191.49469743094454,193.05746459960938,24864800,GOOGL
2025-01-10,193.40587493046604,195.61566016820694,189.4342306110514,191.15626525878906,26665200,GOOGL
2025-01-13,189.19533519391976,190.30021256834414,186.4977995025927,190.13099670410156,21823700,GOOGL
2025-01-14,190.3599316953501,191.09651654383717,187.44340746260227,188.78720092773438,17174900,GOOGL
2025-01-15,192.20142977574318,195.45638605757955,190.97709427450172,194.65011596679688,21776000,GOOGL
2025-01-16,193.2465827004133,194.58041248274841,191.92270143099617,192.02224731445312,17815400,GOOGL
2025-01-17,195.6255822249555,196.32235783888785,192.85837679493184,195.0980224609375,27735100,GOOGL
2025-01-21,198.1539212272468,201.3590893649602,196.95943127097462,197.13861083984375,29971300,GOOGL
2025-01-22,198.14394994474472,199.5574134711185,196.62099201618707,197.45712280273438,26200600,GOOGL
2025-01-23,197.22819130144518,199.3782549776066,194.30171827365388,197.0689239501953,26951400,GOOGL
2025-01-24,197.18837511510904,199.9754777209976,197.08882922694013,199.28866577148438,23877500,GOOGL
2025-01-27,191.5245367578076,195.97396712425268,189.8522601854155,190.9272918701172,41728900,GOOGL
2025-01-28,191.8629920734772,194.58042475121238,189.80251062684363,194.40126037597656,24157900,GOOGL
2025-01-29,194.66004582386458,195.88438120776217,192.5398430560715,194.5107421875,18218300,GOOGL
2025-01-30,197.08882990069444,200.47317747002577,196.76034669489817,199.94561767578125,24354700,GOOGL
2025-01-31,201.0704225036096,204.5344037474068,200.87134591508243,203.0811309814453,32001100,GOOGL
2025-02-03,199.7664315701441,202.81234708889096,199.17915038211245,200.30393981933594,27838300,GOOGL
2025-02-04,202.4540365472158,206.09719755510824,201.8767037764101,205.43028259277344,43856400,GOOGL
2025-02-05,190.19072588273337,191.86298743209488,187.16470709545553,190.44952392578125,70373900,GOOGL
2025-02-06,188.62793494754752,191.21597601434,187.85152566522362,190.71827697753906,29297400,GOOGL
2025-02-07,190.17080550398342,190.3001969256679,182.39674895869484,184.48707580566406,49315000,GOOGL
2025-02-10,186.4878479252447,187.33392723255807,185.00469922620795,185.6118927001953,23105600,GOOGL
2025-02-11,184.17851963260873,186.07973375626966,183.43197101543439,184.46719360351562,21239500,GOOGL
2025-02-12,182.37685574217417,184.25815769470228,180.9932528796119,182.7650604248047,22072600,GOOGL
2025-02-13,183.47178484763324,185.42275661553663,182.29720719308074,185.2834014892578,21402500,GOOGL
2025-02-14,184.20837813225802,185.54220800020582,183.4717932262479,184.37759399414062,20448400,GOOGL
2025-02-18,184.74589678490392,185.10424071494356,180.90365944170068,182.92431640625,29916700,GOOGL
2025-02-19,183.22294469175932,184.60654751219354,182.74514264416922,184.41741943359375,19549400,GOOGL
2025-02-20,183.9495791218272,184.4572267048234,181.87914917011352,183.71067810058594,20441500,GOOGL
2025-02-21,184.2979785856072,184.48710668191748,178.25591914965165,178.833251953125,35199200,GOOGL
2025-02-24,181.15252162389993,182.2773112476267,178.06678116700198,178.4251251220703,29854200,GOOGL
2025-02-25,177.2206855678133,177.91747644578498,173.8861107726199,174.6127471923828,41913400,GOOGL
2025-02-26,174.26436286262216,175.26970953461128,170.79041782229913,171.93511962890625,35431300,GOOGL
2025-02-27,173.18931986196714,173.75668887755327,167.1671583548918,167.72457885742188,39991000,GOOGL
2025-02-28,167.90374066525882,169.82486685567105,166.00254187779413,169.4963836669922,48130600,GOOGL
2025-03-03,171.1387811939385,172.57215683074952,165.1663928329386,166.24142456054688,40770500,GOOGL
2025-03-04,165.4749823837437,172.49252670098738,165.03700479811678,170.13343811035156,45388000,GOOGL
2025-03-05,169.73530516145718,172.98029782260173,168.28201710781593,172.2238006591797,30954900,GOOGL
2025-03-06,169.7452376648565,174.0055403400316,169.71537693678601,171.55686950683594,28302000,GOOGL
2025-03-07,170.4718800246714,174.1648138078256,169.48644558654738,173.05992126464844,27385800,GOOGL
2025-03-10,167.6785699397653,167.87789100205225,163.12436954047675,165.2968292236328,43604000,GOOGL
2025-03-11,164.34014854098334,166.17378667553444,160.81237268027317,163.47314453125,39587400,GOOGL
2025-03-12,166.0043948548276,167.06072965689114,162.96493090148982,166.53256225585938,28372400,GOOGL
2025-03-13,165.46625097868807,165.5559515451144,161.54983818219623,162.1975860595703,31756200,GOOGL
2025-03-14,162.70582188820455,165.91469633780176,161.88864811378173,164.91815185546875,31995900,GOOGL
2025-03-17,164.4597537744784,165.72536967150563,163.10445251309577,163.72230529785156,31184300,GOOGL
2025-03-18,163.11440067725707,163.68243835584954,156.17845929337233,160.11480712890625,42074800,GOOGL
2025-03-19,161.20102488744715,165.29682318848322,160.44365657902026,163.32366943359375,34275600,GOOGL
2025-03-20,161.01169658179438,164.3202162999389,160.40380384962694,162.23744201660156,28138500,GOOGL
2025-03-21,160.65294731947398,163.67247597151626,160.33404577702316,163.42333984375,36625800,GOOGL
2025-03-24,166.492708348571,167.7383890591239,164.56936942432435,167.1005859375,30879100,GOOGL
2025-03-25,168.39609981984145,170.04040750974747,167.73839194994267,169.97064208984375,24174400,GOOGL
2025-03-26,168.41602720143118,169.0239199788623,164.27039826701778,164.48963928222656,28901600,GOOGL
2025-03-27,164.06113851285755,164.84840203770966,161.44022141043914,161.6793975830078,24508300,GOOGL
2025-03-28,159.9354404969839,161.26084657481337,153.0991442674789,153.79672241210938,48669300,GOOGL
2025-03-31,152.58093987828155,155.00253588696825,150.13940872047658,154.10565185546875,54603500,GOOGL
2025-04-01,153.0891615011919,157.55369181763876,153.0891615011919,156.52725219726562,30672900,GOOGL
2025-04-02,154.61387643325034,157.86262130532444,154.1654344397735,156.49734497070312,25041700,GOOGL
2025-04-03,150.5878246808448,152.2520520017812,149.87031149736717,150.1991729736328,46883400,GOOGL
2025-04-04,147.4985386204676,150.54797741159612,144.87763705619835,145.0968780517578,62259500,GOOGL
2025-04-07,141.06087632952463,152.3218321659185,140.04439668677543,146.24290466308594,76794100,GOOGL
2025-04-08,150.69745588802078,151.7139355045659,142.5357542501846,144.19998168945312,52200200,GOOGL
2025-04-09,143.9209744743003,158.99869967955883,143.4127421842368,158.16160583496094,70406200,GOOGL
2025-04-10,155.99906254121734,157.17499290712513,149.41190307502956,152.29193115234375,48022000,GOOGL
2025-04-11,152.37164602184413,157.1251674838408,152.29193584419684,156.5970001220703,33636200,GOOGL
2025-04-14,159.44710369836886,161.16116127961118,157.015532933999,158.52032470703125,30333000,GOOGL
2025-04-15,158.58012970667488,159.0983218935906,154.6736771269803,155.76986694335938,27551500,GOOGL
2025-04-16,152.5709851557027,155.35133791385522,150.98646767664792,152.80018615722656,28187400,GOOGL
2025-04-17,153.75686977593062,154.14552158730027,147.9868828523558,150.6376953125,33046600,GOOGL
2025-04-21,148.36555457655837,148.43530478654532,145.59516199807078,147.15972900390625,26049100,GOOGL
2025-04-22,148.37550764431742,151.66410748339032,148.02671099242252,150.94659423828125,26971800,GOOGL
2025-04-23,155.0722827287534,156.98564625118482,153.2784996745797,154.8131866455078,31128800,GOOGL
2025-04-24,155.6104249592094,159.03854063446718,155.2516683139833,158.7296142578125,45894000,GOOGL
2025-04-25,164.49961422965615,165.52605388757996,160.4835257508864,161.40036010742188,56034000,GOOGL
2025-04-28,161.86871096281394,162.58622419769722,158.05195902405725,160.0550079345703,29745800,GOOGL
2025-04-29,159.76603342291708,160.18458031932272,156.97570557414937,159.60658264160156,26809000,GOOGL
2025-04-30,157.43410788690483,158.71965890557001,154.86302105563792,158.25128173828125,34981100,GOOGL
2025-05-01,159.8955611021286,161.39037784388623,158.36088927125815,160.7426300048828,30203200,GOOGL
2025-05-02,162.84534306658284,164.39995007912242,161.3106559960053,163.46319580078125,25715000,GOOGL
2025-05-05,162.43673744969064,164.81847796110932,162.15770623374658,163.64256286621094,21341800,GOOGL
2025-05-06,161.6096198520829,164.23053675483612,160.63301049910467,162.66595458984375,21277200,GOOGL
2025-05-07,163.5130144970414,164.4298335624806,147.32912722252786,150.85690307617188,127490100,GOOGL
2025-05-08,154.46440047734652,155.39117958130052,152.37165090458322,153.74688720703125,57498700,GOOGL
2025-05-09,153.6372746936992,154.5142387821615,151.67408067225014,152.22218322753906,32435300,GOOGL
2025-05-12,156.94579570580373,158.55023292762746,155.7100750758197,157.91244506835938,44138800,GOOGL
2025-05-13,158.24131128306263,160.0151746711756,155.62040930962155,158.978759765625,42382100,GOOGL
2025-05-14,159.4072742222668,166.4229412214118,159.0584775444673,164.79856872558594,48755900,GOOGL
2025-05-15,165.26694125278715,165.6356730691148,161.80893051621783,163.39344787597656,33146700,GOOGL
2025-05-16,167.15039440077075,168.76480673115492,165.04768502743337,165.61572265625,42846900,GOOGL
2025-05-19,163.94153908750272,166.06418385324469,163.6525478575402,165.9645233154297,30426100,GOOGL
2025-05-20,165.8548915457752,167.91774593119885,162.337090725838,163.41336059570312,46607700,GOOGL
2025-05-21,163.1243721968136,172.54171471286378,162.9948165454298,167.9775390625,73416000,GOOGL
2025-05-22,171.25618084668935,176.15917803179707,170.12012070875053,170.27955627441406,74864400,GOOGL
2025-05-23,168.47580548761593,169.3727046333075,167.30985028367255,167.88784790039062,35211400,GOOGL
2025-05-27,169.57202886061165,172.5716225630013,169.4125780788469,172.30255126953125,37995700,GOOGL
2025-05-28,172.56165823831284,174.66436785084326,171.31597754856884,171.76441955566406,34784000,GOOGL
2025-05-29,173.39873303929133,173.81727988052086,170.04038313314817,171.26612854003906,29317300,GOOGL
2025-05-30,170.75790891590938,171.61493780799663,166.86141620850907,171.1465606689453,52639900,GOOGL
2025-06-02,167.2600172613062,169.2830012834345,166.81157529888503,168.44590759277344,38612300,GOOGL
2025-06-03,166.91124474262,167.89781407143477,164.70887469424017,165.6057586669922,45084900,GOOGL
2025-06-04,166.1638436483944,167.63872532387313,165.78515185366567,167.4693145751953,26900800,GOOGL
2025-06-05,169.7513830642687,170.339340657981,167.0108857444217,167.62875366210938,36379100,GOOGL
2025-06-06,170.23969140570108,173.89700773798458,170.23969140570108,173.079833984375,35731800,GOOGL
2025-06-09,174.14743750903665,176.07310468622353,173.97782168090652,175.69395446777344,28935900,GOOGL
2025-06-10,175.80372221831115,180.70268325607967,174.5166301339373,178.19833374023438,61766100,GOOGL
2025-06-11,179.3656814209572,179.96432281914957,176.3524694759701,176.9511260986328,31646800,GOOGL
2025-06-12,175.78375628436552,176.32255032681226,174.3569797237004,175.30484008789062,20941900,GOOGL
2025-06-13,172.05218023736916,176.73163473712606,172.00228964381978,174.27716064453125,27663100,GOOGL
2025-06-16,174.33701609632743,176.5420523549515,174.25719419482596,176.3724365234375,27389200,GOOGL
2025-06-17,175.30483777675101,176.96110799729416,174.1873615915514,175.5542755126953,24973000,GOOGL
2025-06-18,175.6141436330853,176.16290971424257,172.81046582918458,172.93020629882812,28707500,GOOGL
2025-06-20,173.55878574385125,173.94790803011588,165.08788938336605,166.26522827148438,75659900,GOOGL
2025-06-23,165.8960542954959,166.9636398925432,161.63565348702906,164.8184814453125,57671000,GOOGL
2025-06-24,166.5445998017471,167.84167918331357,165.75638318822968,166.3949432373047,40524300,GOOGL
2025-06-25,167.25299905707695,171.97235685648238,167.17317715297744,170.29612731933594,35479000,GOOGL
2025-06-26,172.04218458564608,173.29936049404486,169.55779452756443,173.14968872070312,31796700,GOOGL
2025-06-27,173.14969619543672,178.27813555923768,171.3437693802371,178.12847900390625,108140200,GOOGL
2025-06-30,180.3734186271616,180.82240351749414,174.1873656755976,175.83364868164062,63378900,GOOGL
2025-07-01,175.3447530851258,175.6939567742825,173.139716841545,175.44451904296875,35904500,GOOGL
2025-07-02,175.14518633422566,178.4577266308603,174.67625741761273,178.23822021484375,29128900,GOOGL
2025-07-03,178.09853847776557,179.265905222364,176.65180269468908,179.126220703125,21689700,GOOGL
2025-07-07,178.65727862884938,178.89674433224096,175.28487562232132,176.3923797607422,34175600,GOOGL
2025-07-08,177.4500058972594,177.54977185383785,172.42133277200756,173.9678497314453,40442500,GOOGL
2025-07-09,174.85586430994886,179.03644347316074,172.3814460707259,176.2227783203125,43025600,GOOGL
2025-07-10,175.2350053597822,178.02869585837095,173.98781666417247,177.22052001953125,29252400,GOOGL
2025-07-11,176.39238193299045,181.0219456842772,176.08308157759498,179.7847442626953,34282900,GOOGL
2025-07-14,180.60287583344362,183.25689674766613,179.27586537633238,181.15164184570312,32536600,GOOGL
2025-07-15,182.39885886185957,183.8056914333515,181.19158867102598,181.59068298339844,33448300,GOOGL
2025-07-16,182.82788394956327,183.91542879782378,181.62059863833602,182.55848693847656,33104200,GOOGL
2025-07-17,181.73035050857078,183.64603043273615,180.07408034072432,183.1671142578125,31992600,GOOGL
2025-07-18,184.98301522964096,186.00072543502688,183.2968289565469,184.64378356933594,34014500,GOOGL
2025-07-21,185.83110772544197,189.86201471908177,185.73132654425748,189.67245483398438,45803100,GOOGL
2025-07-22,191.0693117786785,191.21896833519165,187.03840453704987,190.90966796875,44660200,GOOGL
2025-07-23,191.06931784155387,192.09700016081177,188.75452819755446,189.8021697998047,58681900,GOOGL
2025-07-24,196.58687870624138,197.50480780114538,190.57044138213487,191.73780822753906,74881700,GOOGL
2025-07-25,191.54821586623893,193.8929365997576,190.82983399147875,192.74551391601562,39785900,GOOGL
2025-07-28,193.2144667106556,193.61357622809174,190.41078895772904,192.14688110351562,38139500,GOOGL
2025-07-29,191.9971978721824,195.47935398479527,191.64799419278697,195.3097381591797,41389200,GOOGL
2025-07-30,195.1600963397073,197.155598285003,194.2521393007246,196.08799743652344,32445400,GOOGL
2025-07-31,195.26984291287636,195.54921195775628,190.66022322341527,191.46839904785156,51329200,GOOGL
2025-08-01,188.60486968944682,190.40082452841267,187.39759950913643,188.70465087890625,34832200,GOOGL
2025-08-04,189.86201672672937,194.830827292421,189.69240089649873,194.60133361816406,31547400,GOOGL
2025-08-05,194.2720962985156,197.4150057356091,193.45393320281906,194.232177734375,31602300,GOOGL
2025-08-06,194.06255127051267,196.18776557270928,193.23441619136784,195.6489715576172,21562900,GOOGL
2025-08-07,196.6167969951023,197.09571318148866,193.8929412029117,196.07801818847656,26321800,GOOGL
2025-08-08,196.7764442791972,202.15432130991044,196.72655368662487,200.9669952392578,39161800,GOOGL
2025-08-11,200.48808049350347,201.02685931355308,198.62229106869012,200.54794311523438,25832400,GOOGL
2025-08-12,200.91710457512625,204.04006993048975,200.1388600495838,202.88267517089844,30397900,GOOGL
2025-08-13,203.67091617948037,204.0700104890599,197.06579421729333,201.50579833984375,28342900,GOOGL
2025-08-14,201.0468177297292,203.98020797768137,200.77742070862897,202.48358154296875,25230400,GOOGL
2025-08-15,203.39153088363753,205.97570210941166,200.82730371462006,203.44140625,34931400,GOOGL
2025-08-18,203.74075053383524,204.80835140832636,202.03460485474218,203.04232788085938,18526600,GOOGL
2025-08-19,202.57339194917532,202.98247352847122,199.5103041804206,201.11668395996094,24240200,GOOGL
2025-08-20,200.27853657760338,200.82730262485018,196.15783565803162,198.87171936035156,28955500,GOOGL
2025-08-21,199.3007354736328,202.02459107482636,198.98144788878304,199.3007354736328,19774600,GOOGL
2025-08-22,202.27403645691825,208.07096677186306,200.84725997228378,205.62648010253906,42827000,GOOGL
2025-08-25,205.96572314134983,210.04653613391585,204.81831562838462,208.02110290527344,29928900,GOOGL
2025-08-26,207.04328099820484,207.38252787024734,205.23735432936843,206.6741180419922,28464100,GOOGL
2025-08-27,205.23735606521282,208.44014313706415,205.18746547556665,207.0133514404297,23022900,GOOGL
2025-08-28,206.78389053195886,211.742714118765,206.43467159929352,211.1640167236328,32339300,GOOGL
2025-08-29,210.0365409975429,214.167229203444,209.72724064780297,212.43115234375,39728400,GOOGL
2025-09-02,207.97120545801465,211.20390871469678,205.73623790289355,210.87466430664062,47523000,GOOGL
2025-09-03,225.7012467158241,230.78976737242826,224.28442698424496,230.1412353515625,103336100,GOOGL
2025-09-04,229.13349303754427,231.84737676203946,225.60146147412655,231.7775421142578,51684200,GOOGL
2025-09-05,231.677775522156,235.22976659054154,231.37844718195538,234.4714813232422,46588900,GOOGL
2025-09-08,235.15054099905157,237.8069358559837,233.3529799966882,233.72247314453125,32474700,GOOGL
2025-09-09,233.85231685973005,240.14377315813266,232.91358965088386,239.30491638183594,38061000,GOOGL
2025-09-10,238.5758820575914,241.33214736167037,237.5273187664355,238.84552001953125,35141100,GOOGL
2025-09-11,239.55457404217233,241.9213539288796,235.92949376965038,240.0438995361328,30599300,GOOGL
2025-09-12,240.04388783032,241.75157459718335,237.67710805902945,240.4733123779297,26771600,GOOGL
2025-09-15,244.32807821701437,252.06756394348793,244.32807821701437,251.26864624023438,58383800,GOOGL
2025-09-16,251.73800966841424,252.696698721273,249.13154999644232,250.8192596435547,34109700,GOOGL
2025-09-17,250.87917693990602,251.25866627901078,245.94587648389523,249.19146728515625,34108000,GOOGL
2025-09-18,251.338548569648,253.64542748570952,249.46110945180462,251.68807983398438,31239500,GOOGL
2025-09-19,252.90642848071656,255.65269769422878,251.4683796180924,254.3744354248047,55571400,GOOGL
2025-09-22,254.0848093772248,255.4329839373953,249.96042287972912,252.18739318847656,32290500,GOOGL
2025-09-23,252.69670571321294,254.01492224497756,250.1401811840686,251.31858825683594,26628000,GOOGL
2025-09-24,251.31857470864836,252.00764101873446,246.10565550148698,246.80470275878906,28201000,GOOGL
2025-09-25,244.06842931794486,246.1556055061487,240.41340622781078,245.45654296875,31020400,GOOGL
2025-09-26,246.73481561544992,249.08161830530747,245.63630185383965,246.2055206298828,18503200,GOOGL
2025-09-29,247.51375020937843,250.80926093832198,242.4406403715287,243.71890258789062,32505800,GOOGL
2025-09-30,242.48058753408858,242.9599320717839,238.92541967317948,242.77020263671875,34724300,GOOGL
2025-10-01,240.42338523813993,245.96585884887978,238.2862890899911,244.5677490234375,31658200,GOOGL
2025-10-02,244.81739828037135,246.47514981131818,241.97127402542458,245.35667419433594,25483300,GOOGL
2025-10-03,244.15831699237452,245.96585900937905,241.3321544964398,245.01715087890625,30249600,GOOGL
2025-10-06,244.44791178946252,250.97904766602093,244.24818617214953,250.09024047851562,28894700,GOOGL
2025-10-07,247.93317917084852,250.1002333278666,245.18691006468788,245.42657470703125,23181300,GOOGL
2025-10-08,244.62768203424937,245.67624536262252,243.48922922331397,244.2881317138672,21307100,GOOGL
2025-10-09,244.13833003954065,244.42792989328805,238.82554034163272,241.2023162841797,27892100,GOOGL
2025-10-10,241.10246136059908,243.75885638035138,235.5200485827795,236.2490692138672,33180300,GOOGL
2025-10-13,239.88411429337978,244.16828735447277,239.38479264234815,243.81875610351562,24995000,GOOGL
2025-10-14,240.9027132904423,246.78472157869837,240.1836889124138,245.1169891357422,22111600,GOOGL
2025-10-15,246.91455220927548,251.7679591837619,245.65626715592245,250.68942260742188,27007700,GOOGL
2025-10-16,251.42842769264908,256.6113736152233,249.76069521164578,251.1188507080078,27997200,GOOGL
2025-10-17,250.4197821526697,253.87509458891947,247.4737875390444,252.9563446044922,29671600,GOOGL
2025-10-20,254.3444728441902,256.98087539491434,253.88509020638818,256.2019348144531,22350200,GOOGL
2025-10-21,254.39440086428343,254.53421031738455,243.81875668908756,250.12020874023438,47312100,GOOGL
2025-10-22,254.02489806023604,256.01218852739623,248.95178813355238,251.34854125976562,35029400,GOOGL
2025-10-23,252.63679338694976,254.69399627404513,251.50833675008087,252.73666381835938,19901400,GOOGL
2025-10-24,256.23188733462473,261.32497431611404,254.9736174865258,259.5673828125,28655100,GOOGL
2025-10-27,264.4607188078389,269.7735083332291,263.92144290721717,268.9046630859375,35235200,GOOGL
2025-10-28,269.3241367489819,270.3627344019799,266.1384619149823,267.1071472167969,29738600,GOOGL
2025-10-29,267.38675485794886,274.96645416764926,267.3068768000952,274.197509765625,43580300,GOOGL
2025-10-30,291.1944142933695,291.1944142933695,279.6800575475708,281.09814453125,74876000,GOOGL
2025-10-31,282.82575062167336,285.6119738650845,276.6541425566326,280.8085021972656,39267900,GOOGL
2025-11-03,281.797163766903,285.14262497278366,279.42038779718166,283.3350830078125,29786000,GOOGL
2025-11-04,276.374515458966,280.88837191256465,275.8851900258856,277.1634521484375,30078400,GOOGL
2025-11-05,278.49163374098424,286.0314084420774,276.96371081227676,283.92425537109375,31010300,GOOGL
2025-11-06,284.9428776795432,287.9587999323025,280.7585903155872,284.3636779785156,37173600,GOOGL
2025-11-07,282.8257840870045,283.3950181298404,274.8166751233446,278.45172119140625,34479600,GOOGL
2025-11-10,284.03413439651047,290.40545290698407,282.47622284552773,289.7064208984375,29557300,GOOGL
2025-11-11,287.35962699643375,291.52398321941854,286.9302176656824,290.914794921875,19842100,GOOGL
2025-11-12,291.2842728658537,291.613842224268,283.30512258449664,286.3210144042969,24829900,GOOGL
2025-11-13,281.9569519907634,282.45627365196606,276.8638649512614,278.19207763671875,29494000,GOOGL
2025-11-14,271.04178706348836,278.1820807042813,270.3327588398133,276.0350036621094,31647200,GOOGL
2025-11-17,285.392279437324,293.55120856159544,283.1852862901624,284.63330078125,52670200,GOOGL
2025-11-18,287.52939388700526,288.4081743957296,277.8225797399186,283.8943176269531,49158700,GOOGL
2025-11-19,286.77042153983126,303.39782684502376,286.2411417953812,292.4127502441406,68198900,GOOGL
2025-11-20,304.1268355762142,306.0042898345543,288.2783714658303,289.05731201171875,62025200,GOOGL
2025-11-21,296.0178842040454,303.50770955644725,293.4513634023398,299.25347900390625,74137700,GOOGL
2025-11-24,310.70789188393536,319.0465694557707,309.17996886834777,318.14776611328125,85165100,GOOGL
2025-11-25,325.767421144808,328.3838617048627,317.2190369667809,323.0011901855469,88632100,GOOGL
2025-11-26,320.2449508538883,324.0597758686898,316.36024396458464,319.5159606933594,51373400,GOOGL
2025-11-28,322.9313108653273,326.40660086319315,316.36025071335513,319.7456359863281,26018600,GOOGL
2025-12-01,317.2690150587685,319.41609223758667,313.464186206563,314.46282958984375,41183000,GOOGL
2025-12-02,316.3102616947243,317.948051296999,313.4841146313127,315.38153076171875,35854700,GOOGL
2025-12-03,315.4614340573081,321.1436861691208,313.6738540884245,319.19635009765625,41838300,GOOGL
2025-12-04,321.7928484740126,321.92264650582644,314.27306548179905,317.1890869140625,31240900,GOOGL
2025-12-05,319.05652267664885,322.72155681925386,318.73697999805336,320.8341064453125,28851700,GOOGL
2025-12-08,319.82486263347363,320.21460294317257,311.0010871288888,313.49932861328125,33909400,GOOGL
2025-12-09,312.15025542764414,317.7662971049956,311.6805848338384,316.85693359375,30194000,GOOGL
2025-12-10,315.6078174223929,321.0839735202244,314.45863248382005,319.9847412109375,33428900,GOOGL
2025-12-11,319.85481737290655,320.8940942947929,308.3829128168011,312.210205078125,42353700,GOOGL
2025-12-12,313.47935032153816,314.6485102459599,305.34506149685063,309.07244873046875,35940200,GOOGL
2025-12-15,311.1009991314403,311.2009348824072,304.66552711937686,308.003173828125,29151900,GOOGL
2025-12-16,304.7354841263937,310.5513666605185,302.37712849550337,306.3543395996094,30585000,GOOGL
2025-12-17,307.7933270972379,307.87325739956634,295.9116769824828,296.5112609863281,43930400,GOOGL
2025-12-18,301.50775321966603,303.7461677101471,299.0195145942255,302.2472229003906,33518000,GOOGL
2025-12-19,301.5177661333593,307.03387224107576,300.7582909786616,306.9439392089844,59943200,GOOGL
2025-12-22,309.66200850448513,309.9118326328777,305.0852133945127,309.56207275390625,26429900,GOOGL
2025-12-23,309.41219480947996,314.7184570357758,309.1024153195162,314.1288757324219,25478700,GOOGL
2025-12-24,314.5485634057752,314.8583428959372,311.70059264113144,313.8690490722656,10097400,GOOGL
2025-12-26,314.25877806497726,314.86833429915043,312.0603135401851,313.2894592285156,10899000,GOOGL
2025-12-29,311.15095467052413,313.79908436732376,310.4014822754237,313.33941650390625,19621800,GOOGL
2025-12-30,312.28018544302313,316.72706748217655,312.24020504037514,313.6292419433594,17380900,GOOGL
2025-12-31,312.62992729269524,314.3586907819443,311.22091551782626,312.7798156738281,16377700,GOOGL
2026-01-02,316.67708324131615,322.2731502440002,310.11169732658084,314.9283142089844,32009400,GOOGL
2026-01-05,317.4365596004392,318.79558832967825,314.4086921415047,316.3173522949219,30195600,GOOGL
2026-01-06,316.17741436833177,320.71422913013345,311.5606693028291,314.1188659667969,31212100,GOOGL
2026-01-07,314.13884430323384,325.9205589972494,313.96898096999803,321.7535095214844,35104400,GOOGL
2026-01-08,328.7385750407063,330.0876314322289,321.2738288701313,325.2110595703125,31896100,GOOGL
2026-01-09,326.8598973489763,330.5972566011106,325.5707962902668,328.3388671875,26214200,GOOGL
2026-01-12,325.57079145505844,333.80501545240315,324.77136644379436,331.62652587890625,33923900,GOOGL
2026-01-13,334.7144015630273,340.25048265726696,333.38532003422745,335.7336730957031,33517600,GOOGL
2026-01-14,334.8243096530742,336.2832741209541,330.2475447349911,335.603759765625,28525600,GOOGL
2026-01-15,337.4124676651339,337.4524480652932,330.507324974913,332.5458984375,28442400,GOOGL
2026-01-16,334.1747541117482,334.4145755186536,327.46948297740045,329.7678527832031,40341600,GOOGL
2026-01-20,320.6442885211675,327.49947891315526,320.20459558658575,321.77349853515625,35361000,GOOGL
2026-01-21,320.6942733516965,332.24613943011235,319.12537039479025,328.1490173339844,35386600,GOOGL
2026-01-22,334.2147483456718,334.9142376434696,328.5187457270175,330.3074951171875,26253600,GOOGL
2026-01-23,332.25610013077164,333.45526818914374,327.21966747627397,327.6993103027344,27280000,GOOGL
2026-01-26,327.5793954045391,335.60374537803585,326.7699676491338,333.02557373046875,26042100,GOOGL
2026-01-27,335.1340666902067,337.6722883721735,333.2454121385867,334.31463623046875,21636200,GOOGL
2026-01-28,335.82360375323316,337.30257365930305,331.7065067534381,335.7736511230469,27434400,GOOGL
2026-01-29,340.06060015063264,342.0492210013424,326.3103005061971,338.0120544433594,39785600,GOOGL
2026-01-30,339.76083067041884,339.76083067041884,332.0562627255977,337.7622375488281,31024000,GOOGL
2026-02-02,335.983495554882,344.5874244246442,335.3939142353609,343.4482421875,32006100,GOOGL
2026-02-03,347.09564553860224,348.7544814019383,337.2325938809106,339.47100830078125,36506700,GOOGL
2026-02-04,342.7187296036167,343.0684894885568,328.2888852617291,332.80572509765625,70618400,GOOGL
2026-02-05,312.0003564748562,332.45595718246585,306.24439883874277,331.0169677734375,88205800,GOOGL
2026-02-06,326.94984200428365,330.147603202773,319.694969697787,322.63287353515625,56380500,GOOGL
2026-02-09,320.70422803551696,327.4694850607409,317.03682684844796,324.09185791015625,39640100,GOOGL
2026-02-10,320.7441987510988,321.4437184993816,314.38865715458337,318.3558654785156,39170000,GOOGL
2026-02-11,318.7456164455411,320.8341425405983,309.44216816023624,310.7412414550781,45406400,GOOGL
2026-02-12,311.87044586439265,316.0175203045161,306.9839017615506,308.7826232910156,47761300,GOOGL
2026-02-13,307.5135396808651,308.41290048065196,303.4963480144474,305.50494384765625,38499700,GOOGL
2026-02-17,299.82893803190484,304.22583664461854,296.04159566157676,301.8075256347656,39247600,GOOGL
2026-02-18,301.87748970860525,305.1651838815364,301.0380842700908,303.1166076660156,28482100,GOOGL
2026-02-19,301.6076886754516,305.25511494304027,299.828942056139,302.636962890625,25834400,GOOGL
2026-02-20,304.1059184917761,316.2773425544253,303.68620054308417,314.7584228515625,53210800,GOOGL
2026-02-23,318.82555353627805,319.29522413676915,309.65201848441603,311.2708740234375,31423000,GOOGL
2026-02-24,310.3015673465962,312.05033638585,305.71479964031533,310.6813049316406,25615600,GOOGL
2026-02-25,311.84046520002283,313.4193707572093,309.22231323387047,312.67987060546875,29963600,GOOGL
2026-02-26,312.42009761480955,312.9197459051382,302.1373272609355,307.1637878417969,36431200,GOOGL
2026-02-27,303.92607541564644,312.1502667227519,303.5862877430576,311.54071044921875,44640600,GOOGL
2026-03-02,303.0166882830762,308.27296712894787,301.088022863519,306.3043518066406,34790200,GOOGL
2026-03-03,298.37994467731505,303.72618716624237,296.5012623376298,303.3664245605469,35497000,GOOGL
2026-03-04,302.6769571429086,305.2551289128473,300.5384478137644,302.9167785644531,29536200,GOOGL
2026-03-05,302.82681905445145,303.08661540637286,297.78035344585857,300.6683349609375,35752300,GOOGL
2026-03-06,295.88171424137005,300.31859339921897,294.97235071392555,298.30999755859375,25576900,GOOGL
2026-03-09,294.3599853515625,306.79998779296875,294.0799865722656,306.3599853515625,29312100,GOOGL
2026-03-10,306.1700134277344,309.510009765625,305.57000732421875,307.0400085449219,23239700,GOOGL
2026-03-11,306.75,311.4200134277344,305.9200134277344,308.70001220703125,24125700,GOOGL
2026-03-12,306.82000732421875,308.94000244140625,301.0299987792969,303.54998779296875,24928300,GOOGL
2026-03-13,307.010009765625,307.69000244140625,300.44000244140625,302.2799987792969,23693100,GOOGL
2026-03-16,304.3500061035156,306.489990234375,303.0199890136719,305.55999755859375,23519700,GOOGL
2026-03-17,305.8599853515625,311.4200134277344,305.5,310.9200134277344,21955200,GOOGL
2026-03-18,309.2699890136719,312.4700012207031,306.92999267578125,307.69000244140625,20009800,GOOGL
2026-03-19,304.010009765625,308.05999755859375,302.3500061035156,307.1300048828125,25075800,GOOGL
2026-03-20,305.4599914550781,306.0,298.2699890136719,301.0,44364100,GOOGL
2026-03-23,302.1099853515625,305.9800109863281,300.92999267578125,302.05999755859375,29326900,GOOGL
2026-03-24,299.20001220703125,299.9200134277344,290.3299865722656,290.44000244140625,36864300,GOOGL
2026-03-25,293.44000244140625,296.0,289.239990234375,290.92999267578125,29460700,GOOGL
2026-03-26,287.9100036621094,287.95001220703125,278.5,280.9200134277344,39080600,GOOGL
2026-03-27,277.2799987792969,279.3699951171875,273.95001220703125,274.3399963378906,35890600,GOOGL
2026-03-30,276.4200134277344,277.0899963378906,272.1099853515625,273.5,35141200,GOOGL
2026-03-31,278.0400085449219,288.0799865722656,277.0899963378906,287.55999755859375,43875400,GOOGL
2026-04-01,290.8399963378906,300.5199890136719,290.4100036621094,297.3900146484375,37684500,GOOGL
2026-04-02,290.69000244140625,298.0799865722656,289.45001220703125,295.7699890136719,21666500,GOOGL
2026-04-06,295.8699951171875,300.6199951171875,295.17999267578125,299.989990234375,16945500,GOOGL
2026-04-07,302.7300109863281,305.6300048828125,297.7200012207031,305.4599914550781,23205400,GOOGL
2026-04-08,320.45001220703125,322.0799865722656,315.0199890136719,317.32000732421875,33547100,GOOGL
2026-04-09,315.9100036621094,319.5400085449219,311.05999755859375,318.489990234375,23739200,GOOGL
2026-04-10,320.0199890136719,321.8299865722656,316.32000732421875,317.239990234375,19152600,GOOGL
2026-04-13,317.1400146484375,321.6300048828125,315.4700012207031,321.30999755859375,18866400,GOOGL
2026-04-14,324.7900085449219,333.2900085449219,323.75,332.9100036621094,27721400,GOOGL
2026-04-15,332.8900146484375,337.4800109863281,330.8999938964844,337.1199951171875,24918800,GOOGL
2026-04-16,338.75,339.8800048828125,334.5199890136719,336.0199890136719,20541500,GOOGL
2026-04-17,337.6499938964844,342.32000732421875,336.239990234375,341.67999267578125,25581900,GOOGL
2026-04-20,340.760009765625,341.3999938964844,336.6099853515625,337.4200134277344,18784200,GOOGL
2026-04-21,337.69000244140625,339.3399963378906,331.3500061035156,332.2900085449219,23123800,GOOGL
2026-04-22,337.0199890136719,339.82000732421875,335.1700134277344,339.32000732421875,20293000,GOOGL
2026-04-23,341.17999267578125,341.9599914550781,336.17999267578125,338.8900146484375,18650300,GOOGL
2026-04-24,338.7300109863281,345.2699890136719,335.3900146484375,344.3999938964844,26426100,GOOGL
2026-04-27,345.9800109863281,353.17999267578125,342.7300109863281,350.3399963378906,28576900,GOOGL
2026-04-28,348.54998779296875,352.4200134277344,346.1199951171875,349.7799987792969,27824100,GOOGL
2026-04-29,347.57000732421875,355.7900085449219,344.2099914550781,349.94000244140625,35376300,GOOGL
2026-04-30,374.07000732421875,385.8399963378906,365.82000732421875,384.79998779296875,72040000,GOOGL
2026-05-01,381.6300048828125,386.760009765625,379.04998779296875,385.69000244140625,30105200,GOOGL
2026-05-04,385.6300048828125,387.3800048828125,379.7900085449219,383.25,26298600,GOOGL
2026-05-05,386.2300109863281,392.82000732421875,384.0199890136719,388.42999267578125,23878600,GOOGL
2026-05-06,394.25,399.8500061035156,392.760009765625,398.0400085449219,31308500,GOOGL
2026-05-07,399.9200134277344,400.1000061035156,392.67999267578125,397.989990234375,24433500,GOOGL
2026-05-08,397.0,402.0,396.3599853515625,400.79998779296875,21461800,GOOGL
2026-05-11,393.6499938964844,397.44000244140625,388.4700012207031,388.6400146484375,30753700,GOOGL
2026-05-12,387.3399963378906,388.5199890136719,382.7699890136719,387.3500061035156,26017500,GOOGL
2026-05-13,385.6000061035156,403.70001220703125,385.0,402.6199951171875,28144600,GOOGL
2026-05-14,397.2799987792969,402.92999267578125,395.8399963378906,401.07000732421875,21136700,GOOGL
2026-05-15,396.32000732421875,399.5400085449219,393.17999267578125,396.7799987792969,20309700,GOOGL
2026-05-18,395.69000244140625,408.6099853515625,394.5299987792969,396.94000244140625,26837200,GOOGL
2026-05-19,396.9599914550781,397.1499938964844,386.1099853515625,387.6600036621094,39545700,GOOGL
2026-05-20,387.70001220703125,393.8599853515625,382.8999938964844,388.9100036621094,31744400,GOOGL
2026-05-21,385.70001220703125,392.5,383.0199890136719,387.6600036621094,24852800,GOOGL
2026-05-22,387.3500061035156,388.739990234375,381.7699890136719,382.9700012207031,20401900,GOOGL
