date,open,high,low,close,volume,ticker
2016-05-25,117.21019030256372,117.74598655706407,116.46603009964473,116.97206115722656,20019800,META
2016-05-26,117.3193307493441,118.82749961946467,117.00182270879063,118.53975677490234,18481300,META
2016-05-27,118.62906110039876,118.91680396615455,118.08334813706001,118.4504623413086,13493600,META
2016-05-31,118.52984334946235,119.16485948858971,117.20028067378614,117.88490295410156,23547600,META
2016-06-01,117.57732206450724,118.15280782052345,116.90261645365815,117.85514068603516,15029500,META
2016-06-02,117.76584574761952,118.51000601802072,117.2995041003031,118.00397491455078,13228300,META
2016-06-03,118.05357744224473,118.05357744224473,116.94229548520448,117.54754638671875,14135100,META
2016-06-06,117.69639201583605,118.50008269178208,117.4384143338079,117.86506652832031,12744700,META
2016-06-07,118.31154281397929,118.37108077519133,116.75376782706302,116.84307098388672,17103000,META
2016-06-08,116.84307072022061,117.67652647542126,116.35688062636488,117.4681625366211,14505600,META
2016-06-09,117.2101886737683,117.75590917632097,116.79346078272204,117.6368408203125,13859200,META
2016-06-10,116.62478690035438,117.19034834687773,115.35475470956433,115.71195220947266,18510800,META
2016-06-13,114.10456381756032,114.58082967559399,112.4277204138449,113.06273651123047,31718200,META
2016-06-14,113.18179259492065,114.0549377416456,112.69561010401604,114.0450210571289,17618500,META
2016-06-15,114.40224917902974,114.5411584993728,113.18182292745546,113.70769500732422,19819400,META
2016-06-16,112.98338080154853,113.60847272979991,112.06062172461169,113.49932861328125,19236300,META
2016-06-17,113.52908476400712,113.53900902016952,111.68356675725173,112.13998413085938,24644300,META
2016-06-20,112.88414595270305,113.82675348159424,111.87209133967171,112.48726654052734,20785400,META
2016-06-21,113.231425041676,114.31293429210635,113.08259147941776,113.48939514160156,19166300,META
2016-06-22,113.75729198260645,113.84658757397614,112.72538891906295,113.02305603027344,14846300,META
2016-06-23,113.47948152578228,114.19386901796958,112.65594235299555,114.18395233154297,16176900,META
2016-06-24,110.14563762269253,112.79484620850086,110.13571336675618,111.20730590820312,40643100,META
2016-06-27,110.70127493259353,110.70127493259353,107.38728502593372,108.12152099609375,36130400,META
2016-06-28,109.7685897340645,111.87208532750277,109.68921839788862,111.82247161865234,26813800,META
2016-06-29,112.48725328958129,113.36039849149712,112.1598210001171,113.27110290527344,20968300,META
2016-06-30,113.7771375841522,114.28316866594061,112.78492393279657,113.39017486572266,23192700,META
2016-07-01,113.31079711835174,114.23355612637114,112.9238343959555,113.3008804321289,14980000,META
2016-07-05,113.05282853993931,113.31079864501953,112.09038006409278,113.31079864501953,14207000,META
2016-07-06,112.47733851561046,115.88063159391584,112.09037580271186,115.79132843017578,24337600,META
2016-07-07,115.7218777226838,116.05923430721589,114.46176969131845,114.94795227050781,16630200,META
2016-07-08,115.52344249643667,116.58511086277039,114.9479567281463,116.32713317871094,18142600,META
2016-07-11,116.7934592960603,117.77574861816265,116.58509535318944,116.95221710205078,17711600,META
2016-07-12,117.70630342902031,117.79560659456325,116.65455937477974,117.01175689697266,15217700,META
2016-07-13,117.46816917528216,117.47809343102075,115.77148480346032,115.8707046508789,16207700,META
2016-07-14,116.58509581625707,116.72400511205605,115.79132192312956,116.3767318725586,14579700,META
2016-07-15,116.82323379347616,117.35903007637006,115.67226988836256,115.95008850097656,16646000,META
2016-07-18,116.40649565385152,118.67866563607161,115.97984351622961,118.44053649902344,20868400,META
2016-07-19,118.06350194471125,119.90901996824144,117.73607718827036,119.67089080810547,21541300,META
2016-07-20,120.30589894193463,121.24849883348408,119.62126913586857,120.9706802368164,20046500,META
2016-07-21,120.97068828758498,121.14928705018434,119.31369328290675,119.67089080810547,17801700,META
2016-07-22,118.96641261906706,120.06777032497166,118.38100265638425,120.05784606933594,18422400,META
2016-07-25,120.44481609165388,120.9012334687872,116.86292415829227,120.68294525146484,18487400,META
2016-07-26,121.05006373143725,121.11951838323769,119.80979668500859,120.27613830566406,17612000,META
2016-07-27,121.46680385075278,124.02671710867341,120.56389328659647,122.379638671875,52654200,META
2016-07-28,126.52707788014226,127.33077606240288,122.66736749208904,124.02670288085938,78955800,META
2016-07-29,123.6794310995015,124.86016017739414,122.74674786033498,122.97496032714844,35058800,META
2016-08-01,122.88564657948214,123.60996580134085,121.90335728517064,123.3420639038086,25006900,META
2016-08-02,123.09403269500874,123.82827630425112,121.11952949553745,122.13158416748047,23968400,META
2016-08-03,122.13156944838727,122.95510856031865,121.35764404488127,121.55609130859375,18525300,META
2016-08-04,121.98275905710501,123.81835295366672,121.55610684806722,123.3917007446289,21066000,META
2016-08-05,124.0068626093429,124.86015936538449,123.64966509751655,124.175537109375,20184000,META
2016-08-08,124.27474371392658,124.47318339046443,123.5801972760557,124.28466796875,15233900,META
2016-08-09,124.36406130008176,125.10822157373947,123.56037062692816,124.08624267578125,19621000,META
2016-08-10,124.09615392570754,124.50296513293051,123.57028193197166,123.90763092041016,10670100,META
2016-08-11,124.2251497965935,124.40374856192045,123.77865666827094,123.927490234375,11729500,META
2016-08-12,123.72903217065185,124.02669927691203,123.21308443245505,123.90763092041016,12159000,META
2016-08-15,123.93739473538061,123.94731142021445,122.73680971150465,122.93525695800781,19295100,META
2016-08-16,122.53838262903855,122.95511053454233,121.82398760818111,122.3399429321289,14222400,META
2016-08-17,122.6971405624216,123.41152801398773,121.89344237817724,123.401611328125,13794200,META
2016-08-18,123.04441791093475,123.29247132556127,122.6772961320913,122.94519805908203,12400800,META
2016-08-19,122.63758983991484,123.19323455998425,122.32008181558452,122.597900390625,11688300,META
2016-08-22,122.36970424829119,123.85802463787394,122.15141604662082,123.18331909179688,14386400,META
2016-08-23,123.5405206300953,124.11599877969114,123.28254296786938,123.401611328125,13309500,META
2016-08-24,123.50082877928679,123.71911698385676,122.13156915788929,122.51853942871094,12243700,META
2016-08-25,122.16133004402,123.4015969311913,122.1414815346318,122.92533111572266,10730800,META
2016-08-26,123.08410430014963,124.21522723707574,122.94519499701761,123.98701477050781,17504800,META
2016-08-29,123.38176766986851,125.74324103623479,123.38176766986851,125.55471801757812,15925900,META
2016-08-30,125.61424531365566,125.61424531365566,124.17553856360955,124.86016082763672,17804300,META
2016-08-31,124.6220375027442,125.23721271353268,124.12593065952468,125.13799285888672,14200600,META
2016-09-01,125.39595550609046,125.6440089129414,124.6220300879138,125.18759155273438,13536100,META
2016-09-02,125.86229711983339,125.87222137570421,125.01891705055368,125.52494812011719,12118800,META
2016-09-06,125.68370764869786,128.92825068912504,125.48526793655721,128.71987915039062,26278400,META
2016-09-07,129.02744143203958,130.95233811236915,128.93814584748253,130.0295867919922,27990800,META
2016-09-08,129.90059375034136,130.05935154900416,128.79923612458094,129.2556610107422,15676600,META
2016-09-09,128.70003732683477,128.9381589097769,126.1103515625,126.1103515625,27100700,META
2016-09-12,124.97924144750411,127.75743537007445,124.77087747106059,127.68798828125,21252800,META
2016-09-13,127.03310489340298,127.35062050983451,125.67377711800295,126.21949005126953,18016200,META
2016-09-14,125.9019935397644,127.7971253065271,125.9019935397644,126.77513885498047,15691100,META
2016-09-15,126.98350992756136,128.09479197287308,126.67591853957931,127.35063171386719,15077200,META
2016-09-16,127.20176640978808,128.17413139094592,127.20176640978808,128.06500244140625,24119200,META
2016-09-19,128.89846844040872,128.92823363629392,127.26130696683522,127.64826965332031,14958800,META
2016-09-20,127.64826812561354,128.16422341474453,127.03310056471183,127.63835144042969,11083800,META
2016-09-21,128.1245776468545,128.99771552843313,127.39033395690775,128.9282684326172,14068300,META
2016-09-22,129.4838818485516,129.71208674978027,128.5511985913838,129.06715393066406,15538300,META
2016-09-23,126.56675899798033,127.598669576377,126.30878892336986,126.9636459350586,28326300,META
2016-09-26,126.37825592341736,127.1621056190234,125.81269444304203,126.31871795654297,15064900,META
2016-09-27,126.61639562812042,128.00548880441056,126.43779685259881,127.68798828125,15637100,META
2016-09-28,128.20393676870705,128.46190687614944,127.40023096710026,128.22377014160156,12047600,META
2016-09-29,128.17415299072167,128.28329709863056,126.55685502440868,127.09264373779297,14532200,META
2016-09-30,127.03311113973648,127.58874835583497,126.45762541164058,127.27124786376953,18402900,META
2016-10-03,127.38040175815047,128.08486501841642,126.8049159858322,127.76736450195312,13156900,META
2016-10-04,128.16422910406263,128.27337320583962,126.55684791423616,127.19186401367188,14307500,META
2016-10-05,127.25137735304492,127.79709778879197,126.83464951301336,127.46966552734375,12386800,META
2016-10-06,127.42999564613153,128.05509510928036,127.08272994214381,127.73759460449219,11682700,META
2016-10-07,128.03527057837354,128.243642151779,127.33080721206127,127.98567199707031,12804400,META
2016-10-10,128.670254031361,129.68231615553734,128.19399573644552,129.2259063720703,15138700,META
2016-10-11,129.21597465565685,129.62278587081417,127.23154742852253,127.87649536132812,17537900,META
2016-10-12,128.00546899388598,128.6504169073338,127.45976363478572,128.045166015625,11073000,META
2016-10-13,127.2117154561599,127.25139733954859,125.76307690282871,126.82474517822266,17139300,META
2016-10-14,127.48953583871644,127.94594563395772,126.58661779424621,126.88427734375,13345300,META
2016-10-17,127.20178547100018,127.46968739268037,126.32864019401913,126.54692840576172,11351700,META
2016-10-18,127.6780529239048,128.3825313195313,127.0132715550633,127.56892395019531,13504000,META
2016-10-19,127.73759591744334,129.45412136217018,127.59868660642464,129.096923828125,16752300,META
2016-10-20,129.0572246673732,129.64262703259547,128.4916556725135,128.98776245117188,13167500,META
2016-10-21,128.76949388200418,131.10120215304482,128.6901149685241,131.0416717529297,19088800,META
2016-10-24,131.6866112527365,132.37124116856813,131.12104214314326,132.24224853515625,17470200,META
2016-10-25,132.46048781990083,132.46048781990083,131.19045588945482,131.25990295410156,13336800,META
2016-10-26,130.6150028184295,131.23017042975073,129.92045629919932,130.01966857910156,13084700,META
2016-10-27,130.71421655606977,130.7737469457756,128.26344791333202,128.68017578125,16741400,META
2016-10-28,129.4838885472607,131.93465761065627,128.91831946802498,130.26773071289062,24545500,META
2016-10-31,130.98210920637382,131.0912533057404,129.8609181564928,129.97006225585938,15669000,META
2016-11-01,130.38678493755995,130.91265690261247,127.64826587731068,128.4916534423828,22077800,META
2016-11-02,129.21596532745895,129.21596532745895,125.29672486479724,126.17979431152344,39640900,META
2016-11-03,121.050070699056,122.32010301650347,118.5695364634196,119.06564331054688,63766300,META
2016-11-04,118.65882016144747,120.980603909535,118.32147117283033,119.8097915649414,30545500,META
2016-11-07,121.87360389718934,122.25064235729438,120.40512437101032,121.19889831542969,23008900,META
2016-11-08,121.07982684920108,123.63973980584795,120.59364429495068,123.25277709960938,19460800,META
2016-11-09,120.55396687945934,122.84597814835105,119.57167741707575,122.22088623046875,31916000,META
2016-11-10,122.96503135026614,123.21308474945816,114.37245796865996,119.85940551757812,67846700,META
2016-11-11,118.59930044662131,119.76018864019483,117.23004828779023,118.09326934814453,32840100,META
2016-11-14,118.20241320130378,118.20241320130378,112.6658666094118,114.18395233154297,51377000,META
2016-11-15,115.82111097830035,117.56740167679484,114.92811711543958,116.28744506835938,34681400,META
2016-11-16,113.58862496396593,116.96214540651357,113.32072303224069,115.43413543701172,32397900,META
2016-11-17,115.90046822231163,116.87284088134766,115.10670188410843,116.87284088134766,18597800,META
2016-11-18,117.46816868390289,118.20240463571596,115.93023456038628,116.10883331298828,22879300,META
2016-11-21,117.2796437805873,121.00044475801697,116.88276439898598,120.82184600830078,35415400,META
2016-11-22,121.44695180378548,122.0224375353548,119.95863133454789,120.5241928100586,26089200,META
2016-11-23,120.28606391515999,120.36543525383269,119.0061074004441,119.89909362792969,15672100,META
2016-11-25,120.06776448492974,120.19674952196415,119.13508132025245,119.44266510009766,8658600,META
2016-11-28,119.18470738697725,120.74248252805876,118.88704026142457,119.47245025634766,18101300,META
2016-11-29,119.63118879956973,121.149274337369,119.46251431092286,119.9288558959961,18891000,META
2016-11-30,119.38314753569537,120.84170283035934,117.03159843103413,117.49794006347656,30188900,META
2016-12-01,117.45824044727466,117.52769509482208,113.11234770790382,114.20378112792969,43277000,META
2016-12-02,114.21372195644629,115.57305747853833,113.41003126535,114.50146484375,25070400,META
2016-12-05,115.04716837220249,116.65455719199392,114.17402309539628,116.5156478881836,20201500,META
2016-12-06,116.7736295976619,116.88277370729097,115.42421839678394,116.3965835571289,19131200,META
2016-12-07,116.08899341278253,117.0315933227539,115.66234125385051,117.0315933227539,21913700,META
2016-12-08,117.06136427589306,118.56952562247157,116.72400771429673,117.98412322998047,22442800,META
2016-12-09,118.29170582434912,119.00610082284368,118.02380391491917,118.74812316894531,17464700,META
2016-12-12,118.29170342005602,118.31154436072696,116.73392841277415,116.85298919677734,17805500,META
2016-12-13,116.94229445150398,120.5737922585003,116.6942410537314,119.37321472167969,29768000,META
2016-12-14,119.06563811688947,120.74248160943228,117.92459090427141,119.27400207519531,25913100,META
2016-12-15,119.14502771415319,121.5461831481184,118.69852698916606,119.63121032714844,20139600,META
2016-12-16,119.95862429216024,120.55395093090767,118.34131129907614,118.9366455078125,25324300,META
2016-12-19,118.91678955262356,119.42282057037616,117.5872270616517,118.31153869628906,15918100,META
2016-12-20,118.56953095590569,118.83742531011535,117.87498443018485,118.1627197265625,13684400,META
2016-12-21,117.99404504052846,118.27186365038676,117.55747618360371,118.11311340332031,10767600,META
2016-12-22,117.93451666056797,118.06350171163918,116.01954398702895,116.48588562011719,16258600,META
2016-12-23,116.08899347093742,116.64463067541033,115.39444696534628,116.35688781738281,10890000,META
2016-12-27,116.04929821202612,117.75590676323056,115.95007836904676,117.09112548828125,12051500,META
2016-12-28,117.26972084409567,117.32925123416487,115.7417110824149,116.00960540771484,12087400,META
2016-12-29,116.08899401956442,116.61486602913854,115.15631079051498,115.44405364990234,9934900,META
2016-12-30,115.69210130357968,115.92031375657066,113.87634864496275,114.1541748046875,18684100,META
2017-01-03,115.12654934930691,116.92245364512553,114.61060157873656,115.95008850097656,20663900,META
2017-01-04,116.63472324218203,118.72829475081765,116.3767455610733,117.7658462524414,19630900,META
2017-01-05,117.9345036049432,120.00822629869702,117.39870737751674,119.73040771484375,19492200,META
2017-01-06,120.03800960023972,122.91542310269915,119.09540209944325,122.44908905029297,28545300,META
2017-01-09,122.58800327941769,124.45336227395168,122.08197218265973,123.927490234375,22880400,META
2017-01-10,123.84811656320583,124.52282219743375,123.31232024455514,123.38177490234375,17324600,META
2017-01-11,123.38176570287588,125.13798810028358,123.09402283635175,125.10821533203125,18356500,META
2017-01-12,124.63196390750129,125.74324598066458,123.82827323002905,125.63410186767578,18653900,META
2017-01-13,126.49732571907386,128.26347250890186,126.37826491683127,127.34070587158203,24884300,META
2017-01-17,127.04302606055795,127.34069317646869,126.40801751526084,126.87435913085938,15294500,META
2017-01-18,127.41016324074563,127.42999661370976,125.85238048423831,126.9239730834961,13145900,META
2017-01-19,127.23155993379189,127.35063587430882,126.45763445034058,126.5568618774414,12195500,META
2017-01-20,127.10257098346555,127.4796018644898,125.79284173575864,126.05081939697266,19097200,META
2017-01-23,126.31872791148109,128.2436249756792,125.96153036204248,127.92610931396484,16593600,META
2017-01-24,128.37260272420227,128.88854290470783,127.38038910633698,128.3626708984375,15162700,META
2017-01-25,128.98776592775425,130.71422301441004,128.7595610426143,130.45623779296875,18731300,META
2017-01-26,130.60506952514285,132.10330647897013,130.41654653532834,131.74610900878906,20020100,META
2017-01-27,131.6468941571951,131.9147960703759,130.05936146940766,131.15078735351562,19539500,META
2017-01-30,130.5554783091399,130.5554783091399,128.59089945474207,129.96014404296875,18956100,META
2017-01-31,129.15644146996812,129.64263158050088,128.51150869107875,129.30528259277344,19790500,META
2017-02-01,131.22026176675092,132.4506122045974,129.66247899125221,132.192626953125,50139800,META
2017-02-02,132.18270131720746,134.43503050190992,129.38465160669884,129.82122802734375,54366400,META
2017-02-03,130.2181292902999,131.81559392654714,129.7418558213713,129.96014404296875,24804900,META
2017-02-06,129.9601456726916,131.03173828125,129.28544762655085,131.03173828125,17058500,META
2017-02-07,131.21030998499694,131.96438674457477,130.63482437638143,130.81341552734375,14596400,META
2017-02-08,131.56754224246103,133.39321181085015,131.40878441738906,133.1550750732422,22390600,META
2017-02-09,133.44281610365246,133.45273278952712,132.27199615137192,133.0955352783203,16470600,META
2017-02-10,133.05586126226453,133.88931712436874,132.6391181912331,133.14515686035156,15061900,META
2017-02-13,133.65115831892598,133.65115831892598,132.6589447974195,133.0062255859375,13526200,META
2017-02-14,133.05585370021,133.1848311767901,131.51791954731843,132.80780029296875,14364900,META
2017-02-15,132.4109329232835,132.6589863814163,131.6270906571758,132.40101623535156,13226500,META
2017-02-16,132.03390357924764,132.82766254300915,131.98428985901708,132.7978973388672,12831100,META
2017-02-17,132.46053021007145,133.0459326650452,132.13309786915912,132.49029541015625,12276500,META
2017-02-21,132.460529522881,132.8673407752355,131.8651952443144,132.67881774902344,14759100,META
2017-02-22,132.55975208659888,135.72490096959757,132.4208427786929,135.06011962890625,27360100,META
2017-02-23,134.83191757613395,135.06012248538184,133.2840666438798,134.30604553222656,18422500,META
2017-02-24,133.11538946779692,134.56401294616128,133.11538946779692,134.3854217529297,12625700,META
2017-02-27,134.20681507265033,136.11186349542285,133.96869348229066,135.34786987304688,14306700,META
2017-02-28,135.72488608951662,135.74473459989255,133.70077709051557,134.484619140625,16112100,META
2017-03-01,135.40737580115007,136.40950597276967,135.23870132513346,136.3499755859375,16257000,META
2017-03-02,136.02256170634786,136.74688855065958,135.2486362929553,135.69512939453125,12294800,META
2017-03-03,135.56615526261615,136.26070178664028,135.02043472946193,136.10194396972656,11160600,META
2017-03-06,135.81418696447165,136.75678674925908,135.44705767904608,136.3499755859375,12748200,META
2017-03-07,135.9630398387219,137.29260254101604,135.92335795297282,136.23094177246094,13527100,META
2017-03-08,136.08209027802155,136.9155612151054,135.98287800121076,136.6476593017578,10184500,META
2017-03-09,136.64766465954543,137.49105231538513,136.33014902535393,137.1636199951172,15535300,META
2017-03-10,137.8283807245867,138.40386637057384,137.14375098815415,137.7093048095703,16314100,META
2017-03-13,137.62996146672083,138.5923947743399,137.59026444250182,138.51303100585938,10955500,META
2017-03-14,138.3741082659313,138.3741082659313,137.44142510706516,138.23519897460938,12944000,META
2017-03-15,138.2054355855531,139.00914137672436,137.4116767606585,138.63209533691406,19344800,META
2017-03-16,139.1083502839701,139.1579639943168,138.64200865867323,138.89999389648438,13612900,META
2017-03-17,139.24728182950506,139.24728182950506,138.61226559958783,138.7511749267578,20592800,META
2017-03-20,138.6221674277703,139.0984257121451,138.16574251442682,138.85037231445312,12099500,META
2017-03-21,140.05094665167545,141.20191808648096,137.32235919190865,137.43150329589844,29894800,META
2017-03-22,136.8560041908404,138.70152195232967,136.52858705087826,138.50308227539062,17055400,META
2017-03-23,138.39392877961052,139.29684665931248,138.00696613687765,138.44354248046875,13022800,META
2017-03-24,138.98928333156874,139.92196654082906,138.67176771140433,139.24725341796875,16664700,META
2017-03-27,137.96730150477003,139.55483415082898,137.6894829132103,139.2274169921875,12800500,META
2017-03-28,139.2671111434532,140.84472724308128,138.91983030341876,140.6562042236328,14679400,META
2017-03-29,140.88441140907503,141.74763237725531,140.32875908774096,141.5392608642578,16527600,META
2017-03-30,141.29121563499652,141.83693616250096,140.74551024747063,141.3011474609375,12404000,META
2017-03-31,141.20192457087862,141.51944021160415,140.78519664741066,140.94395446777344,11478300,META
2017-04-03,140.82489928505834,141.3607032227462,139.7235564864382,141.17218017578125,13564000,META
2017-04-04,140.75541167079996,140.98361654301905,140.17000932294462,140.6264190673828,12948600,META
2017-04-05,141.15229470788648,142.32311457411467,140.1898463495385,140.74549865722656,17158100,META
2017-04-06,141.00348404548387,141.11262815385123,139.8128306796449,140.07080078125,15103400,META
2017-04-07,140.10055050685622,140.44783130602843,139.14803397537483,139.68382263183594,11818300,META
2017-04-10,139.90210584065233,140.32875038560164,139.53499168430275,139.94178771972656,9039400,META
2017-04-11,139.70368876934867,139.93189367589676,137.729178101447,138.83053588867188,16638100,META
2017-04-12,138.63210389700978,139.30680196782646,138.35428526314644,138.49319458007812,11612500,META
2017-04-13,138.5328465936704,139.48537823292045,138.24511133492533,138.3046417236328,10965600,META
2017-04-17,138.67175434160896,140.44782499821338,138.6618376569267,140.31883239746094,11519700,META
2017-04-18,140.16999523936576,140.8050112278073,139.51513074316733,139.86241149902344,14807500,META
2017-04-19,140.24938160076528,141.92620966614012,140.17000270548508,141.16221618652344,15563900,META
2017-04-20,141.8369406960421,143.12682149137788,141.57897059296656,142.68032836914062,15968200,META
2017-04-21,142.77953699167992,143.04743891414617,141.16223905081466,142.56124877929688,12382000,META
2017-04-24,143.83130252056097,144.5357657589211,143.216119740327,144.3373260498047,14407200,META
2017-04-25,144.6548340242199,146.004245311846,144.6548340242199,145.34939575195312,17767500,META
2017-04-26,145.94471055458024,146.44081740816708,144.95249684740656,145.41883850097656,12395000,META
2017-04-27,145.52797839781113,146.59957098730771,145.00210635944416,146.54995727539062,11275100,META
2017-04-28,148.33593318386997,150.35012558045273,147.90928860310584,149.08009338378906,30652200,META
2017-05-01,150.55850838570257,151.3820475521528,150.24099274274286,151.2729034423828,25218300,META
2017-05-02,152.14603026173106,152.24525767802965,150.47911867575667,151.59039306640625,21870400,META
2017-05-03,152.4040296719327,152.4040296719327,150.16161703070503,150.6180419921875,29782500,META
2017-05-04,149.00071716497357,150.34021160496565,147.56201044719066,149.67543029785156,36225500,META
2017-05-05,150.27074513607988,150.44935145501913,148.62366694353923,149.07017517089844,17148500,META
2017-05-08,149.53652337474267,149.9036375743651,148.57407493899555,149.8837890625,15827500,META
2017-05-09,150.310449295806,151.40187521234662,149.04041705184466,149.3083038330078,17453900,META
2017-05-10,149.06023584535976,149.3479862502897,147.70090814062277,149.11976623535156,12080700,META
2017-05-11,149.13962126700685,149.47697025169705,148.24663509812626,148.87171936035156,11841900,META
2017-05-12,149.22891668244637,149.28846221494993,148.4649231250615,149.1594696044922,9598200,META
2017-05-15,149.0007050789277,150.30050239038897,148.60382572000015,149.0205535888672,15064700,META
2017-05-16,148.9411865827128,149.04041400035698,147.86959406006446,148.61375427246094,14550800,META
2017-05-17,146.84761963954074,147.5124009657061,143.29549296930034,143.72215270996094,28300100,META
2017-05-18,143.59317360698944,146.9964594666478,143.3848020600809,146.51028442382812,23031600,META
2017-05-19,147.29412828457313,148.22681163276192,146.8079532362477,146.90716552734375,16187900,META
2017-05-22,146.92699657966912,147.43302008206632,146.54003386842925,147.08575439453125,12586700,META
2017-05-23,147.36356155358095,147.65129682318653,146.1034460984617,146.9170684814453,12817800,META
2017-05-24,147.35363378926792,149.06024236355427,147.26433820037542,148.87171936035156,17862400,META
2017-05-25,149.12973121651905,151.40189406624978,148.78245034438592,150.7768096923828,19891400,META
2017-05-26,151.04467736737098,151.06452587925847,149.97308482512463,150.94546508789062,14996200,META
2017-05-30,150.7866855389262,151.7094368189823,150.4592532698809,151.19349670410156,13226000,META
2017-05-31,151.511036039479,152.15598405859393,149.91357130225808,150.28070068359375,18023900,META
2017-06-01,150.56843166171063,151.10422040768012,149.12972479903456,150.3501434326172,14530600,META
2017-06-02,150.66763476011636,152.4337736812418,150.12191427550403,152.41392517089844,16854400,META
2017-06-05,152.4436782810765,153.50535397060784,152.21547342014009,152.4337615966797,12520400,META
2017-06-06,152.2154818814569,153.3168395097737,151.29271542206752,151.62014770507812,13457100,META
2017-06-07,152.07660603939684,152.55286440125994,151.15383937705798,151.92776489257812,12066700,META
2017-06-08,152.88025649091685,153.52518920399547,151.9078915090521,153.50535583496094,17799400,META
2017-06-09,153.5648922798733,154.37849950169897,145.46842624134283,148.43515014648438,35577700,META
2017-06-12,147.0162777936205,148.03825652437234,143.4343863235171,147.2841796875,33170200,META
2017-06-13,148.98087236543873,150.0028512060158,147.74060531231325,149.50674438476562,20483400,META
2017-06-14,150.082223669288,151.21334656756588,147.88944009191414,149.08009338378906,20808800,META
2017-06-15,146.5201710220902,148.87171225726075,145.23029039749053,148.6335906982422,18994200,META
2017-06-16,148.4252289651916,149.65557928103254,147.4429471896208,149.46705627441406,22882400,META
2017-06-19,150.5287312355979,152.3742491288356,150.5287312355979,151.6796875,19026500,META
2017-06-20,151.68964419016012,152.64216091959128,151.02486278899994,151.06454467773438,14743900,META
2017-06-21,151.1736595721178,152.88026811740903,150.6974012994716,152.7115936279297,15039800,META
2017-06-22,151.8185732520387,153.3465904305214,151.71936099186198,152.20553588867188,13005500,META
2017-06-23,151.53088621895427,153.99157209774845,151.4614239887559,153.8625946044922,18027000,META
2017-06-26,155.0333651278593,155.28141851206388,152.00711081256807,152.39407348632812,18049700,META
2017-06-27,151.6499291144433,152.11627073647367,149.2190087242717,149.40753173828125,19360800,META
2017-06-28,149.744886227169,152.2750341300132,148.6931421525699,152.0468292236328,16719100,META
2017-06-29,151.0942723238232,151.3125605075568,147.76043431950026,149.86392211914062,23973500,META
2017-06-30,150.71726293601108,150.7371114502539,148.89159326516076,149.80442810058594,17666000,META
2017-07-03,150.53866838474377,150.9653130216176,146.64919237844424,147.27427673339844,13862700,META
2017-07-05,147.83985548300453,149.67545706009463,146.97663432598492,149.16941833496094,14334300,META
2017-07-06,147.8695807275313,148.87171093947683,146.8476020058509,147.66122436523438,14951800,META
2017-07-07,148.08789851797098,150.8065695759969,148.02836811684298,150.26084899902344,13615900,META
2017-07-10,150.5089051176457,152.78106792781998,150.33029877109277,152.3048095703125,13378700,META
2017-07-11,152.1758199233443,154.20986116464601,151.71941007094284,154.06103515625,13667700,META
2017-07-12,155.2714966883509,157.92070492718253,154.9837462938096,157.6627197265625,22739400,META
2017-07-13,157.50400303098422,158.5358985836042,157.18648739019096,158.0199432373047,13929200,META
2017-07-14,158.8831688205445,159.0716918271875,158.08939491151096,158.7244110107422,16371200,META
2017-07-17,159.00223768671668,159.52810971092532,157.573447605856,158.4862823486328,12858800,META
2017-07-18,158.41682326948055,162.4551246533504,158.1786865607107,161.59190368652344,23722900,META
2017-07-19,162.31621797266106,164.4097892585536,161.89949008058483,162.8619384765625,26273600,META
2017-07-20,163.5168032766917,163.7152429674445,161.54229277475287,163.2489013671875,18523100,META
2017-07-21,162.8818019269268,163.7648714996967,162.4749906830719,163.14968872070312,14744000,META
2017-07-24,163.35804738715314,164.87613299221408,163.0306150805744,164.70745849609375,17367000,META
2017-07-25,163.72517058237779,164.25104261096718,162.58413092939605,163.99307250976562,15383200,META
2017-07-26,164.7173749911776,164.7173749911776,162.82225851344313,164.32049560546875,35236900,META
2017-07-27,173.3397089099924,174.1235661143731,166.19577418210062,169.11288452148438,68910700,META
2017-07-28,167.75356696975794,172.07960389514778,167.7337184578127,171.10723876953125,24557600,META
2017-07-31,170.66074694770126,171.3751419833318,167.23761290029253,167.93215942382812,25478900,META
2017-08-01,168.49774792077812,169.1426808085195,167.73373908669922,168.5374298095703,14385000,META
2017-08-02,168.97397934848246,169.2220327488355,165.6103758452944,167.9817657470703,17433800,META
2017-08-03,167.98177633663607,168.37865574622896,166.93994896148095,167.2772979736328,10793800,META
2017-08-04,167.65433782808302,168.73584704832263,167.3765192236174,168.2992706298828,10777700,META
2017-08-07,168.62669207685033,170.7202633012857,168.33895680504588,170.64088439941406,12787800,META
2017-08-08,170.5416764321214,171.70256451384145,169.29147762105526,169.896728515625,14393500,META
2017-08-09,168.6564537106198,170.11500882925546,168.23972583957777,169.84710693359375,10815000,META
2017-08-10,168.73583403728733,169.2617060080463,165.55083701740585,166.09654235839844,20832700,META
2017-08-11,166.64226288672253,167.5054989714028,165.55083706444998,166.77125549316406,13791200,META
2017-08-14,168.76559138590113,169.74788820597522,167.97181755412197,169.4204559326172,12954200,META
2017-08-15,170.15473876423775,170.164655451189,168.68625153652636,169.66854858398438,8729200,META
2017-08-16,169.91659770292395,170.04559032991529,167.92225359779619,168.67633056640625,15779900,META
2017-08-17,168.0214539550905,168.537409286443,165.55085168414874,165.61038208007812,17216000,META
2017-08-18,165.54092204012605,167.35667483979876,164.91583773464967,166.1064910888672,15093600,META
2017-08-21,165.85843468665865,166.69189050559177,164.52887205074464,166.47360229492188,11907500,META
2017-08-22,166.96969601373323,168.54731193437945,165.84848985051778,168.31910705566406,11391000,META
2017-08-23,167.5253397768761,168.0412950855644,166.89032368155895,167.3963623046875,9856500,META
2017-08-24,167.5650370793704,167.9718331476921,165.11426828397387,166.4339141845703,14030400,META
2017-08-25,166.5529655702026,167.06892085063052,164.8860389488113,165.02496337890625,12614500,META
2017-08-28,165.61037287638777,166.39421494586102,165.03488718108812,165.93780517578125,8553700,META
2017-08-29,163.9633147119512,167.11854702590475,163.71526128576068,166.74151611328125,11121000,META
2017-08-30,166.8605501235663,168.85489389955336,166.32476147060672,168.596923828125,11138300,META
2017-08-31,169.07318363869663,170.80955735915265,168.73583466374546,170.63096618652344,17226500,META
2017-09-01,171.05761864149633,171.5735739528636,169.97610945072762,170.6805877685547,11677600,META
2017-09-05,169.9364370914954,171.04771154135142,168.22982839208575,169.39071655273438,13210900,META
2017-09-06,169.5792106119036,171.13697791292637,168.24964817358324,170.75001525878906,13906300,META
2017-09-07,170.6012277327987,171.9605556708088,168.94423265376997,171.86134338378906,18049500,META
2017-09-08,171.7422327898989,172.13912727783313,169.47007051388508,169.618896484375,10998500,META
2017-09-11,171.0576084282421,172.5360120548607,170.85916874801916,172.15896606445312,12372000,META
2017-09-12,172.40702473644265,172.64516144399872,170.41268090808495,171.61326599121094,11186300,META
2017-09-13,171.6628786590847,171.82163647716328,170.7202787167088,171.70257568359375,9119300,META
2017-09-14,170.9187107942465,170.93855930561554,169.17242029322472,169.62884521484375,15615700,META
2017-09-15,169.54948139027258,170.99810490952214,168.9342986029388,170.30355834960938,15660500,META
2017-09-18,170.65082740560135,170.7302063126739,168.02145220625115,168.6862335205078,12954000,META
2017-09-19,169.2914667376593,171.21636339795242,169.0334966716318,171.1766815185547,13168600,META
2017-09-20,171.15686960581593,171.7025901890769,169.37088185149835,170.82943725585938,12264100,META
2017-09-21,170.3531498706669,170.9286355567635,168.68622320404614,169.7776641845703,11161400,META
2017-09-22,168.88469523921373,170.3928491151046,167.90239825664426,169.2121124267578,12097100,META
2017-09-25,167.92224859269697,167.9817789910787,160.30203966027116,161.60183715820312,41251600,META
2017-09-26,163.2191470429256,164.21136070276103,161.51253833681037,162.93141174316406,23363300,META
2017-09-27,164.60822024074238,167.02922370089658,164.2808030957009,166.37435913085938,19242500,META
2017-09-28,166.6323718249111,167.75357815490668,165.85844634720888,167.4162139892578,12178700,META
2017-09-29,167.51542640978323,170.32339275657026,167.49557789829257,169.53953552246094,15340400,META
2017-10-02,170.05550008742557,170.5317584092481,167.43605660743287,168.15045166015625,13392300,META
2017-10-03,167.98176259901135,169.40062075525117,167.8825351847385,168.63662719726562,8190300,META
2017-10-04,168.5076368648283,169.34109265206823,166.9796194482438,167.10861206054688,12127900,META
2017-10-05,167.86270433288422,169.9761243314083,167.2872337174915,169.90667724609375,14580600,META
2017-10-06,168.92436781629561,171.02785583359096,168.4282610091993,170.88894653320312,13124500,META
2017-10-09,171.35526950724585,173.51830282373274,170.6607230808424,171.15682983398438,14570400,META
2017-10-10,171.65296164929737,171.851401351532,169.47009464475872,170.25393676757812,11341100,META
2017-10-11,170.61113176247508,171.43467089753997,170.0654112344226,171.39498901367188,11283700,META
2017-10-12,171.26601233492536,172.49636280903846,170.9484966745168,171.20648193359375,10351000,META
2017-10-13,172.09945659097363,173.29010995699778,171.8514031755528,172.38720703125,13658300,META
2017-10-16,173.13136761379,173.6373911318389,172.7047078656484,173.1611328125,11498800,META
2017-10-17,173.34966115672137,174.75860278553705,173.00238030779676,174.73875427246094,15990100,META
2017-10-18,175.27451508171865,175.3638258063429,174.38152895529262,174.6593475341797,12752400,META
2017-10-19,173.56793514678944,174.65937627198252,171.28585575044315,173.20082092285156,14048400,META
2017-10-20,174.1334937840359,174.5105398119512,173.27027276220736,173.61753845214844,12602200,META
2017-10-23,173.83580855701294,173.97471784651603,169.91656811605412,169.93641662597656,13852700,META
2017-10-24,170.95841762385328,171.89110089198473,170.16464366331724,170.46231079101562,12267900,META
2017-10-25,170.56151783546116,170.90879866377375,167.5749602438914,169.2716522216797,15868200,META
2017-10-26,170.0455823662001,170.94848529291494,169.06328538968916,169.30142211914062,11833100,META
2017-10-27,172.79398193581943,176.8223816258191,172.54592855081827,176.4949493408203,30285300,META
2017-10-30,177.8642010145095,179.28307430760813,176.22705466245034,178.46945190429688,24353200,META
2017-10-31,179.16402815900284,179.39223306199798,177.5467150456508,178.65798950195312,20174200,META
2017-11-01,180.94006483853377,181.4758534976598,179.1640092333057,181.23773193359375,40918300,META
2017-11-02,179.22354738608752,180.52334477949736,175.95915616418623,177.52685546875,35529900,META
2017-11-03,177.89396965590234,178.4595386750075,175.33407189146445,177.52685546875,17822100,META
2017-11-06,177.16964075636093,179.0449236723112,176.9215873804946,178.76710510253906,13312700,META
2017-11-07,179.0945499753489,179.34260336866657,177.5665477341023,178.84649658203125,12928200,META
2017-11-08,178.3900701150357,178.94572242878405,177.71537215830753,178.161865234375,10494100,META
2017-11-09,176.92160323960988,178.00311242173828,175.7111014456757,177.90390014648438,12610300,META
2017-11-10,176.96132097435188,177.70548125575795,176.57435823361993,177.07046508789062,11070200,META
2017-11-13,176.11792093818718,177.6459232807927,175.91948123836522,177.37803649902344,9523400,META
2017-11-14,176.74303259733085,177.57648847820343,175.80041746303246,176.68350219726562,9585900,META
2017-11-15,175.284473612538,177.1796053886655,175.02648836428187,176.56442260742188,10253700,META
2017-11-16,177.3680808464356,178.42975656483048,177.11011078531914,178.19161987304688,15607600,META
2017-11-17,177.90391407726858,178.5786121057479,177.50701952524037,177.6062469482422,13018000,META
2017-11-20,177.4772135362686,178.10231284955785,176.71322008666576,177.34823608398438,10052400,META
2017-11-21,177.7550491205655,180.47371966268912,177.59630646100754,180.44395446777344,14504000,META
2017-11-22,179.8883296448857,180.31497422791827,179.03502533884242,179.461669921875,10376300,META
2017-11-24,178.99535322846938,181.72394102243985,178.88620911111136,181.35682678222656,9426300,META
2017-11-27,181.13851678393632,182.2994049072759,180.57296289101734,181.6048583984375,12344500,META
2017-11-28,182.08112781290637,182.8153713899124,180.67218619755369,180.99961853027344,14379700,META
2017-11-29,180.47374701666803,180.55312592846684,172.64518162776676,173.76638793945312,41933500,META
2017-11-30,175.47299784321822,176.89185615847498,173.8358361640995,175.8004150390625,25307600,META
2017-12-01,174.65935413940798,176.0980607930484,170.9980836306414,173.73660278320312,20182500,META
2017-12-04,174.91730288742076,175.19513658291086,169.46012889842788,170.1348419189453,24459400,META
2017-12-05,169.12282521232038,174.01444671505863,167.69403503594265,171.4842987060547,20184900,META
2017-12-06,171.1568395707224,175.39359572276817,170.56150537709414,174.68911743164062,20255800,META
2017-12-07,174.43116212929084,178.98541913434752,174.43116212929084,178.73736572265625,20404500,META
2017-12-08,180.1165463224017,180.86070657497814,177.34827684440816,177.6062469482422,19883800,META
2017-12-11,177.9038897495502,178.8167243844196,177.40778298234005,177.64590454101562,13168600,META
2017-12-12,177.2093524778285,177.7848230344054,175.22492530625138,175.58212280273438,16854100,META
2017-12-13,175.91949890773793,177.7650170674055,175.8698851928046,176.91171264648438,14615700,META
2017-12-14,176.90174915039708,178.95563848910353,176.29649827251512,177.0009765625,13591000,META
2017-12-15,177.62611262961497,179.08466807684246,176.9712479104556,178.77706909179688,28463100,META
2017-12-18,179.6005714578849,179.88832186933345,178.35038781980418,179.4120635986328,17265400,META
2017-12-19,178.54885061623332,178.67784324081975,176.83232517049,178.11227416992188,14920600,META
2017-12-20,178.4099311736932,178.4099311736932,175.97901079748212,176.5048828125,11860500,META
2017-12-21,176.5544884488452,177.28871681511848,175.67141896023537,176.06829833984375,11600700,META
2017-12-22,175.7607058160693,176.14766849095147,174.85778786135185,175.8202362060547,8509500,META
2017-12-26,175.25470608718072,175.6218203017753,173.30996062450808,174.61968994140625,8897300,META
2017-12-27,175.1753386835656,177.05062204505234,174.88758822080902,176.23699951171875,9496100,META
2017-12-28,176.56440264722434,177.54669953688838,176.29650074277458,176.53463745117188,12220800,META
2017-12-29,176.61398525122135,177.45737269745595,175.0859832763672,175.0859832763672,10261500,META
2018-01-02,176.29651597117564,180.16615833200692,176.16753849046654,180.0074005126953,18151900,META
2018-01-03,180.4638469181846,183.34126082047706,179.91812631189305,183.23211669921875,16886600,META
2018-01-04,183.46029878370092,184.7601113895471,182.6665399715534,182.89474487304688,13880900,META
2018-01-05,184.1449274556417,185.4447249132327,183.49006281380875,185.39512634277344,13574500,META
2018-01-08,185.7423875707489,187.4291477052418,184.87916656179783,186.81398010253906,17994700,META
2018-01-09,187.23071996426356,187.32994738909062,185.64318714688596,186.4071807861328,12393100,META
2018-01-10,185.4843942762953,186.4269940741329,184.18459701254298,186.37738037109375,10529900,META
2018-01-11,186.93303715692767,186.93303715692767,185.9209901804445,186.30795288085938,9588600,META
2018-01-12,176.67357583817093,180.06694500672174,176.01871113722777,177.97337341308594,77551300,META
2018-01-16,180.0867613431806,180.33481473346046,176.65369576011722,177.0009765625,36183800,META
2018-01-17,177.8641955552792,177.92374108587103,174.43114515003586,176.21713256835938,27992400,META
2018-01-18,176.74302936926532,179.57082930057405,175.70120196721285,178.4000244140625,23304900,META
2018-01-19,179.44182620764286,180.94997989978438,178.76711312223028,179.87838745117188,26826500,META
2018-01-22,179.39221244341843,183.9464689935451,179.00524976543338,183.92662048339844,21059500,META
2018-01-23,184.60133314147055,188.0740805502164,184.1052263687926,187.87564086914062,25678800,META
2018-01-24,188.4114633473833,189.17547215366278,185.06770794402502,185.09747314453125,24334500,META
2018-01-25,186.48654424279474,187.1513255420997,185.14706495851576,186.02020263671875,17377700,META
2018-01-26,186.28811858327765,188.52059936523438,185.3554353008635,188.52059936523438,17759200,META
2018-01-29,187.28032692600374,187.36962252114174,184.1846251747221,184.53189086914062,20453200,META
2018-01-30,186.15913175823073,186.71476901442736,180.4241377153758,185.66302490234375,20858600,META
2018-01-31,186.90328646352634,188.3519251010696,183.77781942071672,185.434814453125,43275100,META
2018-02-01,186.7544568978059,193.7991799624837,186.42702457215398,191.58653259277344,54211300,META
2018-02-02,190.5446913486245,192.69780816421374,188.50073377361915,188.79840087890625,26677500,META
2018-02-05,185.47449787905256,189.12585213250935,179.20371522852162,179.84864807128906,33128200,META
2018-02-06,177.1796008165534,184.32353615197485,176.35606166063977,183.8671112060547,37758500,META
2018-02-07,182.7161589540397,183.63892562921532,178.54886416481003,178.77706909179688,27601900,META
2018-02-08,179.60058593395013,180.42412507381815,170.14479113447067,170.2440185546875,38478300,META
2018-02-09,173.3992597294425,175.5225964292041,165.87827811141383,174.73875427246094,39887600,META
2018-02-12,175.68134026451693,176.16753038630065,170.50198398257606,175.03640747070312,32092100,META
2018-02-13,174.25255726945196,174.59983810473963,171.75218975930463,171.80178833007812,21809400,META
2018-02-14,172.0994632161415,178.40994295297568,171.86134161775726,178.12220764160156,28929700,META
2018-02-15,179.0945502655238,179.0945502655238,175.46304494787478,178.5587615966797,20922100,META
2018-02-16,177.59633231075645,178.47940188173544,174.92727508499433,175.97901916503906,20645300,META
2018-02-20,174.40138953286248,176.5644079238638,173.74652492018245,174.63951110839844,21204900,META
2018-02-21,175.3340811424222,179.8585729740723,175.026482192657,176.5247344970703,23200800,META
2018-02-22,177.30857829510717,178.80683061366898,176.02862933326867,177.59632873535156,18464200,META
2018-02-23,178.49923497552544,181.96206616910862,178.11227224592568,181.8628387451172,19007300,META
2018-02-26,183.14281605809265,184.2144087264484,181.79340475053135,183.49008178710938,17599700,META
2018-02-27,183.0137976321534,183.26185103505412,180.04708862304688,180.04708862304688,15849800,META
2018-02-28,180.88055524348087,181.4560409894335,176.7529427387042,176.93154907226562,18783000,META
2018-03-01,177.6161408034602,178.71749844130207,173.05196759166571,174.57005310058594,23201600,META
2018-03-02,171.94069303537623,175.73095636374896,171.64304105878443,175.24476623535156,20025900,META
2018-03-05,174.82805154230758,179.73950634701885,174.5204677165954,178.99534606933594,16189300,META
2018-03-06,180.36460007336458,180.95993433251797,177.71539138609242,178.3801727294922,15086800,META
2018-03-07,177.34826861054702,182.38871563744618,176.68348729924048,182.27957153320312,19097300,META
2018-03-08,182.1307288731177,182.96418467670003,180.0371575384189,180.92022705078125,17225900,META
2018-03-09,182.4780056556335,184.0655383216074,181.7834591680213,183.7877197265625,18526300,META
2018-03-12,183.787722221815,184.65095835526108,182.78559192893863,183.32138061523438,15301200,META
2018-03-13,184.16478961517728,184.54183567447245,179.6998278645006,180.46383666992188,18067500,META
2018-03-14,181.17821283722608,182.81535925214953,180.4340526231739,182.75582885742188,16821700,META
2018-03-15,181.81322292448564,182.56729979935182,180.77139563133073,182.4283905029297,15614300,META
2018-03-16,183.05348466046652,183.88694041511232,181.98189220164593,183.6488037109375,24403400,META
2018-03-19,175.63171694646186,175.79047474978412,168.73583572691126,171.21636962890625,88140100,META
2018-03-20,166.16600031209563,168.8747389972793,160.68897741262293,166.8406982421875,129851800,META
2018-03-21,163.51681826044535,172.0498468645589,162.028497733451,168.07107543945312,106598800,META
2018-03-22,164.83642925955823,168.9441924357995,162.4451911539265,163.6060791015625,73743000,META
2018-03-23,164.15182111516467,165.302792529729,157.78181159245784,158.14892578125,53609700,META
2018-03-26,159.56781279665657,159.84563141849048,147.85968823372906,158.813720703125,126116600,META
2018-03-27,155.092925291321,161.58201154622896,149.57621938994916,151.03477478027344,79117000,META
2018-03-28,150.46921062559457,154.66628573055533,149.6258380137085,151.83847045898438,60029200,META
2018-03-29,153.94193631660485,160.16311992206482,152.93980601581222,158.54580688476562,59434300,META
2018-04-02,156.58122403800732,157.9604003209448,152.91003678716447,154.18006896972656,36796000,META
2018-04-03,155.33103133216443,156.1644870647501,149.63572021287504,154.8944549560547,42543900,META
2018-04-04,150.84623099352257,154.34874375774146,149.33806209635878,153.892333984375,49885600,META
2018-04-05,160.3020504449896,160.3119822720409,155.43027731660064,158.09933471679688,41449600,META
2018-04-06,156.50183937879345,160.1631098094975,155.58900472739475,155.97596740722656,41644800,META
2018-04-09,156.59118839974033,159.28007930589797,154.82503391579408,156.7003173828125,34915200,META
2018-04-10,156.70030377210585,164.68762715637567,155.78746897675782,163.75494384765625,57889300,META
2018-04-11,164.0724317181145,167.3368076058725,161.97886054135304,165.02496337890625,56144600,META
2018-04-12,165.67984040738878,166.14618206045978,161.83006152286035,162.59405517578125,38263000,META
2018-04-13,163.29849828261425,164.40977254853829,162.49480777672446,163.2389678955078,19990600,META
2018-04-16,164.42963932434435,164.48916971806412,162.1177798150317,163.54656982421875,18119400,META
2018-04-17,164.5387895663767,167.68410498509857,164.37011506455008,167.3467559814453,22743000,META
2018-04-18,165.58060678916027,166.8109419366492,164.4792491116637,165.0646514892578,20969600,META
2018-04-19,164.90590739701548,167.0193273393134,163.91369373621518,166.79112243652344,22235000,META
2018-04-20,166.48352774308782,167.1185438966459,164.5189488836393,164.98529052734375,19119400,META
2018-04-23,165.96759481985464,167.13839975380716,163.80456101613996,164.54872131347656,23088100,META
2018-04-24,164.14187487847073,164.8066712581551,156.95825870373514,158.4465789794922,35079900,META
2018-04-25,158.89307203422396,159.8059066532244,154.9738316693924,158.4465789794922,41083600,META
2018-04-26,171.8712565286882,174.89751131005175,169.4701012165842,172.80393981933594,77556900,META
2018-04-27,175.43330213263187,175.72105258444364,171.25609092787653,172.23837280273438,29804700,META
2018-04-30,172.43679173396586,174.3517718197897,170.37300080682832,170.66073608398438,20750500,META
2018-05-01,170.66075330814073,172.66502918502357,168.90453085176392,172.5062713623047,26025900,META
2018-05-02,172.89324513706825,176.69342559877245,172.8436314218019,174.69908142089844,30424500,META
2018-05-03,173.76639691815015,174.7486788299597,170.77982387482106,172.6650390625,24026100,META
2018-05-04,171.73233515528582,175.6019622170441,171.71248664369318,175.23484802246094,17677800,META
2018-05-07,175.96907622841505,178.10232926952438,175.7904699195907,176.58424377441406,18697200,META
2018-05-08,176.86207417364642,177.64591625593928,175.7309512754141,177.52685546875,15577200,META
2018-05-09,178.2710079481258,181.5849975945159,177.38793848810025,181.23773193359375,23282800,META
2018-05-10,181.7238999053574,184.6807070920529,181.07896717415252,184.0853729248047,21071400,META
2018-05-11,183.41069059451098,186.8536730085692,182.7458941572334,185.53402709960938,21207800,META
2018-05-14,186.2484128302155,186.39723880728243,184.75016067451406,185.18673706054688,15646700,META
2018-05-15,183.44044857486458,183.84724462976104,181.77352191439496,182.8848114013672,15429400,META
2018-05-16,182.26965115469898,182.8848339354226,181.23775558248477,181.77354431152344,16975500,META
2018-05-17,181.25758528011698,182.6268449843108,180.8011754720384,182.3291778564453,14840700,META
2018-05-18,182.06127407157805,182.75582054510755,181.18812128201085,181.257568359375,13130500,META
2018-05-21,182.33908709328264,183.85717260334886,181.7040710311633,183.05348205566406,13532900,META
2018-05-22,183.4900570596467,183.97624718272667,182.00173663305148,182.36886596679688,12731400,META
2018-05-23,181.0789686854369,185.45463397329314,180.76145308959406,185.4447021484375,16628100,META
2018-05-24,184.432685973266,185.345520753403,183.58929827880206,184.48228454589844,12354700,META
2018-05-25,184.57154334949473,184.87912708516876,183.01376102369375,183.4801025390625,10965100,META
2018-05-29,182.9046692065252,185.35543824844447,182.2795848728229,184.2937774658203,16398900,META
2018-05-30,185.08751875990046,186.53615728122801,183.80756987418877,186.20872497558594,13736900,META
2018-05-31,186.40716899560496,191.21941113572862,186.02020628722232,190.28672790527344,30782600,META
2018-06-01,191.56668800517716,193.0351599015415,190.57447440007027,192.47952270507812,17307200,META
2018-06-04,190.34627998441147,192.46961677947183,189.9791657459135,191.7750701904297,18939800,META
2018-06-05,192.78710949375522,193.48165600011896,191.12018273850393,191.4376983642578,15544300,META
2018-06-06,189.54255964412974,191.03088001937442,187.6375113806139,189.8501434326172,22558900,META
2018-06-07,189.26473300685893,189.48302119714756,185.31572735159747,186.71473693847656,21503200,META
2018-06-08,186.06984167088737,188.0046554381778,184.9784004996055,187.62762451171875,12677100,META
2018-06-11,187.33987521093732,191.10037379170612,187.32995852385693,190.04861450195312,12928900,META
2018-06-12,190.67368110301805,191.7750387780921,190.0684302159958,190.90188598632812,11562700,META
2018-06-13,191.23925175774292,192.98554221635234,190.41571266567786,190.9118194580078,15853800,META
2018-06-14,191.59643840204998,195.74388368383322,191.40791540924585,195.2775421142578,19120900,META
2018-06-15,194.26548193596187,195.53552919333194,193.12444242329656,194.3250274658203,21860900,META
2018-06-18,193.28320498693134,198.02598460408896,192.61842371690886,196.765869140625,16826000,META
2018-06-19,194.71200350025885,196.41861211385094,192.28106805347113,195.9522705078125,19994000,META
2018-06-20,197.54974105161622,201.96508870534092,197.26199061868914,200.42715454101562,28230900,META
2018-06-21,201.18121389572326,201.80631327685478,198.53200553470376,199.9310302734375,19045700,META
2018-06-22,199.59370371285382,200.66529628370577,197.75810238371335,200.169189453125,17420200,META
2018-06-25,198.4427254162537,198.4427254162537,191.6063741312629,194.82115173339844,25275100,META
2018-06-26,196.06142269730353,197.54974316775883,194.7020797057688,197.4505157470703,17897600,META
2018-06-27,197.62911458730136,199.186897340542,194.27544262589436,194.31512451171875,18734400,META
2018-06-28,193.66026000384585,195.8034451996165,191.75521154315393,194.70208740234375,18172400,META
2018-06-29,195.78361746262402,196.061436091557,192.4497787754484,192.80697631835938,15811600,META
2018-07-02,191.86432012117947,195.9125530279139,190.72328064936914,195.82325744628906,13961600,META
2018-07-03,193.03517577660398,193.87854832631626,191.0209832037896,191.22933959960938,13489500,META
2018-07-05,193.2236662188641,197.1032095733461,192.51918795849843,196.90476989746094,19684200,META
2018-07-06,196.90480280366523,202.05439425234724,196.16064253975117,201.6475830078125,19740100,META
2018-07-09,203.33435139602528,204.19758763195725,200.54623325118624,203.14584350585938,18149400,META
2018-07-10,202.90768615981906,203.3144973793578,200.68512219109925,201.9551544189453,13190100,META
2018-07-11,200.64545115601763,202.90769713042994,200.17910951620655,200.96295166015625,12927400,META
2018-07-12,201.8460219507513,205.46761097204154,201.60790035678934,205.30885314941406,15454700,META
2018-07-13,206.19190923545924,206.80707683293494,204.84249811133506,205.7057342529297,11486800,META
2018-07-16,205.884311198897,207.09481293858988,205.22944662365776,205.6164093017578,11078200,META
2018-07-17,203.3045560740338,208.82127628523605,203.24502568175086,208.3549346923828,15349900,META
2018-07-18,208.18626806435344,209.34715617765175,206.81700843021673,207.72984313964844,15334900,META
2018-07-19,207.14445499903923,208.3549569044322,206.14230948884872,206.46974182128906,11350400,META
2018-07-20,207.22383434395763,209.8531945554455,206.87655349792144,208.3053436279297,16163900,META
2018-07-23,208.94034418058064,209.97223967521748,207.17420516285148,209.2677764892578,16732000,META
2018-07-24,213.43506578153367,214.5165749601828,210.94461512299728,212.9984893798828,28468700,META
2018-07-25,214.04031852666162,216.91773190426417,212.60161183786033,215.80645751953125,58954200,META
2018-07-26,173.52824538070118,178.7274503791993,172.39712242049106,174.8875732421875,169803700,META
2018-07-27,178.46944804529903,178.52897843645357,171.65294573851048,173.52822875976562,60073700,META
2018-07-30,173.9350646590183,173.9350646590183,165.26311146957755,169.7280731201172,65280800,META
2018-07-31,169.34108974362823,172.88329948852726,168.67630846236798,171.23622131347656,40356500,META
2018-08-01,172.57572260076367,173.71677744654153,169.5693162830717,170.3134765625,34042100,META
2018-08-02,169.35097688104327,175.41340139773726,168.94418089093514,174.99667358398438,32400000,META
2018-08-03,176.3064411018564,177.4574125381873,174.77842364397407,176.39573669433594,24763400,META
2018-08-06,177.57644950272982,184.34333763121745,176.9910471772695,184.24412536621094,49716200,META
2018-08-07,185.04781029193342,186.83379754794726,182.28945808430265,182.37875366210938,33398600,META
2018-08-08,183.3114840314187,185.3951388910154,182.32918700218374,183.73812866210938,22205200,META
2018-08-09,184.40288664940078,185.11728158686878,181.05911682987022,181.66436767578125,19732100,META
2018-08-10,180.62258457815696,180.68213012080298,178.02298939521972,178.8564453125,21500400,META
2018-08-13,178.69768499971894,181.1881358188921,177.50701650387984,178.6480712890625,17423300,META
2018-08-14,179.30294966587329,180.57298202805478,177.2292114654541,179.6998291015625,19102000,META
2018-08-15,177.94357234222264,179.4616578447693,173.4190810295363,178.13209533691406,33020200,META
2018-08-16,179.0152007290008,179.09457964480998,172.65510703710513,173.33973693847656,31351800,META
2018-08-17,173.1412780789589,174.84788673024775,170.70042589258762,172.4467315673828,24893200,META
2018-08-20,172.68483197207198,173.21071905918097,169.57921399258726,171.15682983398438,21518000,META
2018-08-21,171.4644477087111,172.81385895130066,170.0555060662981,171.2759246826172,19578500,META
2018-08-22,170.86910572781093,172.88329806579355,170.78972682533163,172.2879638671875,16894100,META
2018-08-23,171.74224920357818,174.18310133272556,171.4842791167488,171.55372619628906,18053600,META
2018-08-24,172.34748502489225,173.45877446008356,171.57355969215686,173.2900848388672,14631600,META
2018-08-27,174.61970687564434,177.2788325127077,174.42125200961104,176.07826232910156,17921900,META
2018-08-28,176.71325787233374,176.8521671783252,174.46092863806334,174.8875732421875,15910700,META
2018-08-29,174.9272748049951,175.41344981858893,173.38934057306082,174.53038024902344,18494100,META
2018-08-30,174.53039380863376,178.39010471794867,174.33195408522036,176.25685119628906,24216500,META
2018-08-31,175.7706512346192,176.236992885708,173.6175493183057,174.36170959472656,18065200,META
2018-09-04,172.1490619892304,172.53602469300188,167.48566103250337,169.82728576660156,29809000,META
2018-09-05,168.17030702552182,169.79753690303795,165.37225709834064,165.87828063964844,31226700,META
2018-09-06,165.67982823051048,165.67982823051048,158.75418131005338,161.2644805908203,41514800,META
2018-09-07,159.06175376752574,163.34812362432544,158.91292778915525,161.77049255371094,24300600,META
2018-09-10,162.2368300747623,163.72515038109054,160.89735088305312,162.901611328125,20197700,META
2018-09-11,162.66352175344505,165.88821638456562,162.4452335210631,164.64794921875,20457100,META
2018-09-12,161.97886867287718,163.20921897566964,160.5401619944368,160.7386016845703,24078100,META
2018-09-13,160.7385927171434,162.04832185091652,159.60746989251075,160.10357666015625,25453800,META
2018-09-14,160.46080280145142,161.5720773146908,159.09154303336734,161.05613708496094,21770400,META
2018-09-17,160.65921337897242,160.7981226679349,158.52596033991068,159.32965087890625,21005300,META
2018-09-18,158.14894649228484,160.5004881976009,157.6329911112942,159.05186462402344,22465200,META
2018-09-19,158.8335669834127,162.16740553853603,158.23823272214887,161.7903594970703,19629000,META
2018-09-20,163.21915635129847,165.15397007032396,163.1893911510042,164.72732543945312,18936000,META
2018-09-21,165.342465367665,165.94771623876872,161.54228565433868,161.66134643554688,45994800,META
2018-09-24,159.77615464504572,164.4097903358473,159.6273286611783,164.12205505371094,19222800,META
2018-09-25,160.7286542143745,164.30061337256706,159.89518345148542,163.62591552734375,27622800,META
2018-09-26,163.02071000485904,167.98177838516528,162.93141440760854,165.6500701904297,25252200,META
2018-09-27,166.24541107589576,170.43255416690397,165.9080620461887,167.52536010742188,27266900,META
2018-09-28,167.01932048303863,167.47573026988258,161.29424365604567,163.17945861816406,34265600,META
2018-10-01,161.76058857142502,164.5884035023504,160.004366188851,161.17518615722656,26407700,META
2018-10-02,160.3218664632091,161.01641291690996,157.4345214128485,158.08938598632812,36031000,META
2018-10-03,158.75415077033261,162.38565560279812,158.28780924124672,161.16522216796875,23109500,META
2018-10-04,160.20282214580766,160.20282214580766,156.12482345003056,157.61314392089844,25739600,META
2018-10-05,157.9703470364549,159.64717544212786,154.98377416284492,156.10498046875,25744000,META
2018-10-08,154.32889706743453,157.10709818236126,153.18785748057903,156.0255889892578,24046000,META
2018-10-09,156.46217583453068,159.33958941767398,156.19427390479638,156.6705322265625,18844400,META
2018-10-10,155.598938148042,156.4621591026775,150.13183172874403,150.2012939453125,30610000,META
2018-10-11,148.96103111199872,153.60458344602512,147.99858271849723,152.1559600830078,35338900,META
2018-10-12,155.5096474775187,155.6684053015985,150.1219344051328,152.54293823242188,25293500,META
2018-10-15,152.12620629121187,154.35868703608568,151.36219753043872,152.32464599609375,15433500,META
2018-10-16,154.18999885088436,158.2183990840519,153.80303612370565,157.54368591308594,19180100,META
2018-10-17,158.3175897096505,159.24035617282968,156.72012530778295,158.17868041992188,17592000,META
2018-10-18,157.27575745410496,157.42459856405569,152.0864850546604,153.71371459960938,21675100,META
2018-10-19,154.64642929327104,156.12483317010177,152.35441804783434,152.85052490234375,19761300,META
2018-10-22,153.5549653323491,156.11487813789978,153.25731337587135,153.57481384277344,15424700,META
2018-10-23,150.04255072863256,153.56491224615945,149.67543651958738,153.1878662109375,19095000,META
2018-10-24,153.0787400243226,153.44585427634718,144.4663317229087,144.90289306640625,27744600,META
2018-10-25,146.57971387602666,151.0248417954003,145.8554021724594,149.77464294433594,22105700,META
2018-10-26,144.68459110750447,147.83982301609493,142.6803154421865,144.2380828857422,31303300,META
2018-10-29,147.34372015279192,147.67115245881772,137.94745611434155,140.98362731933594,31336800,META
2018-10-30,138.85036678416012,145.49819454953195,138.6519271019058,145.0814666748047,50528300,META
2018-10-31,153.79312110959418,155.1822142120117,147.8001571163338,150.6081085205078,60101300,META
2018-11-01,150.3402155113316,151.56063405371577,148.1871137216049,150.56842041015625,25640800,META
2018-11-02,150.61801257968224,152.9298718553426,147.80012986856786,149.17930603027344,24708700,META
2018-11-05,148.93129577061563,149.02059137802166,146.29200345853323,147.5223388671875,15971200,META
2018-11-06,148.1474225079038,149.79450085440686,146.8476250062586,148.77252197265625,16667100,META
2018-11-07,150.38984045971407,151.818615495626,148.6633831405149,150.3501434326172,21877400,META
2018-11-08,149.31823799405643,149.7647311096227,145.59743679770625,146.7186279296875,24145800,META
2018-11-09,145.60733917088652,146.60946941087013,142.94821411113884,143.83128356933594,17326900,META
2018-11-12,143.35502419195558,143.91066141464097,139.39610141033296,140.44784545898438,18542100,META
2018-11-13,140.8943580049284,143.75193856137153,140.51731192040302,141.05311584472656,15141700,META
2018-11-14,142.58109058978476,144.44645699339068,140.44783741628237,143.0970458984375,22068400,META
2018-11-15,141.22178085469093,143.7122318462648,139.73346027184235,142.72994995117188,30320300,META
2018-11-16,139.97155968303758,140.66610607512533,136.69725224608018,138.44354248046875,37250600,META
2018-11-19,136.53850750383592,136.67741679552446,130.18834682667722,130.52569580078125,44362700,META
2018-11-20,126.0409163440952,133.11540550101412,125.86231755936255,131.39886474609375,41939500,META
2018-11-21,133.353505366709,136.12178986346993,133.08561858829606,133.77024841308594,25469700,META
2018-11-23,132.60936379990008,133.45275155718303,130.23797350422296,130.70431518554688,11886100,META
2018-11-26,131.96438329342791,135.93323692631296,131.74609513242123,135.3180694580078,24263600,META
2018-11-27,134.69298214382596,135.5462863563767,132.6688732726465,133.94882202148438,20750300,META
2018-11-28,135.21887109551545,135.7248945919711,130.82337202047773,135.69512939453125,29847500,META
2018-11-29,134.86166988111822,138.8999864759306,134.60369979706752,137.6001739501953,24238700,META
2018-11-30,137.18344401041747,139.87234947165177,136.29045784512456,139.51515197753906,25732600,META
2018-12-03,141.8865563240647,142.56125435967442,139.66399222915538,139.99142456054688,24819200,META
2018-12-04,139.63421924516007,142.2735111219751,136.09202447573222,136.85601806640625,30307400,META
2018-12-06,132.77804184824052,138.61224798809107,132.62920071233876,138.5428009033203,28218100,META
2018-12-07,138.16572808420025,139.77310908857413,135.5958987861028,136.3499755859375,21195500,META
2018-12-10,138.51301816126053,141.9361518937463,137.9276006581578,140.74549865722656,26422200,META
2018-12-11,142.75969660179285,142.75969660179285,140.00134402452528,140.9737091064453,20300300,META
2018-12-12,141.96592120054922,146.04391963021334,141.40035219133628,143.37486267089844,23696900,META
2018-12-13,144.4365575485377,144.7143761771331,142.07508406549724,143.8809051513672,18148600,META
2018-12-14,142.22389843052554,144.87310701215983,141.40035929885983,142.93829345703125,21785800,META
2018-12-17,141.9659313000558,143.7916007881354,137.34221204308943,139.0984344482422,24334000,META
2018-12-18,139.98149939584815,144.79372637124868,138.74123237023278,142.54141235351562,24709100,META
2018-12-19,140.11048874837508,143.78167603070526,131.4683016535584,132.20254516601562,57404900,META
2018-12-20,129.68230877473562,134.5143990888896,128.98776231335148,132.3612823486328,40297900,META
2018-12-21,132.35137431268788,133.84961143015394,122.4590032991407,123.97708892822266,56901500,META
2018-12-24,122.14148530903034,128.72979018166438,122.06210640900123,123.09400939941406,22066000,META
2018-12-26,125.0189228099463,133.19476892664005,124.9097787003067,133.13522338867188,39723400,META
2018-12-27,131.4087587936948,133.93890625499435,128.6603231504807,133.47256469726562,31202500,META
2018-12-28,134.28619369164923,134.86167943373593,131.17064339137232,132.16285705566406,22627600,META
2018-12-31,133.403113145297,133.59163614837715,128.93815202384056,130.06927490234375,24625300,META
2019-01-02,127.98563883187403,136.43928787690126,127.55897910736016,134.62353515625,28146200,META
2019-01-03,133.64122947499789,136.10191454525946,130.0990202583124,130.71420288085938,22717900,META
2019-01-04,132.96656037737398,136.9254987257058,132.70859025045763,136.87588500976562,29002100,META
2019-01-07,136.48890751648534,137.78870497792076,134.85176104703956,136.97509765625,20089300,META
2019-01-08,138.80078331054713,142.02547805447074,138.4535024359785,141.42022705078125,26263800,META
2019-01-09,141.8369470305985,143.57332102571948,140.17003526247268,143.1069793701172,22205900,META
2019-01-10,141.96590471650677,143.43437640890122,139.74334109938806,143.07717895507812,16125000,META
2019-01-11,142.0353804014832,144.22817926755195,141.45990979769772,142.68032836914062,12908000,META
2019-01-14,140.89431617189211,145.42873910742972,140.17000456034268,144.25791931152344,20520300,META
2019-01-15,144.87309661692566,149.5067321308206,144.85326324648588,147.7902069091797,24069000,META
2019-01-16,147.83982810953688,148.4847609010033,145.85540088659008,146.3911895751953,18025700,META
2019-01-17,145.8057996434548,147.83984074886803,145.3593065081152,147.14529418945312,15787900,META
2019-01-18,148.58398408281647,151.24310921857838,147.39333081098312,148.87171936035156,31029600,META
2019-01-22,148.03825724886107,150.35011661555828,145.23029111179903,146.42095947265625,22378700,META
2019-01-23,147.12544359412522,147.64139894809395,141.94608696153634,143.1764373779297,20098400,META
2019-01-24,143.51378237179517,145.2997699777729,141.41029426918743,144.69451904296875,20955500,META
2019-01-25,146.33166107014597,148.6633691432037,145.3989778409229,147.84974670410156,22237200,META
2019-01-28,146.8972478734598,147.80016601437944,145.07157821752008,146.32176208496094,15508500,META
2019-01-29,146.93693418178714,146.9468660091164,142.31321436060531,143.0673065185547,17632100,META
2019-01-30,145.0814848865154,149.7746513338501,144.5655295359058,149.248779296875,44613200,META
2019-01-31,164.31058063740673,170.34322609112806,163.7152464126422,165.39208984375,77233600,META
2019-02-01,164.54868571373441,167.78331146260734,164.37009454820185,164.41970825195312,30806500,META
2019-02-04,164.40979795592344,167.9817731340761,162.34599175743284,167.93215942382812,20036000,META
2019-02-05,167.8329267133362,170.6408930571049,167.37651692938948,169.82728576660156,22557000,META
2019-02-06,169.86695397540728,171.12706940265178,167.9519891221724,169.16249084472656,13281200,META
2019-02-07,166.89032404823783,167.92223466788164,163.96329696401648,165.08450317382812,17517600,META
2019-02-08,163.18938317234253,166.06679675328965,162.93141306907842,166.02711486816406,12561400,META
2019-02-11,166.592671206755,166.98956576367348,163.79463649538135,164.4990997314453,12811200,META
2019-02-12,165.5607800649606,167.02925211487005,163.21915510646622,163.75494384765625,16292300,META
2019-02-13,164.0923085265819,164.9257644110222,162.45514681788154,162.79251098632812,14205100,META
2019-02-14,161.91933925465693,163.58625082978747,160.98665605143856,162.6734161376953,12755200,META
2019-02-15,163.22903914001554,163.41756212938148,159.60746588316817,161.2346954345703,15504400,META
2019-02-19,159.25026591701246,162.87183911707857,159.08159143969192,161.0263214111328,14345400,META
2019-02-20,160.98666667542744,162.44522196991008,159.9944530133293,161.29425048828125,11770700,META
2019-02-21,160.66916768745676,160.97676667216783,158.34739111112265,158.79388427734375,15607800,META
2019-02-22,159.3296582013833,161.14541086625505,159.06175629608018,160.62945556640625,15858500,META
2019-02-25,161.80029196846925,164.77693300669722,161.63160231978793,163.3382110595703,18737100,META
2019-02-26,163.06042247270136,164.94563789478212,162.52463364873057,162.85206604003906,13784100,META
2019-02-27,161.63159295565973,162.65357177504464,159.1609907266516,161.54229736328125,12697500,META
2019-02-28,161.10573641433965,162.22694275955087,159.60749915178485,160.19290161132812,11114200,META
2019-03-01,161.33396464739198,161.85983673295516,160.43104648539457,161.01644897460938,11097800,META
2019-03-04,162.62380526816932,166.19578033433132,162.55435818798247,166.06678771972656,18894700,META
2019-03-05,166.06680296493406,170.54169646417552,165.25319559960448,169.926513671875,28187900,META
2019-03-06,171.55372600546673,172.21852244305563,169.9364281267931,171.16676330566406,21531700,META
2019-03-07,170.16462106454432,170.40275776307303,166.30491102325666,167.81307983398438,18306500,META
2019-03-08,164.90591380117024,168.299282836092,164.6777088895179,168.27944946289062,13184800,META
2019-03-11,170.26385250861307,172.94282608564137,170.24400399827107,170.73019409179688,18884000,META
2019-03-12,170.7500190841795,172.44671084570177,169.88679817637478,170.5813446044922,12155300,META
2019-03-13,170.97825314977177,172.67492991081787,170.77979831972704,172.0200653076172,11973300,META
2019-03-14,168.43817475360422,169.81735104764905,166.8506420826052,168.84498596191406,18037400,META
2019-03-15,165.85842671612204,166.27515460556222,161.2446244559344,164.68760681152344,37135400,META
2019-03-18,162.29640383576466,162.6238210369307,158.0397985408499,159.2205352783203,37524200,META
2019-03-19,160.22267045820803,162.54446211564522,159.56782089634743,160.31198120117188,25611500,META
2019-03-20,160.24250083654022,164.8265229506624,159.98453074379006,164.15182495117188,20211500,META
2019-03-21,163.60611327266807,165.0944337943334,162.47499028180155,164.78684997558594,16223000,META
2019-03-22,164.36017641903754,166.1163987263316,162.81232562887112,163.0603790283203,16389200,META
2019-03-25,161.7308323440828,165.243262164075,160.73861864872035,164.99520874023438,12631200,META
2019-03-26,166.04694198581788,168.1305813359675,165.0547284457532,166.37435913085938,15437900,META
2019-03-27,166.54305447088734,167.62456363307606,163.50686821651982,164.57846069335938,10620300,META
2019-03-28,163.28859077322645,165.42184384428168,162.05824052398015,164.26095581054688,10443000,META
2019-03-29,165.09442273136773,165.88819665106104,163.52672340346746,165.39208984375,13455500,META
2019-04-01,166.52320785848195,167.58486852209703,165.97748735850328,167.3864288330078,10381500,META
2019-04-02,168.81522772396372,173.53815918933915,168.22982531127647,172.84361267089844,23946500,META
2019-04-03,173.14126764896554,176.5743332564893,171.6033335902772,172.18873596191406,27391100,META
2019-04-04,174.6494598388672,176.61403872708658,174.1632696751247,174.6494598388672,17847700,META
2019-04-05,175.5027475400342,175.62180832800595,173.73660853188866,174.35177612304688,9594100,META
2019-04-08,173.84578117186743,174.13351650335844,172.8734007772165,173.5679473876953,7297400,META
2019-04-09,174.2525507892514,177.79476067353207,174.1831037087638,176.19729614257812,19751000,META
2019-04-10,176.79260715656196,177.3978580416452,175.1653775025643,176.4354248046875,11701500,META
2019-04-11,176.85214967264358,177.0108923352215,175.6217994128061,176.12782287597656,8071000,META
2019-04-12,176.61401859237805,178.2313315849551,176.5644048850026,177.70545959472656,12329800,META
2019-04-15,177.11010497095947,179.09453191741278,175.49279216480764,178.2511444091797,10834800,META
2019-04-16,177.60624176364888,178.76712990698255,176.91169524284823,177.4772491455078,11215200,META
2019-04-17,178.20157717015965,179.33270012285755,176.97122679670733,177.38795471191406,9973700,META
2019-04-18,177.40780103271302,177.4871799403403,175.95916246347767,176.891845703125,11655600,META
2019-04-22,176.8620731508558,180.255441825929,176.8620731508558,180.02723693847656,13389900,META
2019-04-23,181.31710362689245,182.78557539350624,180.06690490533626,182.3489990234375,19954800,META
2019-04-24,183.05350268658597,183.69843550643336,180.23560439961344,181.1583709716797,37289900,META
2019-04-25,195.44623921121573,196.93455967611376,190.62408029934696,191.7552032470703,54148800,META
2019-04-26,191.00112323298583,191.39800262786818,187.6176711306924,189.99899291992188,22075000,META
2019-04-29,189.46318673735053,193.8884661213994,189.16551962488455,193.26336669921875,19641300,META
2019-04-30,192.67796122555828,195.85304171458267,190.7828296177422,191.89410400390625,23494700,META
2019-05-01,193.26336662324573,194.65245962756978,191.50714428636743,191.52699279785156,15996600,META
2019-05-02,191.49724068974515,192.48945437207544,188.2725462221717,191.03089904785156,13209500,META
2019-05-03,192.86650400539224,194.63264318160958,192.2017226426569,193.94801330566406,14575400,META
2019-05-06,189.75093330248222,192.76725596880635,189.06630349973676,192.37037658691406,13994900,META
2019-05-07,191.04080983034808,191.39800735054732,186.38734052161269,188.29238891601562,16253000,META
2019-05-08,187.9153219740203,189.23496780069607,187.08186623295467,188.06414794921875,12505700,META
2019-05-09,185.74235432031924,188.2923501472574,184.80967125739204,187.18106079101562,12967000,META
2019-05-10,186.78420904881693,188.5205828381154,183.15270366160382,186.87350463867188,12578500,META
2019-05-13,182.07119489502122,183.98615986841705,179.43190309564582,180.12644958496094,16833300,META
2019-05-14,181.09882467136538,182.0612730435279,176.71324251758304,179.32275390625,17628100,META
2019-05-15,179.01518519572633,185.82177145095366,178.61830579109815,184.81964111328125,16746900,META
2019-05-16,183.6091302871413,187.1116430949908,183.6091302871413,185.53402709960938,12953100,META
2019-05-17,183.40075283012467,186.11942346505776,182.84511565276085,183.857177734375,10485400,META
2019-05-20,180.4638311197399,182.79552421161614,179.95779244730602,181.2972869873047,10352000,META
2019-05-21,183.13289749241818,184.2540887248608,182.4581842755685,183.38095092773438,7502800,META
2019-05-22,183.29161189556703,185.28597089728876,182.18033752165732,183.8770294189453,9213800,META
2019-05-23,180.99960403788043,182.46807593433465,178.27101662366948,179.461669921875,12768800,META
2019-05-24,180.9103231396282,182.2002039590993,179.42200261100294,179.65020751953125,8807700,META
2019-05-28,180.12645717215642,183.2717877276444,180.03716157833563,182.87489318847656,14843300,META
2019-05-29,182.07119017715573,183.12293413943388,179.93793705668415,180.77139282226562,12797700,META
2019-05-30,181.6544689335265,182.0513483202198,179.48151871243195,181.5850067138672,8581500,META
2019-05-31,178.87626783735388,179.1342379247509,175.78056622867737,176.08815002441406,15226500,META
2019-06-03,173.63738032563361,173.68699403372227,159.75630658520944,162.87185668945312,56059600,META
2019-06-04,162.43530246984187,166.96971095429262,159.58763901376403,166.19578552246094,46044300,META
2019-06-05,166.17593535498227,167.40628571280695,163.34813557914495,166.86056518554688,19758300,META
2019-06-06,166.98955243005832,168.37864541840986,165.92787660754973,167.01931762695312,12446400,META
2019-06-07,168.84498184789277,172.51616903885096,167.5253359794175,172.00022888183594,16917300,META
2019-06-10,173.38932379267737,176.475108644315,172.44672391593448,173.4587860107422,14767900,META
2019-06-11,177.09025714445409,178.5785773600271,175.41341394584566,176.71322631835938,15266600,META
2019-06-12,176.99108348971458,177.87415307132238,171.53390817551417,173.6770782470703,17699800,META
2019-06-13,174.16325320466794,176.64378722187107,173.25041850313457,176.08815002441406,12253600,META
2019-06-14,179.10448360485768,180.42412959894995,178.59846008500926,179.91810607910156,16773700,META
2019-06-17,183.56942996067215,188.0244744089328,182.97411089349598,187.5382843017578,29459900,META
2019-06-18,192.48942685018991,193.01529881543811,185.82175064706763,187.0024871826172,37571400,META
2019-06-19,185.54394434497365,186.63538536770005,183.1130240379683,186.02020263671875,21417100,META
2019-06-20,189.46318650978696,189.6715580302563,186.17896187080584,188.0542449951172,14635700,META
2019-06-21,187.2803281006879,190.50502249182557,187.2803281006879,189.65171813964844,22751200,META
2019-06-24,190.9217507239968,192.4696016118779,190.07837819661492,191.10035705566406,15509000,META
2019-06-25,191.3781650924631,191.63613517952635,186.66515046587438,187.36961364746094,16750300,META
2019-06-26,188.0641734366749,189.27467533226644,185.85154117898648,186.19882202148438,12808600,META
2019-06-27,188.4015211062334,197.33144340638594,186.80405662249586,188.02447509765625,11159000,META
2019-06-28,189.06631769759005,191.6956778650276,188.4610667537676,191.4972381591797,16378900,META
2019-07-01,193.69003702974348,193.75948411379966,190.43556226592588,191.4972381591797,14181800,META
2019-07-02,191.49723166441305,193.48165893554688,191.20949637168923,193.48165893554688,9050000,META
2019-07-03,192.64819756011687,195.8629599570674,192.64819756011687,195.66452026367188,10246100,META
2019-07-05,194.6524545971022,195.5355392255742,192.65811073386783,194.87074279785156,11164100,META
2019-07-08,193.67016392658124,195.14855241641712,192.13222990657042,194.2357177734375,9723900,META
2019-07-09,193.45189840383705,197.90694318538272,193.3725194942796,197.6588897705078,14698600,META
2019-07-10,198.4427198534289,201.37967876885,198.1152875488734,201.15145874023438,20571700,META
2019-07-11,201.67733945504267,202.21314330019712,198.65109995843773,199.66314697265625,13678500,META
2019-07-12,198.125234266628,203.70148583495194,197.60929401758617,203.2748260498047,15366300,META
2019-07-15,202.65964516188413,203.731237758485,200.24857317451668,202.32229614257812,16030300,META
2019-07-16,202.30242132298193,203.8701205582262,201.5185792753485,202.2528076171875,12132700,META
2019-07-17,202.5901721385115,202.76877846508143,200.02034246492263,200.2287139892578,12083700,META
2019-07-18,198.59156008870863,200.8935030713905,197.8275664632312,199.21665954589844,11937900,META
2019-07-19,200.60572325733543,200.75456437010126,196.52774020314962,196.8154754638672,12098300,META
2019-07-22,198.3534059776496,200.99269754198875,197.26196506308028,200.74464416503906,13589000,META
2019-07-23,201.26062112468742,202.64972937383774,199.39526968379784,200.78436279296875,14583700,META
2019-07-24,196.0911911824439,203.2152780199159,195.68437994677214,203.0664520263672,32532500,META
2019-07-25,205.0905514086125,207.03529675765213,196.7162660667918,199.14720153808594,39889900,META
2019-07-26,198.63123275593708,201.30028962459562,194.7219089512831,198.1946563720703,24434000,META
2019-07-29,197.45050838228804,198.07560780135663,193.77932105342705,194.41433715820312,16530800,META
2019-07-30,193.86862138181795,197.16277791456997,191.99333821876863,195.50576782226562,11903600,META
2019-07-31,195.4164736835156,197.2123779524002,191.17971719472445,192.7176513671875,14593500,META
2019-08-01,192.65812973086238,196.92465161169306,189.3937533631913,191.22933959960938,17777000,META
2019-08-02,189.61205471911256,191.12020872658383,186.605648251351,187.54824829101562,15297000,META
2019-08-05,183.25193081918576,184.22429590063115,177.94358204337857,180.31497192382812,23086700,META
2019-08-06,182.25972642611572,184.34336599152593,181.66439218458214,183.07333374023438,18035700,META
2019-08-07,182.17040939405186,184.91882995975232,179.80893635783994,183.7083282470703,15833200,META
2019-08-08,185.16690699814845,188.8579429969137,182.61692578382804,188.67935180664062,14828900,META
2019-08-09,188.5205976993792,189.492962858845,185.66301747893215,186.38734436035156,11058800,META
2019-08-12,185.39510743470652,186.12933577038334,183.0237176614181,183.92662048339844,10930900,META
2019-08-13,184.07545714103145,189.88982899503915,183.92661602850245,186.98263549804688,13577000,META
2019-08-14,184.35330775587687,184.54183078052492,177.9138354180572,178.31072998046875,18903700,META
2019-08-15,179.54105938203216,181.77354012490346,178.62822462841115,181.1682891845703,12925900,META
2019-08-16,182.3192517702729,183.65874620661722,180.94007545091594,182.26963806152344,12654600,META
2019-08-19,184.5616401449062,186.0400438101091,183.41068391358388,184.72039794921875,9691200,META
2019-08-20,184.00598313092735,184.55170356192824,180.96981236569178,182.37875366210938,10083400,META
2019-08-21,183.55951048176124,184.4524966389247,181.7139926356428,182.1208038330078,8398200,META
2019-08-22,182.00175027899132,182.6764634624245,178.5091689835024,180.62257385253906,10821400,META
2019-08-23,179.4319187008426,181.70409651204378,175.2844727753875,176.36598205566406,17323400,META
2019-08-26,178.00309581994537,179.09453672578843,176.8521396664831,178.95562744140625,8773600,META
2019-08-27,180.51342048042534,182.60699186900402,179.60058574729803,179.88833618164062,14399600,META
2019-08-28,179.12430815437924,180.5332495564327,177.52684375839306,180.3447265625,9386100,META
2019-08-29,182.33908887058334,184.63109975557398,182.04142177669345,184.1250762939453,10128700,META
2019-08-30,185.325677292104,185.34552580568567,182.03153561659624,184.2243194580078,10774500,META
2019-09-03,182.56732862264894,184.22432375585035,180.69204525489593,180.96986389160156,9779400,META
2019-09-04,183.21222884048626,186.28809694997892,182.45815198098745,185.68284606933594,11308000,META
2019-09-05,187.06206292015918,189.87002973717827,186.47666042296638,189.41360473632812,13876700,META
2019-09-06,188.7289738322857,188.7289738322857,184.89902835901984,186.0301513671875,15226800,META
2019-09-09,186.268288960596,187.50855618746297,184.40293734657502,187.29026794433594,14722400,META
2019-09-10,185.98051341848625,186.63537800629246,183.11301681549222,184.72039794921875,15455900,META
2019-09-11,185.00814655705247,187.96493871863368,184.63110056048305,187.0223388671875,11761700,META
2019-09-12,188.38167431739254,189.4433349944387,185.77214770992174,186.01028442382812,11419800,META
2019-09-13,185.87140749125098,186.50642369893126,185.08755013396993,185.7324981689453,11441100,META
2019-09-16,185.47448271545076,186.32778702503037,184.3235264350698,184.77001953125,8444800,META
2019-09-17,185.20659802654154,186.85367627008114,184.0953084764538,186.61553955078125,9671100,META
2019-09-18,186.62548088892035,187.60777795331344,184.56167446897086,186.6750946044922,9681900,META
2019-09-19,187.19102818015065,189.61203187411297,186.6849895362617,188.6595001220703,10392700,META
2019-09-20,189.1754682614503,191.5964721193446,186.6552369772569,188.45114135742188,19934200,META
2019-09-23,187.86572387623167,188.6198159198237,183.7678919055694,185.3653564453125,13327600,META
2019-09-24,186.51631274800997,186.57584314303674,178.98541497755713,179.8684844970703,18546600,META
2019-09-25,180.03715354178527,181.9918155324956,176.4850270596817,181.37664794921875,18068300,META
2019-09-26,179.91811301576254,179.98756010235067,176.286607220428,178.70761108398438,16083300,META
2019-09-27,179.0846579480694,179.35254474895376,174.29226391251302,175.72105407714844,14656200,META
2019-09-30,176.48500314576455,177.27877694113167,175.47295631814796,176.69337463378906,10740000,META
2019-10-01,177.75509144368746,178.4397213697114,173.51834953217306,174.44110107421875,17073000,META
2019-10-02,173.47863061918676,175.1554741070558,171.7422567348218,173.24050903320312,16151700,META
2019-10-03,174.20293012481662,178.4396708365077,172.278033527198,177.98326110839844,16086300,META
2019-10-04,178.15198133489363,179.5708397261763,176.71327442947282,179.0449676513672,10430200,META
2019-10-07,178.598445179605,179.7692499419264,176.70331359993784,178.2809295654297,9178300,META
2019-10-08,176.8720055833215,178.96557705889228,176.33621685638886,176.36598205566406,9466900,META
2019-10-09,177.7649704969524,179.31282110149772,176.55446884160776,178.44960021972656,7556900,META
2019-10-10,178.91597003720196,180.19591896552552,177.7749152722836,178.6282196044922,8605000,META
2019-10-11,180.73170459681214,185.03792320851088,180.72178791101695,182.75582885742188,14930500,META
2019-10-14,182.7657552933642,183.18248321866753,181.14845730373014,181.85292053222656,7006000,META
2019-10-15,182.36888624603415,188.89765439348838,182.2299769297045,187.41925048828125,15039100,META
2019-10-16,186.85369331320297,188.2229379391271,185.4447365204725,188.07411193847656,10516900,META
2019-10-17,188.81826665810019,189.35405538463465,187.30018093627666,188.90756225585938,9603000,META
2019-10-18,188.74876247219748,189.99896112281004,182.4878979548424,184.4028778076172,16874200,META
2019-10-21,185.58363312419127,188.43129657477238,185.29589782931336,188.28245544433594,8122600,META
2019-10-22,188.5205869805388,189.16551977474407,180.08677124719893,180.92022705078125,19537600,META
2019-10-23,180.59279769294298,184.92878155956058,180.58288100701617,184.7005615234375,12300400,META
2019-10-24,183.18246638144458,185.27603764183385,181.37664553777893,184.92877197265625,11413500,META
2019-10-25,184.3830746603191,187.5283902891114,183.6488310680537,186.42703247070312,8061200,META
2019-10-28,185.74239541203062,188.05425507265963,183.6389072830373,187.92526245117188,13657900,META
2019-10-29,190.19742595354356,191.03088173758235,187.00249697475027,187.83595275878906,13574900,META
2019-10-30,188.084007598717,188.96707709714187,184.53188109382305,186.78421020507812,28734600,META
2019-10-31,195.1684274639781,196.5476038710065,186.78422491161206,190.15774536132812,42286500,META
2019-11-01,191.3484026536958,192.59858636437755,188.43129218879344,192.11239624023438,21711800,META
2019-11-04,193.03515241476802,195.83318679986047,192.30090892507408,193.20382690429688,16371300,META
2019-11-05,193.84878860686817,194.22583466326856,192.09258123253747,192.80697631835938,9942000,META
2019-11-06,192.51920293642016,192.85655192566824,189.860077764731,190.0585174560547,10973000,META
2019-11-07,190.41572064804228,191.93380628501296,187.99471697758543,188.93731689453125,13473000,META
2019-11-08,188.52059384867061,190.84237016036985,188.22292672512432,189.3540496826172,10760800,META
2019-11-11,188.45113697942728,188.59997811541814,187.07196056979558,188.13363647460938,8631200,META
2019-11-12,188.52058402549875,193.54118241978134,188.26261393985592,192.95578002929688,17615500,META
2019-11-13,193.18401306090757,194.17622680558608,191.23928259972666,191.68577575683594,10860700,META
2019-11-14,191.42778415989008,192.51922529891618,189.9593121055475,191.6460723876953,9040500,META
2019-11-15,192.74740068537741,193.77931126600507,191.8742630478972,193.58087158203125,11524300,META
2019-11-18,193.04507779292095,197.083394458118,191.54684069024395,195.8629608154297,16167200,META
2019-11-19,195.862972319889,198.44273391679903,195.32718359990446,197.76803588867188,19056800,META
2019-11-20,197.0337827757966,198.03591308312716,193.90830078406032,195.97210693359375,12355400,META
2019-11-21,195.8828009930464,197.5397958366302,195.32716381675212,196.38882446289062,12131000,META
2019-11-22,196.8353352226601,197.7481699012133,196.08124321082823,197.27191162109375,9959800,META
2019-11-25,197.9664577166115,199.40516437958556,197.6985558108234,198.23434448242188,15272300,META
2019-11-26,198.442724670464,198.5915506579755,196.49797930710295,197.42074584960938,11735500,META
2019-11-27,198.3434998487067,201.55827748084596,197.8672415424567,200.42715454101562,12736600,META
2019-11-29,200.0302491515664,202.21311583989186,199.64328648927224,200.06993103027344,7985200,META
2019-12-02,200.55613693502008,200.60573550232598,196.50790368831068,198.14505004882812,11503400,META
2019-12-03,196.06140983997417,197.3810405807244,193.56102737438547,197.27191162109375,11595300,META
2019-12-04,198.44272970673654,198.47249490499425,196.50791612009164,197.16278076171875,8456300,META
2019-12-05,198.3038002553113,199.72265836137896,196.66665395754444,197.8076934814453,9740400,META
2019-12-06,198.9388223508887,200.0004981463346,198.5022459542559,199.4845428466797,12270600,META
2019-12-09,199.08764804194197,201.55826529748646,198.65108678592196,199.77227783203125,11954800,META
2019-12-10,200.0897959341768,200.47675862817715,198.59154372562898,199.30593872070312,9475700,META
2019-12-11,198.7205409171607,201.05224896037808,198.7205409171607,200.68511962890625,8036800,META
2019-12-12,200.77445094628683,202.07424848833924,192.58868781139714,195.21804809570312,23734800,META
2019-12-13,194.8707495720382,195.26764410536947,191.66590380777728,192.5985870361328,18798000,META
2019-12-16,193.74957647732612,197.56959019825865,193.2931515065757,196.37893676757812,14911500,META
2019-12-17,197.2917690171386,197.45052684317042,194.60287836113022,196.84527587890625,10175700,META
2019-12-18,198.53202502655532,202.70925114268758,198.53202502655532,200.9232635498047,23274400,META
2019-12-19,201.20107642986963,204.6936726076007,200.933174513572,204.45553588867188,16514600,META
2019-12-20,205.86448465387954,206.09270469504125,201.84601632794207,204.6936798095703,27306900,META
2019-12-23,205.0905708469551,206.96585415342005,204.0785086234722,204.57461547851562,13348900,META
2019-12-24,204.6936622913126,205.17983725048617,203.40378162375183,203.52284240722656,6046300,META
2019-12-26,203.96935783345515,206.20183844236743,203.71137260683932,206.17205810546875,9350700,META
2019-12-27,207.04521392384925,207.3031840142275,204.9814077808883,206.4796600341797,10284200,META
2019-12-30,206.24152385687,206.28120574011763,202.31235125630602,202.81838989257812,10524300,META
2019-12-31,202.41158838306944,203.95943928360214,202.01470897164327,203.65185546875,8953500,META
2020-01-02,205.1401698134919,208.15649261372965,204.66391150608143,208.14657592773438,12077100,META
2020-01-03,205.59660355453667,208.76175248015903,205.3386183078235,207.04522705078125,11188400,META
2020-01-06,205.0905414609908,211.12320177073943,204.9119502859545,210.94461059570312,17058900,META
2020-01-07,211.16290991488245,212.9092004360152,210.1012340740953,211.40103149414062,14912400,META
2020-01-08,211.34150448738282,214.55628211870993,210.95454177490646,213.54421997070312,13475000,META
2020-01-09,215.84614294905182,216.67961389127672,214.59595924568188,216.60023498535156,12642800,META
2020-01-10,217.49325995694934,218.16797320761245,215.72712062018613,216.3621368408203,12119400,META
2020-01-13,217.8901329574613,220.24167456420014,217.50317022293493,220.18214416503906,14463400,META
2020-01-14,219.88445679338435,220.64846550559204,216.92766450065454,217.35430908203125,13288900,META
2020-01-15,218.8922508489187,219.95391156667583,218.42590922878898,219.42803955078125,10036500,META
2020-01-16,220.83701742116196,220.89654782263736,218.67398361434863,220.04324340820312,10015300,META
2020-01-17,220.30119524849337,220.55916534680847,218.81287477518103,220.41033935546875,15905900,META
2020-01-21,220.4301542066396,220.63851056269795,217.41381669628456,219.71575927734375,14275800,META
2020-01-22,220.57902258431162,221.0155990294826,219.55704369674288,219.59674072265625,12212800,META
2020-01-23,219.03115557209316,219.7653990977893,217.56268366067917,218.04885864257812,11195000,META
2020-01-24,219.08077359333404,220.0531387162507,214.42728922369366,216.2430419921875,11905800,META
2020-01-27,211.440722772415,214.3776665299758,210.84538856048835,213.19692993164062,13810700,META
2020-01-28,214.45706126995194,217.03682285882238,211.85746630853654,216.09420776367188,13413800,META
2020-01-29,219.71578087459076,222.454284946092,216.74905677548094,221.49183654785156,33181300,META
2020-01-30,204.92187300257686,209.78371357248747,203.15573401089648,207.8985137939453,48775500,META
2020-01-31,206.8070821530458,207.0650673895748,199.49447245565628,200.33786010742188,31359900,META
2020-02-03,201.85596786081783,203.54272820897845,200.9232845127814,202.60012817382812,15495600,META
2020-02-04,205.0111699219711,208.96019096490863,203.60222842171876,208.19618225097656,19628900,META
2020-02-05,210.85535189438139,211.07364014438204,207.08495151796518,208.4740447998047,12538200,META
2020-02-06,208.8312211565953,209.54561624036785,207.7100148173451,209.20826721191406,10567500,META
2020-02-07,208.66253478539966,211.1629174365227,208.29540543766888,210.67672729492188,12242500,META
2020-02-10,209.87302918064674,212.13527502346943,209.01972486168884,211.40103149414062,11856400,META
2020-02-11,208.55340818422275,209.21818957243212,204.90205375258859,205.57676696777344,25030800,META
2020-02-12,206.23159701357275,209.57535190670174,205.78508879415304,209.11892700195312,13813700,META
2020-02-13,207.88859930018288,212.66114433026516,207.55123516722094,211.48040771484375,15396600,META
2020-02-14,212.3337074056923,213.25645877349032,210.99421300859052,212.51229858398438,10741700,META
2020-02-18,211.88721815961387,216.28271715809083,211.73837703502883,216.1041259765625,15609200,META
2020-02-19,216.29266139589325,216.62009372079666,214.427294868557,215.7965545654297,12135100,META
2020-02-20,214.83409174221154,217.0665723300639,211.2918819422964,212.90919494628906,13109200,META
2020-02-21,211.8177805922707,212.57187270865148,207.20399285274874,208.54347229003906,14092300,META
2020-02-24,200.22874296310218,202.0643293641482,196.62700211253812,199.1571502685547,23080100,META
2020-02-25,200.6752110946446,201.91547815950642,194.4242620597452,195.23788452148438,21433500,META
2020-02-26,195.65460357799446,199.6433065171503,193.96784347416536,195.66452026367188,16524500,META
2020-02-27,190.3264112977289,194.3547959067369,188.02446858402297,188.27252197265625,21682600,META
2020-02-28,181.2774422985748,191.23927645336616,180.40430452650662,190.97137451171875,32568900,META
2020-03-02,192.51922277794182,195.03945405142605,187.37956308505497,194.91046142578125,24949000,META
2020-03-03,194.69214924139928,195.70421132887967,182.53753292619203,184.4425811767578,27984100,META
2020-03-04,187.69704660686287,190.33633844052602,184.93869398490696,190.26687622070312,23062500,META
2020-03-05,185.32564434139258,187.51844293290662,182.45814780786012,183.72817993164062,19333400,META
2020-03-06,176.94147302311066,182.34903472384462,174.88758337271472,179.6799774169922,24559600,META
2020-03-09,168.2794489832595,173.63739688839533,163.90378294807687,168.1802215576172,29949000,META
2020-03-10,173.309955010909,176.90176354973235,168.18021229917125,176.80255126953125,24517800,META
2020-03-11,172.6550938325682,174.51054367524623,166.35454616437582,168.91445922851562,20373900,META
2020-03-12,158.29775772184547,165.30279874923735,153.13824981343737,153.26724243164062,43266300,META
2020-03-13,162.25669022128017,169.4601555701285,156.3728707888146,168.95413208007812,35028600,META
2020-03-16,151.13398868681,157.89096114274597,141.98577772844195,144.87310791015625,39120400,META
2020-03-17,149.56627516659688,152.7413554813894,138.90989624697303,148.2565460205078,34255600,META
2020-03-18,138.66185277470413,147.0262062866971,136.03249274945776,145.8157196044922,37553100,META
2020-03-19,145.4783478577257,158.68470796752493,143.67252704466907,151.9376678466797,39862300,META
2020-03-20,154.8051803858326,158.02987479986012,146.8476225464844,148.56414794921875,32568400,META
2020-03-23,148.4946737336429,151.12403341175056,141.14236817941946,146.9468231201172,29830800,META
2020-03-24,154.00147073760522,160.05396426855154,151.38202758854493,159.72653198242188,30440400,META
2020-03-25,157.6826041080197,161.72092125511196,151.86823104634553,154.99371337890625,35184300,META
2020-03-26,157.01779756928065,162.72302560102386,155.7973791164667,162.0681610107422,26556800,META
2020-03-27,156.96819294005962,158.84347609160096,153.54505895105285,155.5691680908203,24879900,META
2020-03-30,157.94054688753693,165.45161078841923,156.82927254742395,164.6578369140625,22515200,META
2020-03-31,164.19150670747757,169.59906794500858,162.9214744764971,165.50123596191406,23676300,META
2020-04-01,160.36156041626128,162.87185966361065,156.80943383993798,158.3572998046875,19507600,META
2020-04-02,157.86120054164533,160.09368129332805,154.70595320647797,156.95828247070312,20886300,META
2020-04-03,155.92635236524197,156.68044434817855,149.65557064068878,152.97947692871094,25983300,META
2020-04-06,158.90299357025864,164.90588856040713,157.2757639580179,164.26095581054688,28453600,META
2020-04-07,170.45235493492254,172.03990263218705,164.7173619670192,167.51541137695312,31411900,META
2020-04-08,169.91658282708556,173.63738391089035,166.4339184630365,172.92298889160156,21664200,META
2020-04-09,174.53037569157397,175.70119567614313,170.23410389271467,173.82591247558594,23534300,META
2020-04-13,172.3177568381941,173.63740291716212,168.1306136823647,173.4290313720703,19355400,META
2020-04-14,177.58639019806657,179.81887085223931,175.24476543964624,176.78269958496094,21011800,META
2020-04-15,173.82590202875645,176.80254281201508,171.47436065477507,175.592041015625,17423000,META
2020-04-16,176.56439979278105,176.66362720467018,171.16675560952473,174.8776397705078,23593200,META
2020-04-17,177.8046633315772,178.87625577152366,175.2844476016866,177.8443603515625,20974800,META
2020-04-20,176.02861848761108,179.09455487937518,175.39360238892877,176.85215759277344,16110700,META
2020-04-21,173.88544044431308,174.01443306233168,167.02924055696525,169.4700927734375,24850500,META
2020-04-22,177.06053736485168,183.34125210228098,176.7529535304719,180.8607177734375,33242000,META
2020-04-23,182.64667978077563,185.59355535938485,181.7239132676867,183.68850708007812,21426600,META
2020-04-24,181.80328973159789,188.9273910973202,179.42198319942162,188.5900421142578,28792000,META
2020-04-27,191.15988024980575,192.24138946533202,185.95075872880966,186.04005432128906,29197800,META
2020-04-28,187.19103803281624,187.7268267628058,181.13852847934092,181.48580932617188,21731000,META
2020-04-29,189.4433372001853,195.37678548595312,188.52058581051287,192.67796325683594,45954500,META
2020-04-30,205.308857411542,208.05729360541685,200.0005231895583,203.11607360839844,46230100,META
2020-05-01,200.03027179216886,205.6660378850065,197.50012403387927,200.69505310058594,30415600,META
2020-05-04,198.64116002093442,204.30670634790636,197.21237001217202,203.66175842285156,19250700,META
2020-05-05,205.40805841242485,208.74189662802328,204.89210311454076,205.45767211914062,21071200,META
2020-05-06,206.4995056560085,209.95242015348194,205.05088216567125,206.84678649902344,21857000,META
2020-05-07,209.51582373646835,209.95240013521098,207.41232064616085,209.6150360107422,15152000,META
2020-05-08,210.58743487014175,211.5498833416923,209.20825847379285,210.6965789794922,12506000,META
2020-05-11,209.24793325852076,213.32593191135558,208.73197792819232,211.5200958251953,12911900,META
2020-05-12,211.6292294374064,213.60373992712047,208.36485339579585,208.46408081054688,14704600,META
2020-05-13,207.79929292801273,209.13878738234018,200.53629704093484,203.50302124023438,20684600,META
2020-05-14,200.98279892633244,205.31876782706613,199.12736420496205,205.19970703125,17178900,META
2020-05-15,203.6717174550073,209.6944469487105,202.53066257670844,209.238037109375,19383200,META
2020-05-18,210.49811862818973,212.96873605342822,209.2975485967128,211.530029296875,20151900,META
2020-05-19,211.60937757703516,218.7731602647617,211.17280121424108,215.19126892089844,31843200,META
2020-05-20,221.759758571814,229.53871022771793,221.4521747518963,228.17938232421875,50162900,META
2020-05-21,232.89237569283694,235.35306116357182,229.39977960729271,229.5883026123047,47782600,META
2020-05-22,229.70736675116186,234.1524946121766,226.95894596001787,233.08090209960938,33925600,META
2020-05-26,237.90307837726152,239.02426954087372,229.86614151041633,230.3920135498047,33178300,META
2020-05-27,227.28638787828586,228.76477652593493,219.4082090816277,227.3558349609375,34697600,META
2020-05-28,222.55351163233212,229.82643907583383,222.25584452684524,223.70448303222656,29377200,META
2020-05-29,223.44653120195133,225.71870914475664,221.144603198127,223.33738708496094,23241500,META
2020-06-01,222.84126714697254,230.63015060457363,221.75975786747784,230.10427856445312,18223800,META
2020-06-02,229.1418199204089,231.1857775917419,224.79591934234608,230.907958984375,20919000,META
2020-06-03,230.30271831482378,230.83850704146684,226.75059151677158,228.36790466308594,15380300,META
2020-06-04,227.77254245900426,229.82643179582445,222.86108836396903,224.5279998779297,17041500,META
2020-06-05,224.9447895807405,229.5486608499807,223.55568122417128,228.97317504882812,16750400,META
2020-06-08,227.24667943961484,229.74706194907915,225.63929825351963,229.5982208251953,15466500,META
2020-06-09,229.71730870091466,237.90307132103038,228.61595094279085,236.81163024902344,27462900,META
2020-06-10,239.0838086648603,239.3318620782933,233.44802723887338,234.88673400878906,20720700,META
2020-06-11,228.14961747773572,231.07664482467789,221.8093726271132,222.68251037597656,26708200,META
2020-06-12,228.10990023443085,229.8562058573406,222.7519528586331,226.80018615722656,22091400,META
2020-06-15,223.33734541465077,231.94976694303796,223.04961014535098,230.6896514892578,15340300,META
2020-06-16,235.2935435543671,236.60327283509807,231.18577966295072,233.8151397705078,15236700,META
2020-06-17,233.17020342590362,235.7400330981517,229.925660611379,233.69607543945312,19578100,META
2020-06-18,233.1602900791253,234.30132971581455,230.342391818643,234.10289001464844,15782500,META
2020-06-19,235.93848091433975,238.95481893657268,233.71593199267232,236.93069458007812,30081300,META
2020-06-22,236.70246573551785,238.82580215983967,235.0653194086259,237.35733032226562,18917800,META
2020-06-23,239.40128911138243,243.28084780615615,237.9923476578794,240.35382080078125,24017900,META
2020-06-24,239.32191655919164,241.3261922642483,230.86825247388322,232.1978302001953,20834900,META
2020-06-25,232.79315041364956,235.45229073930926,230.92779913741757,233.8448944091797,18704300,META
2020-06-26,230.82859361350327,231.2750867486719,213.72282404542958,214.3975372314453,76343900,META
2020-06-29,208.1168211275584,219.03117169920628,205.4973775959621,218.92202758789062,58514300,META
2020-06-30,218.8724009551295,225.7286007703649,216.76891290483175,225.3019561767578,33927100,META
2020-07-01,226.72081163267626,237.13905461798524,225.7881284096902,235.70034790039062,43399700,META
2020-07-02,237.13907815654844,238.1312918726846,230.7988331160374,231.60252380371094,30633600,META
2020-07-06,231.93983622855757,238.52813365832904,230.46144771442292,238.40907287597656,26206200,META
2020-07-07,237.5458818087057,245.7217128783308,236.96047936852221,238.98458862304688,27887800,META
2020-07-08,236.25598567293406,245.0668474636678,234.74781673128183,241.6833953857422,29791300,META
2020-07-09,243.0923287171284,244.61041429342896,237.3771839087014,242.59622192382812,22174900,META
2020-07-10,241.79254453022762,243.57853211152505,237.45657576506048,243.16180419921875,22982700,META
2020-07-13,245.08667892902588,248.2022290661148,236.563567632783,237.13905334472656,24674900,META
2020-07-14,234.9165272062995,238.45873763949962,230.22336030397457,237.8634033203125,23378100,META
2020-07-15,239.6691883357908,242.9137309146926,236.19644087738766,238.40907287597656,19133600,META
2020-07-16,236.1468525967872,239.87757053195742,234.48985759074168,239.0540313720703,18880700,META
2020-07-17,239.12348321533193,242.25888189855516,236.00793304376865,240.1454620361328,18152400,META
2020-07-20,238.19081306109,244.13417844127542,233.80523042218056,243.5090789794922,20872200,META
2020-07-21,244.30284140487475,244.98747123257405,238.21065031691052,239.86764526367188,19364200,META
2020-07-22,238.38922097790518,240.01645058683374,236.26588459625484,238.00225830078125,15427900,META
2020-07-23,237.76415520841277,240.5324245536432,229.94550701818997,230.7888946533203,21771800,META
2020-07-24,228.39766465309515,231.6719727567298,225.13327323566094,228.9136199951172,18325800,META
2020-07-27,229.65774535218043,233.1205608074591,229.03264599699702,231.68185424804688,13163100,META
2020-07-28,232.8030790068061,233.1305113076569,228.04045075621468,228.32818603515625,14170100,META
2020-07-29,229.3402574968024,231.88032196348667,228.5167183683108,231.4735107421875,13588300,META
2020-07-30,228.42742953848625,233.06106550419435,227.21692766462053,232.67410278320312,20615300,META
2020-07-31,253.82810794885188,253.85787314770926,247.06120346233217,251.69483947753906,53005100,META
2020-08-03,250.68276837586004,253.4113558672022,248.38084061958932,249.99815368652344,23124900,META
2020-08-04,249.60126046272325,250.83161082477696,245.50341329118677,247.88473510742188,17183500,META
2020-08-05,248.2419279153794,250.30573406098853,245.84077277269392,247.1802520751953,13050100,META
2020-08-06,247.10086256251122,264.52414569277806,246.73374838380215,263.21441650390625,45241600,META
2020-08-07,262.0237859492798,276.71849900536273,261.37885308703824,266.349853515625,72766400,META
2020-08-10,265.9528818139594,271.7275406502244,257.66789406735603,260.9521179199219,30248800,META
2020-08-11,258.16406605594824,263.84946103998055,253.1434675252499,254.13568115234375,28238300,META
2020-08-12,256.95354425379196,261.8451497880856,256.10022485521864,257.86639404296875,21415700,META
2020-08-13,259.5134342395619,263.09534079503675,257.5488708476519,259.265380859375,17374000,META
2020-08-14,260.2675780454647,260.6049270761182,256.6658374029572,259.2059020996094,14792700,META
2020-08-17,260.4560885640764,262.04363649322056,257.3802201288519,259.12652587890625,13351100,META
2020-08-18,258.9181714962435,263.0854507776414,257.2413279573134,260.2973327636719,18690400,META
2020-08-19,259.35474142244783,265.82396354247567,259.31504439791973,260.5453796386719,23291500,META
2020-08-20,259.4638413621451,267.5305423074129,259.4241443420581,266.9153747558594,20299700,META
2020-08-21,266.5979115677721,268.38388418339855,264.3455972842934,264.9309997558594,15538600,META
2020-08-24,268.95937034055146,275.0912436348155,266.67726070148495,269.2768859863281,23685600,META
2020-08-25,270.28890306860325,280.8857367616059,268.15564994253316,278.6334228515625,42127200,META
2020-08-26,281.78869215846566,302.2977627595192,281.78869215846566,301.5436706542969,69015200,META
2020-08-27,297.82285484879753,298.8845307287282,289.7462211483339,290.9368896484375,30301300,META
2020-08-28,292.70303682425975,294.9156842406994,288.71434871476174,291.37347412109375,17157400,META
2020-08-31,291.66121345742096,294.5683921740452,289.279876482208,290.91705322265625,17345100,META
2020-09-01,292.4152605760405,299.1424675498005,290.43083338283753,293.13958740234375,17295900,META
2020-09-02,296.5528143101857,301.2360638507357,290.76819189575707,300.1446228027344,24341400,META
2020-09-03,293.685347759817,295.28282769504375,281.42159994386697,288.853271484375,32294100,META
2020-09-04,285.0133900685596,286.74976407245856,269.02884162990455,280.5285949707031,30333700,META
2020-09-08,269.16776686961657,277.1253108936608,267.3222636782899,269.0487060546875,24864000,META
2020-09-09,273.622771164663,276.3116921916663,269.2372034068986,271.5887451171875,22918800,META
2020-09-10,273.3647709884832,276.9863444713146,264.95078899476385,266.0025329589844,24814700,META
2020-09-11,267.95723761672286,269.2768988349684,260.595028693732,264.5340881347656,18913900,META
2020-09-14,268.8403111108716,274.4860094229294,263.6311892443126,264.0776672363281,24093800,META
2020-09-15,268.56245441564243,272.3824523522655,267.2030964194408,270.298828125,18478500,META
2020-09-16,265.20877366986406,270.3186675006481,259.7515990335024,261.4681091308594,29183400,META
2020-09-17,256.2689270376447,259.4638560363653,248.24192265848913,252.83587646484375,31281400,META
2020-09-18,256.3879789632896,257.1817679827154,248.10300478523664,250.56369018554688,28130800,META
2020-09-21,245.61258348332754,248.00382223952622,242.2291461232902,246.21783447265625,24709400,META
2020-09-22,251.33761325629538,253.33197219192002,246.28724989370133,252.7664031982422,30293100,META
2020-09-23,253.27245835747246,255.9811974630854,246.21781849122172,247.0810546875,19641300,META
2020-09-24,244.58066055336698,250.2759722576186,243.70750771146652,247.58706665039062,20006800,META
2020-09-25,247.45806543720002,253.7586278443611,244.68979615867002,252.83587646484375,18351300,META
2020-09-28,257.3802103500167,257.57866518860396,252.83588523395522,254.8203125,18826300,META
2020-09-29,255.80256618794593,261.27957393938357,254.89964824755418,259.7515869140625,20200200,META
2020-09-30,259.94014233961224,264.00819407144127,258.07477583703985,259.8607482910156,20142500,META
2020-10-01,263.2838619564372,266.24063884854394,262.73812635584693,264.55389404296875,20009800,META
2020-10-02,259.17617737851947,263.0855024619029,257.1619844268241,257.91607666015625,16367600,META
2020-10-05,260.1584197827861,262.80761315583914,258.80899353212766,262.5893249511719,12822300,META
2020-10-06,259.74172884026234,263.62128845407483,256.22928348975825,256.6460266113281,18696900,META
2020-10-07,257.19170828911257,258.15415680274714,252.83590583088255,256.1101989746094,23133400,META
2020-10-08,257.7274820927912,262.5595574704887,257.1321478779716,261.7062683105469,16312800,META
2020-10-09,262.46033159770803,262.6885516273848,260.1286538525536,262.3908996582031,14107800,META
2020-10-12,268.09616170666186,277.99843534360474,265.78428676115146,273.6029357910156,31019300,META
2020-10-13,275.4186278390119,276.92681183583034,271.261280862398,273.9898681640625,18063300,META
2020-10-14,275.45831762030724,276.57952376322527,269.385975611536,269.7034912109375,15577800,META
2020-10-15,265.5164024462862,266.9451926519491,261.61700972164607,264.64324951171875,15416100,META
2020-10-16,265.2980969389582,269.25701980773687,263.23427554072794,263.859375,16622700,META
2020-10-19,263.4624709578556,266.45894507176126,257.8564702810664,259.3646240234375,13587000,META
2020-10-20,261.01169309392856,267.60000557641126,260.83310192276537,265.4766540527344,18763200,META
2020-10-21,277.3832469106849,280.8460628763154,274.2180829295083,276.5597229003906,28998600,META
2020-10-22,277.6908417382077,280.2507700259032,272.89846291862375,275.9544677734375,16720000,META
2020-10-23,276.6291299185733,283.0189877020772,274.66456643827354,282.572509765625,17535200,META
2020-10-26,280.9552115795528,283.00910103507454,272.1245164393334,274.9523010253906,21322900,META
2020-10-27,276.5894415912417,282.294669146969,274.1585064337769,281.08416748046875,16287200,META
2020-10-28,276.61922530983355,276.61922530983355,265.17900423878854,265.5858154296875,23121800,META
2020-10-29,274.3966679289681,281.39179220538097,271.6482470679973,278.6433410644531,32368100,META
2020-10-30,272.3626055895967,274.54548740029236,257.08252375458625,261.061279296875,47247800,META
2020-11-02,262.53977496028796,268.36406506435355,255.33629315337143,259.3249816894531,27165700,META
2020-11-03,261.1109315957727,267.9472674752884,258.84868582508244,263.2342529296875,17961900,META
2020-11-04,278.8120067096619,286.69018469531346,276.4505336229866,285.142333984375,35364400,META
2020-11-05,289.62714543435567,295.0644868941228,286.70013346565065,292.385498046875,23823600,META
2020-11-06,291.6612005522265,292.3061333378279,285.8170478994157,291.1253967285156,13891000,META
2020-11-09,287.61297361927814,290.3018642047378,276.3612741591326,276.5993957519531,25117700,META
2020-11-10,270.9735427793602,271.8665289718165,261.94439287795456,270.3087463378906,29067700,META
2020-11-11,271.34066722353845,276.23227323546826,270.3583854027134,274.3272399902344,14957000,META
2020-11-12,275.02173426728365,277.57173026289297,272.29314710652244,272.9380798339844,12899500,META
2020-11-13,275.55757270188633,275.5972697257865,270.97355054002895,274.7935791015625,10391200,META
2020-11-16,272.9083740358182,277.234441639621,272.49166122643663,276.7879333496094,12970400,META
2020-11-17,275.5178900694576,275.5178900694576,271.1620877175575,272.8587646484375,15040300,META
2020-11-18,272.3824579271771,275.23013630396935,269.7233328307537,269.8523254394531,12152900,META
2020-11-19,268.9097556409737,271.34069140444956,267.09401782855207,270.8148193359375,12963700,META
2020-11-20,270.4377839998274,270.87436048307615,267.31231666563036,267.6000671386719,18114700,META
2020-11-23,268.7807413866415,268.84027177686704,262.4702475031481,266.3398742675781,20990800,META
2020-11-24,266.3994105734373,275.6567800984791,265.7842430074771,274.7637939453125,16930400,META
2020-11-25,275.9742849766651,277.99837877049015,270.5270121222275,273.4441223144531,12467000,META
2020-11-27,275.2301378416092,276.9565797708799,272.68014168909747,275.6468505859375,7808400,META
2020-11-30,273.880732275048,275.5377423917736,268.89983065871155,274.81341552734375,16693300,META
2020-12-01,276.98634407793395,287.0473739409889,276.7878892517777,284.31878662109375,20738900,META
2020-12-02,283.1380952289201,289.50812069353924,278.6433682468617,285.2812805175781,17361600,META
2020-12-03,284.021160071813,284.4180394796772,278.88150058207015,279.6554260253906,12921700,META
2020-12-04,278.11742911413376,281.25282737589265,277.1252156242083,277.5221252441406,10880300,META
2020-12-07,277.01612444035254,286.2436990426754,276.0338426409965,283.3563537597656,13007700,META
2020-12-08,283.7829913065665,284.1997040175637,279.3576973186722,281.19329833984375,10747700,META
2020-12-09,281.4513082325447,285.39039736328687,269.6340408403183,275.7560119628906,25189700,META
2020-12-10,273.39453512334353,276.5596988290288,269.74316617875854,274.96221923828125,20065100,META
2020-12-11,272.3924242664456,274.3272530821825,268.14575086632885,271.4200439453125,14391400,META
2020-12-14,271.24143127887464,275.06145975530757,269.4455270568558,272.0550537109375,16376900,META
2020-12-15,272.69008488682954,273.93035204384483,265.3874064007042,273.40447998046875,23979500,META
2020-12-16,272.620671901185,275.6965104405578,270.3881908632752,273.5235900878906,15885000,META
2020-12-17,274.9126643899615,278.2564198025171,271.4795830956817,272.34283447265625,16377800,META
2020-12-18,273.62276428656816,275.83541176373166,269.02884023804313,274.24786376953125,26693200,META
2020-12-21,270.85450813379794,272.5313517179054,265.70491658165054,270.6659851074219,16553700,META
2020-12-22,269.38601137682167,269.38601137682167,262.569508309428,265.0103454589844,17312900,META
2020-12-23,264.8119282601544,270.050815371756,264.15706358620935,266.02239990234375,14329000,META
2020-12-24,266.786449963425,268.29460403058096,264.12732426082295,265.3179626464844,6702000,META
2020-12-28,266.6474464444262,275.14079158661707,263.59144218595503,274.8431396484375,23299700,META
2020-12-29,274.7935675642127,278.3258455440908,274.1287711316152,274.6248779296875,16383000,META
2020-12-30,275.78578857652786,275.9147509123316,269.59435497972174,269.75311279296875,11803800,META
2020-12-31,269.88213998871845,274.9325043424121,267.7091894539124,271.0331115722656,12900400,META
2021-01-04,272.6404402939786,272.85872848796714,263.13504773019605,266.8459167480469,15106100,META
2021-01-05,266.2010125852026,270.27899621280795,266.1216185352488,268.8601379394531,9871600,META
2021-01-06,259.9599682063647,265.6651965162372,257.9854727939254,261.259765625,24354100,META
2021-01-07,263.82960827148605,269.4951398375126,262.71833380809295,266.6474914550781,15789800,META
2021-01-08,266.2208005627308,266.8558317342461,261.1307404858795,265.486572265625,18528300,META
2021-01-11,258.4518366026843,261.4185458890213,253.9074808801105,254.8401641845703,30412300,META
2021-01-12,254.63179023434895,257.6977267357879,248.3510761020939,249.13491821289062,26383500,META
2021-01-13,249.59133795314094,251.97264457383557,247.25962990122798,249.68063354492188,19528900,META
2021-01-14,251.42692829090055,253.04424135584142,242.7053771272773,243.72735595703125,29739400,META
2021-01-15,245.96975097681036,251.88335082886272,245.2355225857016,249.40281677246094,24942900,META
2021-01-19,254.89964667945836,260.15839649203104,250.75220144203772,259.06695556640625,28028500,META
2021-01-20,266.83596923879514,268.21516053791925,261.54748460794593,265.39727783203125,25199900,META
2021-01-21,267.1633938807022,271.4695964693077,265.4071567565355,270.7452697753906,20838700,META
2021-01-22,269.89200790055463,276.3016987289684,269.88207607581967,272.36260986328125,21954000,META
2021-01-25,275.9743295382134,277.9190598870613,269.3959479461869,275.8453369140625,19087000,META
2021-01-26,275.97432254542565,283.16787159655127,275.6468750801152,279.8538513183594,19373600,META
2021-01-27,280.33011028325467,281.24296012848583,266.03230851624016,270.0210266113281,35346200,META
2021-01-28,275.02176987618066,284.55695871630996,262.6389630097755,262.9366149902344,37758800,META
2021-01-29,263.23424158830284,264.48444034559407,252.8656282026834,256.3185119628906,30389500,META
2021-02-01,257.49924684689097,262.11306402911066,252.92515696458904,259.9698791503906,22914300,META
2021-02-02,261.9443921433572,266.75663419137607,261.22006530975233,265.0003967285156,17320800,META
2021-02-03,263.5518429479659,267.1039855545391,261.7857034729544,264.5738220214844,14223400,META
2021-02-04,264.93097902725805,266.07201868018495,261.9444062212849,264.4150085449219,16060000,META
2021-02-05,264.7225554259444,267.07412690707577,263.60137958180314,266.012451171875,12454400,META
2021-02-08,266.6573891682855,267.7587316645188,262.9365883891931,264.5042724609375,13755200,META
2021-02-09,264.36541686230146,271.2613140904737,263.6807869967148,267.35198974609375,14613400,META
2021-02-10,270.3286136509837,271.6680778178337,265.6354323142313,269.75311279296875,14687200,META
2021-02-11,269.77292709557764,271.4497399538577,266.39937717111985,268.28460693359375,12828600,META
2021-02-12,268.4136016809876,269.0684662649887,266.2505833847128,268.3937683105469,9097600,META
2021-02-16,268.691370707349,274.4462264689379,267.94721067369136,271.8367004394531,15417200,META
2021-02-17,269.1280057386519,271.83675975298524,267.48092753784414,271.43988037109375,12763200,META
2021-02-18,267.4710106031762,269.8324836675024,263.9585662016173,267.29241943359375,15249100,META
2021-02-19,267.75876839108383,268.1655796323252,258.12438206399435,259.5234069824219,25622600,META
2021-02-22,255.94150511244536,261.0216337980358,255.52476208560068,258.3029479980469,17434900,META
2021-02-23,257.47942267295707,265.3774342503566,252.97477970473903,263.7898864746094,21924600,META
2021-02-24,260.2874503209363,264.30593464893724,256.37815554381484,262.2520446777344,15736100,META
2021-02-25,260.25762517278304,264.8615109881435,252.06194597211868,252.70689392089844,19053100,META
2021-02-26,254.47301987913823,263.48230592627357,254.47301987913823,255.6140594482422,26619500,META
2021-03-01,258.7891703786948,264.5737626108393,255.89189320962132,262.8473205566406,22157300,META
2021-03-02,263.7105134754157,264.63326480051563,256.6360260897413,256.9833068847656,15191700,META
2021-03-03,258.26328713334885,258.95781848728717,253.1136961127763,253.42127990722656,15513500,META
2021-03-04,254.4729775881491,264.4149451772372,251.52610251318708,255.63388061523438,31626500,META
2021-03-05,258.6403521689941,263.3831323276618,253.61973825234838,262.22222900390625,26820100,META
2021-03-08,263.4823095847237,263.5120747815499,253.06408191613306,253.32205200195312,18391800,META
2021-03-09,259.14640571027894,266.4391835534851,257.7870775824905,263.6708984375,22039700,META
2021-03-10,266.5482712133679,266.8756883722604,260.82317946583066,262.8373718261719,14210300,META
2021-03-11,266.0224050343976,275.7361857987075,265.73468485814243,271.74749755859375,21834000,META
2021-03-12,267.0444088724371,267.6397128665082,261.96424931001116,266.3101501464844,20600200,META
2021-03-15,266.98487846120577,273.81131431341987,266.4094077750428,271.6185302734375,16844800,META
2021-03-16,273.9303121433824,279.9431543023301,272.66027997078896,277.10540771484375,22437700,META
2021-03-17,273.56325248713574,284.001360819767,273.26560046546666,281.79864501953125,21315000,META
2021-03-18,277.69085923686396,282.96944368958503,276.1132429973402,276.4505920410156,18728300,META
2021-03-19,279.03034060421714,290.52016203735093,279.01050723081204,287.8511047363281,38930500,META
2021-03-22,288.1884278823142,297.3763044516404,284.51722576051964,291.2543640136719,28273100,META
2021-03-23,290.867432991807,295.67967537521406,287.5534429483778,288.3670654296875,23000900,META
2021-03-24,288.73417475341705,289.44856979905677,278.9707959829789,279.94317626953125,18675000,META
2021-03-25,278.79215889867044,285.817017124445,275.58729840705115,276.569580078125,24505600,META
2021-03-26,276.1330347429934,282.2847712189747,275.6071627424305,280.8162841796875,17629200,META
2021-03-29,283.5448455683828,290.8971513555851,282.4832001190205,288.5555419921875,21718800,META
2021-03-30,287.5732755403183,290.19273417158144,284.4676721787999,285.7575378417969,17474500,META
2021-03-31,287.732035744542,294.1913564992557,286.3627760195834,292.2366943359375,19498200,META
2021-04-01,296.07651796063567,300.04537216997386,294.29054567841536,296.3345031738281,17616000,META
2021-04-05,298.5471577202137,308.3502024258869,298.3387710674743,306.50469970703125,28237000,META
2021-04-06,306.4352333643989,308.9256990987487,302.87319030448623,303.8753356933594,17335200,META
2021-04-07,303.9546888069375,311.8031014540614,303.12123307626337,310.6521301269531,22855200,META
2021-04-08,312.3984398583777,313.4204185957787,307.63579668722434,310.5826721191406,20894100,META
2021-04-09,308.97526421542824,312.2892535256572,307.91358855006894,310.0270080566406,15988600,META
2021-04-12,308.62799158061256,309.71943246721503,305.5322903603965,309.11419677734375,10881900,META
2021-04-13,309.77905007957656,311.9817658418742,306.9115680536803,307.34814453125,14036900,META
2021-04-14,304.9072252057683,305.63155202989105,299.5989067038952,300.4621276855469,17421400,META
2021-04-15,303.95470027690254,307.7251299969415,301.73215157790185,305.4231872558594,14558300,META
2021-04-16,305.77051588644764,306.54444137804103,302.2382071802452,303.7959899902344,13059200,META
2021-04-19,302.6351090312537,305.30416629522637,298.2197459731686,299.88665771484375,14553500,META
2021-04-20,299.6385923844795,302.72439260123326,294.89581231843675,300.29345703125,16796400,META
2021-04-21,299.5989235990618,299.6286887973505,295.074431779428,299.1226501464844,14863500,META
2021-04-22,298.98372689165404,300.5613732471118,293.7349384661089,294.211181640625,16375400,META
2021-04-23,296.43379755001087,300.2339629907367,294.8363176243021,298.78533935546875,17536800,META
2021-04-26,300.97807189197096,303.41890888662624,299.2119328828372,300.680419921875,16172600,META
2021-04-27,301.91076202680745,302.96250605186816,298.7654314975515,301.206298828125,15309300,META
2021-04-28,304.9667562140213,308.49906447197213,302.9922608483322,304.70880126953125,33907200,META
2021-04-29,327.5495717415354,329.2264152654433,319.1058237242205,326.9443359375,56526800,META
2021-04-30,323.60060254321024,327.2519418261899,321.9733574810361,322.548828125,26332400,META
2021-05-03,323.6303414935902,325.99178455965375,319.33403940642825,320.0682678222656,18719500,META
2021-05-04,317.5281817062086,319.68129851653737,310.68191400122157,315.881103515625,24032600,META
2021-05-05,315.7124384967286,318.5600865999648,312.04123617300195,312.5671081542969,15577600,META
2021-05-06,312.07096323480147,317.7464253771185,310.83069642293106,317.52813720703125,19012200,META
2021-05-07,319.86987408536334,320.4255113638621,316.2681333222643,316.5955505371094,15916700,META
2021-05-10,311.9023399620006,312.1305297025952,302.4564474516533,303.58758544921875,24239200,META
2021-05-11,298.4081959305581,304.45077222453534,297.35645209298286,304.1431884765625,18920100,META
2021-05-12,298.78528750586537,302.5854522871309,295.86817708684436,300.1942138671875,24645500,META
2021-05-13,303.6967097732454,306.4550622284353,300.41248534825166,302.88311767578125,18079200,META
2021-05-14,307.1298192160858,314.38289851654434,306.67337913920693,313.47998046875,19245700,META
2021-05-17,311.10853069152074,313.2219502904879,309.153868886086,313.003662109375,15401300,META
2021-05-18,313.13270708868293,314.03562515796114,307.39771331279434,307.5465393066406,14522400,META
2021-05-19,301.82148235708155,312.2099608190644,301.2063147190204,311.1482849121094,19106200,META
2021-05-20,311.138317354396,316.7641816085727,310.7216046125785,316.129150390625,17320200,META
2021-05-21,316.8039020331024,317.4389030180048,313.3509876603318,313.7677307128906,13600900,META
2021-05-24,315.73230041612777,323.4120547384483,315.5537092244351,322.1023254394531,16445400,META
2021-05-25,324.5332384164337,326.6168932086771,322.2709924282731,325.23773193359375,16437000,META
2021-05-26,325.79333340241755,327.2617901142244,323.2830342689029,325.10870361328125,9686900,META
2021-05-27,325.44610343491735,331.1810975830294,324.2157680993238,330.15911865234375,20477700,META
2021-05-28,328.4226628264013,330.27809719455564,325.7734395039881,326.17034912109375,12037400,META
2021-06-01,327.5792770818169,328.8394075910336,324.09662832851154,326.5672302246094,11765900,META
2021-06-02,327.80756141635504,329.2859501143572,324.5729351203657,326.5871276855469,11654300,META
2021-06-03,323.2433575381614,324.83090541378255,320.9612782844265,323.5013427734375,12610800,META
2021-06-04,323.3623782282559,329.87129645914183,322.6479832868195,327.7777404785156,13289400,META
2021-06-07,326.91456629914944,335.0606319370068,326.36883062034224,333.9592590332031,20136700,META
2021-06-08,334.0783527890586,335.66587042753156,329.65305804593925,331.08184814453125,14580500,META
2021-06-09,333.12583263068376,334.17757677664184,327.4305354312547,327.6785888671875,13727900,META
2021-06-10,328.2143277062519,331.33979432346086,325.9917487704963,329.8713073730469,13240200,META
2021-06-11,329.99039355021097,330.2384469560632,326.3688198807592,328.6806945800781,13587900,META
2021-06-14,329.3156906835293,334.1973949616918,327.24196787486557,334.14776611328125,12250800,META
2021-06-15,334.3660512618339,337.27326012162166,332.42132108487635,334.1279296875,15795200,META
2021-06-16,334.07837226495525,334.9217297045753,326.16049586366273,328.5021057128906,17232200,META
2021-06-17,327.9167158462907,335.3484174989163,327.5793668014927,333.8898620605469,17794100,META
2021-06-18,331.92521504508204,333.5325962354284,326.43827503756376,327.0931396484375,23039500,META
2021-06-21,328.51199879851725,330.3277666521811,325.0987815754126,329.7026672363281,11337500,META
2021-06-22,330.0995667491543,337.2732824504515,330.01027115286735,336.39019775390625,15345300,META
2021-06-23,336.70768365205276,340.7460001805239,335.56664409367676,337.9380187988281,14817800,META
2021-06-24,339.18824270230544,342.214482226336,339.1287123056329,340.50787353515625,12329100,META
2021-06-25,339.92247698416224,341.44056268544,337.035131575858,338.71197509765625,14594400,META
2021-06-28,339.7934517054594,355.35138354168714,339.1088219177448,352.870849609375,29156100,META
2021-06-29,353.49595592074894,353.9622975602913,346.3321719592447,349.15008544921875,21417300,META
2021-06-30,349.42791950973475,350.17207980061676,344.4668509038547,345.00262451171875,15107500,META
2021-07-01,344.1195505239757,351.9084338493456,343.80203488402134,351.630615234375,17137000,META
2021-07-02,352.3350507654891,353.66461333834536,349.8743501691839,351.93817138671875,11521300,META
2021-07-06,353.7241473646603,355.9963249803974,346.46113656672946,350.0331115722656,13488500,META
2021-07-07,352.49383434528966,353.71423776723833,347.2747808070036,347.7609558105469,14218900,META
2021-07-08,343.03801220730537,345.61774329354535,339.89268183283735,342.9586181640625,14406500,META
2021-07-09,342.63123253632193,347.97924848366796,342.58160368473915,347.6915283203125,13018700,META
2021-07-12,348.49522163288634,351.4321656465033,346.91760551570826,350.4101867675781,10018600,META
2021-07-13,348.7630778385036,355.6986411619793,346.0840890261971,349.3484802246094,11456000,META
2021-07-14,351.7992818634606,352.43431315647945,344.0302620301716,344.9232482910156,13894200,META
2021-07-15,346.5107713852772,346.5107713852772,337.57091703181555,341.77789306640625,14781600,META
2021-07-16,342.2244021364838,343.29597951923523,337.491554086067,338.50360107421875,11026100,META
2021-07-19,334.9415836605786,337.1442992705485,331.9351773815617,334.326416015625,14372300,META
2021-07-20,336.1619785065814,340.7757962853777,331.89547184743174,338.9997253417969,11024300,META
2021-07-21,338.84096761953117,343.8218693320699,338.59291420253294,343.5341491699219,9279700,META
2021-07-22,343.9805821072819,348.80275564782727,342.5220269951363,348.4554748535156,12385400,META
2021-07-23,358.09984323454836,372.4075475574417,354.4088071301203,366.91070556640625,33694300,META
2021-07-26,366.7022954251453,371.5244693516764,365.35289943975135,369.55987548828125,14925200,META
2021-07-27,369.01418804237403,370.24452329824976,361.71147971727765,364.94610595703125,15705400,META
2021-07-28,371.6435062586561,374.61021509469094,364.0729119989861,370.37347412109375,29676900,META
2021-07-29,358.1891240675114,362.67391881987123,353.9622842712004,355.5299987792969,33413200,META
2021-07-30,351.24361661835076,357.92122508930873,350.19187261810475,353.52569580078125,15976200,META
2021-08-02,355.3117024170683,356.6015680075973,348.00899444804065,349.2095947265625,13180400,META
2021-08-03,349.98351529526695,351.01539564143263,344.9926820804049,348.5050964355469,12406100,META
2021-08-04,349.6759469844377,357.67318656110393,348.7730289315938,356.1253356933594,14180600,META
2021-08-05,356.8397103759352,361.06651968292107,354.121024546421,360.1437683105469,10247200,META
2021-08-06,358.5860093865691,362.30681059827253,358.5860093865691,360.6795959472656,8925000,META
2021-08-09,360.92765618426364,362.9319169074044,357.94108333229246,358.79437255859375,7798900,META
2021-08-10,359.01264661164123,361.2649909446652,356.2443923686089,358.318115234375,7469900,META
2021-08-11,359.2805476658655,359.5385026093773,355.0239428784297,357.1571960449219,8400300,META
2021-08-12,355.6589542253566,360.1735137038781,354.32936144025535,359.82623291015625,7170700,META
2021-08-13,360.143785948073,361.8206294212598,358.6653973147733,360.3521423339844,7195700,META
2021-08-16,359.69728935252357,364.09281893078384,354.59732682572513,363.7058410644531,11222100,META
2021-08-17,360.1537232259015,361.83056672447157,352.30530958489106,355.65899658203125,12328700,META
2021-08-18,353.4761013114874,357.05797793706466,352.384660276008,352.6823425292969,10042400,META
2021-08-19,348.61428473703285,354.785855077009,348.2670038908366,352.35491943359375,12004500,META
2021-08-20,351.83892962795636,357.18694489775766,350.5589656746457,356.57177734375,8697700,META
2021-08-23,356.6412844176642,362.842619862997,356.3039354030331,360.5208435058594,10942000,META
2021-08-24,360.82840025472757,365.0949066090898,359.02256424131787,362.66400146484375,9235100,META
2021-08-25,362.75332184262254,367.9723451281747,362.5548669977145,365.5216064453125,9684500,META
2021-08-26,365.5116399263221,366.56338388860024,361.2947322519193,361.54278564453125,7888700,META
2021-08-27,362.2571791977708,370.8298886670531,361.2451019807343,369.7285461425781,11219100,META
2021-08-30,369.65910844389265,378.5195689135399,367.63498415552175,377.696044921875,13547300,META
2021-08-31,376.9915944473429,379.7797124259526,375.8505245076621,376.426025390625,12345400,META
2021-09-01,376.6343583249429,381.33744111851894,375.8604329249879,379.0751953125,11567200,META
2021-09-02,378.529541866323,378.77759530135984,371.1474692172277,372.35797119140625,14832900,META
2021-09-03,371.83200915575986,374.223247324552,370.20476448124776,373.33026123046875,7509600,META
2021-09-07,372.95325943620423,379.97811852578053,370.2445053593143,379.2041931152344,10793800,META
2021-09-08,377.19995675435416,377.9044199897593,371.87177413003326,374.630126953125,11067200,META
2021-09-09,374.6996108013545,376.87253103145304,373.6379348337995,375.0567932128906,9098900,META
2021-09-10,378.39058756343474,380.8016897745919,375.3147494355466,375.74139404296875,11549600,META
2021-09-13,378.7080967281156,378.77755895045016,371.43518403399025,373.578369140625,13026300,META
2021-09-14,374.46142659975425,375.64216326926356,372.1892488559139,373.59820556640625,8711600,META
2021-09-15,374.06451890131825,374.62015608259486,364.8071795418745,371.0085144042969,17940300,META
2021-09-16,369.88729512897135,370.6512886562061,366.83126046012364,370.1551818847656,11934200,META
2021-09-17,368.518069098452,368.518069098452,358.77452395434756,361.8801574707031,26299000,META
2021-09-20,356.50236496446865,358.2189055405732,347.0763349554893,352.930419921875,19822800,META
2021-09-21,355.7085189780863,357.2365361572432,352.4242949072677,354.69647216796875,11751900,META
2021-09-22,344.5263771819773,347.11604042887694,338.0372910447487,340.53765869140625,43692900,META
2021-09-23,342.6708706244858,346.94733905140663,340.32926108840206,343.2662048339844,21806300,META
2021-09-24,340.5673831281829,351.5908918646858,339.7041621492039,350.2117004394531,18801900,META
2021-09-27,347.0862393823371,352.38465640920737,344.3774853349106,350.8268737792969,15205800,META
2021-09-28,345.26063179852906,346.8779451120339,336.28110916092226,337.99761962890625,21710300,META
2021-09-29,340.47814340744986,342.54196497120427,336.2414015814139,336.9656982421875,14452200,META
2021-09-30,337.7991500549551,340.1308279140143,335.5170404865727,336.7474060058594,16547100,META
2021-10-01,338.950049198345,342.3335009667382,336.00320408517933,340.33917236328125,14905300,META
2021-10-04,332.9174555014666,333.32426674467087,320.1873672849246,323.68988037109375,42885000,META
2021-10-05,326.02147099737994,332.5700856008035,323.62033148675994,330.36737060546875,35377900,META
2021-10-06,327.17251785068817,331.77640370121645,323.26319366414805,331.04217529296875,26443000,META
2021-10-07,334.37603807457646,336.2017077645931,326.4184945974452,326.6566162109375,28307500,META
2021-10-08,328.9287869198579,330.80405514449114,326.1505702774925,327.4801330566406,15946100,META
2021-10-11,325.07894242521274,327.8868935538608,322.7769996356763,322.9159240722656,14708200,META
2021-10-12,320.51476453054045,321.8542589738375,314.89883180646416,321.2489929199219,31658700,META
2021-10-13,324.42401070405083,324.45377589431104,320.1475734502863,322.012939453125,14761500,META
2021-10-14,325.80326469937097,327.9464498506444,324.55309607109666,325.9719543457031,14302200,META
2021-10-15,326.1207838969584,326.50776176514034,319.9988424702533,322.2313232421875,21596400,META
2021-10-18,326.38868305478695,333.2746480135661,324.94996119096635,332.7289123535156,21585000,META
2021-10-19,337.0053024175902,339.7934198739244,334.65376131484135,337.3426513671875,18786300,META
2021-10-20,340.77581084319115,341.3016828983417,336.80695600282183,338.1265869140625,13639500,META
2021-10-21,337.63043926024426,339.6446316371412,335.1697386557774,339.2179870605469,16354400,META
2021-10-22,323.80893083802226,327.06339039987455,318.60971071997267,322.08245849609375,35224500,META
2021-10-25,317.8060197357078,326.9939278171444,317.23054914233694,326.1307067871094,38409000,META
2021-10-26,325.7040226955759,327.6388209090137,307.1893146121801,313.3509521484375,65654000,META
2021-10-27,311.7435717797062,316.7641698250141,309.6301521135282,309.7889099121094,29971800,META
2021-10-28,310.5529394184158,322.98537519345757,305.7109319804182,314.4523620605469,50806800,META
2021-10-29,317.6968505547002,323.46160870461625,317.1114482093507,321.050537109375,37059400,META
2021-11-01,323.50135079861377,330.8536576667593,323.46165377375024,327.4106750488281,31518900,META
2021-11-02,328.79977498067046,332.18322727188917,321.27877830987967,325.52545166015625,28353000,META
2021-11-03,324.9400554002247,329.56377488260455,320.6834804225492,329.03790283203125,20786500,META
2021-11-04,331.40928538211995,334.64388123663895,330.0598590951158,333.2349548339844,22495300,META
2021-11-05,337.6602239773612,344.0897793143083,336.99545779027494,338.4738464355469,26872800,META
2021-11-08,341.73825606870065,342.1053702931129,335.7055798125427,335.9833984375,18342500,META
2021-11-09,337.3526516997646,338.6524492000935,331.86571125243444,332.7586975097656,17556700,META
2021-11-10,329.90110972631356,330.59567139945983,322.97547776703135,325.0888977050781,21872600,META
2021-11-11,327.25193181705265,329.87136025560955,324.45388189862655,325.1881103515625,12376600,META
2021-11-12,327.60908802886553,339.19813592267263,327.2122086341378,338.2357177734375,25414300,META
2021-11-15,341.6588609660316,350.89636806742686,340.5277530964521,344.8537902832031,25076600,META
2021-11-16,341.15283291532756,343.95088289662846,338.2158887576288,340.28961181640625,18181100,META
2021-11-17,341.5596207966842,344.5957921753798,337.45187198784345,338.11663818359375,13602800,META
2021-11-18,337.07477411208635,339.7934294341239,332.6891770840266,336.05279541015625,17487200,META
2021-11-19,339.5355810620054,349.3584918166651,337.2534711097348,342.6114196777344,26488500,META
2021-11-22,346.332142327309,351.07492208794804,337.8586600494858,338.3547668457031,27116800,META
2021-11-23,336.29093495274225,338.74170365953904,330.9032225838584,334.6240234375,17225000,META
2021-11-24,333.3837596661517,339.1187528920676,330.2185959540677,338.40435791015625,13566200,META
2021-11-26,333.18530921855194,335.12013781830825,329.31568229899483,330.52618408203125,14750700,META
2021-11-29,334.26687191807986,338.01743831325274,332.6991573903865,335.3979797363281,16650900,META
2021-11-30,332.39159586170115,333.1952865516864,320.9116758657948,321.93365478515625,25390000,META
2021-12-01,327.7182372061574,327.9265935829965,307.87396527980366,308.1815490722656,30329600,META
2021-12-02,308.9753513670774,312.1504474345972,304.8080718434129,307.9732360839844,24396200,META
2021-12-03,311.287202841972,311.30703621441194,297.1679915417255,304.4508361816406,27471000,META
2021-12-06,305.7307773330619,317.6075751777738,303.9547065343744,315.3949279785156,21758300,META
2021-12-07,319.06617346485757,323.9974768684321,318.5006043768112,320.2965087890625,18794000,META
2021-12-08,322.46943949245696,330.15909535727707,320.55447439589165,327.98614501953125,19937700,META
2021-12-09,326.9740125137161,333.5126951901082,325.4459953983986,327.2518310546875,16879200,META
2021-12-10,329.9705210935841,332.42128966430977,323.82871706978085,327.1824035644531,14528000,META
2021-12-13,328.3731442981991,338.43417572097843,327.02371788704136,331.88555908203125,22948700,META
2021-12-14,325.49568960853713,333.0861485777015,325.09881018765583,331.1413879394531,20461000,META
2021-12-15,329.9011126857574,339.4462033242894,321.45739496395663,338.9997253417969,24681300,META
2021-12-16,336.3406072064359,341.7779188431185,331.1413868855736,332.2923583984375,22635000,META
2021-12-17,330.2086365432899,334.48507425221646,328.1746110058019,331.1909484863281,40012600,META
2021-12-20,327.2121955817415,327.3312563674149,320.0186470744069,322.9159240722656,17901800,META
2021-12-21,323.868485951207,333.38381195036175,321.2291938063381,331.59783935546875,16116800,META
2021-12-22,331.200936504894,331.9054300665554,325.7040941502717,327.8770446777344,16764600,META
2021-12-23,327.5297071595906,334.04855761445225,325.8032349487416,332.6296691894531,13987700,META
2021-12-27,336.2115846993633,345.1613404781223,335.3781289082556,343.4844970703125,17795000,META
2021-12-28,343.93098110318874,349.963626048627,342.51212302101527,343.524169921875,16637600,META
2021-12-29,344.20877245568903,346.9671246425637,338.97981846156387,340.2696838378906,10747000,META
2021-12-30,341.32143706639886,344.5262975070784,340.5475117633185,341.6786193847656,10593300,META
2021-12-31,340.34909630287945,340.7658393357724,333.6516545396448,333.7310485839844,12870500,META
2022-01-03,335.6658703471166,338.4242231212458,334.564527714693,335.9040222167969,14537900,META
2022-01-04,337.30302124422224,340.4185561639644,329.2859184989826,333.9096374511719,15998000,META
2022-01-05,330.4269709092636,333.1456568355286,321.318457087581,321.6459045410156,20564500,META
2022-01-06,320.30638452508464,336.5290820753032,320.20715711438896,329.8713073730469,27962800,META
2022-01-07,330.1491276753842,334.37596709741774,326.3191978982015,329.20654296875,14722000,META
2022-01-10,322.77701413394965,325.78342022706335,312.9739386071096,325.5155334472656,24942400,META
2022-01-11,324.23555155700546,332.02443419427567,322.74723119115595,331.7664489746094,16226800,META
2022-01-12,332.57016386603556,333.7509005316702,327.4602696256606,330.6651306152344,14104900,META
2022-01-13,332.37174337245716,333.0166761967169,323.22353219830933,323.93792724609375,14797100,META
2022-01-14,319.28440929161326,330.1392280379995,318.70890847122666,329.315673828125,16868500,META
2022-01-18,320.7727836078139,321.6856032779629,315.16678211800723,315.67279052734375,22645600,META
2022-01-19,317.0916611903564,324.5531280704446,316.8436077495016,317.1015930175781,20814700,META
2022-01-20,321.3779672147133,325.2674577074556,313.5196527472708,314.0951232910156,16925000,META
2022-01-21,312.3587368736268,315.83148420546536,300.68039460419897,300.80938720703125,28710700,META
2022-01-24,295.5209166368451,307.1198968928485,286.7596832302792,306.3062744140625,38878100,META
2022-01-25,297.6144721826559,303.84557218580625,295.26290058857546,297.8128967285156,25108500,META
2022-01-26,304.61951658051186,305.1156233960731,288.58534066797705,292.3359069824219,28348800,META
2022-01-27,295.4316565894309,299.3608147276465,291.9688401446875,292.34588623046875,21629900,META
2022-01-28,293.31817127191175,299.54927129206766,290.7483417543587,299.3607482910156,21871600,META
2022-01-31,298.3387969768634,311.34673384669173,296.9894009293225,310.82086181640625,21579500,META
2022-02-01,312.110712917288,317.1710084195929,309.6897092695964,316.5161437988281,18023800,META
2022-02-02,325.2674310866213,325.44602224627516,314.4026813417235,320.4849548339844,58458300,META
2022-02-03,242.74505795410397,246.06897966279848,233.91436272380943,235.90870666503906,188119900,META
2022-02-04,233.1404086966225,240.72091927623282,228.3182504522646,235.243896484375,89342200,META
2022-02-07,235.8491731697321,236.44450739450184,222.26576636304068,223.1587677001953,88613800,META
2022-02-08,219.1304031961712,224.01209281668258,214.46698666236793,218.46560668945312,94729700,META
2022-02-09,222.45430329166842,231.55290089035407,220.47980776459082,230.19357299804688,86563300,META
2022-02-10,226.49259862397028,233.1701917922744,224.93481603289214,226.29415893554688,49310400,META
2022-02-11,226.6811426049242,228.62587292741537,217.06658968226097,217.84051513671875,46156900,META
2022-02-14,217.60237794732865,219.2792214751233,213.10765122512285,216.00491333007812,38184000,META
2022-02-15,218.75337899271693,219.42807711352177,213.3854986693314,219.2792510986328,42685500,META
2022-02-16,210.75608074636148,215.7667621295166,210.7064670415823,214.85391235351562,45817500,META
2022-02-17,212.35357836964496,215.80647777484828,205.54699184434253,206.09271240234375,38747500,META
2022-02-18,207.75962504929788,209.10903628047927,203.58239873057371,204.55477905273438,37128400,META
2022-02-22,200.76451613173913,205.8644939367054,198.5022701102353,200.5065460205078,39852400,META
2022-02-23,202.57031575483987,205.3286681275811,196.5078905456906,196.90476989746094,44481400,META
2022-02-24,189.5723435178615,206.72772654511968,188.73888765920373,205.9835662841797,49957200,META
2022-02-25,203.34425365392673,209.67458114367503,201.59794806228433,208.8411102294922,37627600,META
2022-02-28,206.0629040921381,211.49031345595338,205.21953165332295,209.38682556152344,34239800,META
2022-03-01,208.23586048014417,210.10122686689581,200.64543260210104,201.90554809570312,27094900,META
2022-03-02,203.1855050567392,207.52147375619305,200.44700090023863,206.4895782470703,29452100,META
2022-03-03,207.3924824658934,207.45201285707276,199.85165335697488,201.38958740234375,27263500,META
2022-03-04,200.7942693856852,204.2868656360038,197.2421427393917,198.50225830078125,32130900,META
2022-03-07,199.2265616760848,199.32578909187365,185.82176141781613,186.01028442382812,38560600,META
2022-03-08,186.3873456909563,195.16842766775892,184.66088843878129,188.80833435058594,37508100,META
2022-03-09,194.2158724601669,197.54971036602572,192.41003665533762,196.95437622070312,31894700,META
2022-03-10,193.32290361390366,194.7516936899463,189.5822690603511,193.69003295898438,24853000,META
2022-03-11,191.14003380617865,192.0528685324607,185.2165172013014,186.14920043945312,34694500,META
2022-03-14,185.57371350137103,190.79275173053884,184.3731434907347,185.1768341064453,31010500,META
2022-03-15,189.3143563018215,190.7828281781689,184.46243244458515,190.53477478027344,31721700,META
2022-03-16,193.18397402994407,202.1436611229739,193.00538285917506,202.04444885253906,40640300,META
2022-03-17,200.12947372415533,206.42010411440125,199.54407135237676,206.22166442871094,29499700,META
2022-03-18,205.09057109476467,215.11193563474245,204.39602452486062,214.80435180664062,52128000,META
2022-03-21,212.82981923288457,213.03819075246523,206.01331658056841,209.84326171875,30142300,META
2022-03-22,209.72421682594123,217.75123762085474,208.54348003353834,214.96310424804688,31998800,META
2022-03-23,211.66895048940947,215.11193324044734,210.50806227692397,211.79794311523438,23717300,META
2022-03-24,213.32595793947633,218.9518081297337,213.11758638873476,217.86038208007812,31502300,META
2022-03-25,218.79300673228764,223.7441578485975,217.1856256093876,220.0928192138672,40039000,META
2022-03-28,220.4004213594452,222.29553791114895,217.830576517749,221.8490447998047,26224100,META
2022-03-29,224.3097380278288,229.09219975413018,223.5357974834285,228.07022094726562,31417900,META
2022-03-30,227.12764131461282,229.3501903092489,224.9447742063183,226.07589721679688,25588000,META
2022-03-31,226.67119351331812,226.7108905356395,220.5293889171824,220.6286163330078,24192300,META
2022-04-01,222.80159128229144,225.51033046743126,220.96598986548707,223.09925842285156,19544800,META
2022-04-04,224.22043413017906,232.52527259224502,224.10137333817107,232.06884765625,28054800,META
2022-04-05,232.2573692886443,235.01572198026443,229.2211979906724,230.03480529785156,29727200,META
2022-04-06,225.14318617073423,227.20699222567552,219.68601150256504,221.56129455566406,28995100,META
2022-04-07,222.18638486720067,223.76401600245768,216.85820266353352,221.21401977539062,21037200,META
2022-04-08,220.6484754046232,223.37706293065762,218.31676728092958,220.59886169433594,18375700,META
2022-04-11,216.7192968654244,218.8922471136339,213.54421631232353,214.77456665039062,20516600,META
2022-04-12,218.52515061375053,220.3012064741465,211.47051060517515,212.47264099121094,20128800,META
2022-04-13,210.17069419373846,214.92339072532232,209.68450407431595,213.31600952148438,19231800,META
2022-04-14,213.21680557031203,213.3160329982505,208.36488108772562,208.54347229003906,18379500,META
2022-04-18,208.3648821840085,211.71856941823995,206.67812188003873,209.12889099121094,16580800,META
2022-04-19,208.88081149240958,216.7292095688352,207.3726425799073,215.61793518066406,20089900,META
2022-04-20,211.94676758701675,212.49248814621333,197.37114601309614,198.85946655273438,43036500,META
2022-04-21,200.03027030150272,201.38959810560033,184.13500399279943,186.60562133789062,49954100,META
2022-04-22,188.88770453092923,191.21941262522995,181.84299681832218,182.67645263671875,36426800,META
2022-04-25,181.307187460691,185.72253496662242,180.24552677813085,185.53402709960938,29281100,META
2022-04-26,185.17682720845232,185.73246439664177,178.10233946459232,179.54104614257812,31747400,META
2022-04-27,173.0718284502036,179.7990512660107,167.68411532557215,173.58778381347656,71062900,META
2022-04-28,201.3399797700055,206.90629861285063,191.39799536375196,204.1280975341797,100890600,META
2022-04-29,202.86801081473362,210.82555343692744,198.3435038247346,198.90907287597656,49193400,META
2022-05-02,199.60359976179677,210.23021363572835,199.42500858844238,209.48605346679688,49915300,META
2022-05-03,208.81134431020465,213.22669170109717,206.46971966222895,210.37904357910156,41556300,META
2022-05-04,209.0097712514768,222.55349483936473,205.3485160921783,221.67042541503906,41375900,META
2022-05-05,217.03684194471614,218.45570034538184,204.55479110579824,206.6582794189453,41129200,META
2022-05-06,205.7255749921496,207.74969932081515,199.454792583687,202.18338012695312,34747200,META
2022-05-09,198.2839763057758,200.99273052738982,194.05715151927018,194.6822509765625,36303200,META
2022-05-10,197.95652555162374,201.37967450866105,192.67795718797927,196.1110076904297,34452500,META
2022-05-11,194.80129861899218,199.10750202518517,186.8040593960686,187.27040100097656,31153400,META
2022-05-12,185.60349999300624,196.50793445839577,183.3412538744328,189.75096130371094,38262200,META
2022-05-13,191.0804924673125,198.3335712924769,189.79061178927196,197.07345581054688,24549800,META
2022-05-16,195.51571260175743,203.77092271249356,194.4044229626352,198.482421875,27112600,META
2022-05-17,200.54623626968387,203.86024166743212,196.81551805794317,201.04234313964844,24872700,META
2022-05-18,198.44272092521723,199.43493452984333,190.1378978992899,190.74314880371094,23960000,META
2022-05-19,189.71124151698106,193.76939159776364,188.12370880561264,189.800537109375,24446900,META
2022-05-20,193.45189338862062,196.36900389432037,186.4071705328154,192.03302001953125,31465600,META
2022-05-23,193.67019183029456,195.45617949343676,189.75095079783037,194.70208740234375,25059200,META
2022-05-24,179.14417279094744,182.24979113801103,174.73874187922655,179.8684844970703,50406300,META
2022-05-25,178.99532022087533,184.00600172835072,177.92374289893897,182.39862060546875,28030200,META
2022-05-26,181.4560248290842,191.32854694787179,180.84084211269274,190.1378936767578,23056500,META
2022-05-27,189.87002195679923,193.809111717142,188.32217094426778,193.6106719970703,22562700,META
2022-05-31,193.37251497016206,196.06142058608745,190.5149348528655,192.1322479248047,26131100,META
2022-06-01,194.9799210819024,197.9764108848216,183.55954612220572,187.17120361328125,36623500,META
2022-06-02,186.98265238418233,199.3754058637499,186.26825737146237,197.3115997314453,31951600,META
2022-06-03,194.45401759307975,195.07911700749378,188.30229628512222,189.2945098876953,19465000,META
2022-06-06,192.47954818945584,195.3867271701413,186.9330618961677,192.73751831054688,30574200,META
2022-06-07,190.43556603902965,194.99975506385698,189.99900473350633,194.12660217285156,18828700,META
2022-06-08,193.1542095593346,200.45690187772112,192.8962394872638,195.10887145996094,22267200,META
2022-06-09,192.76726134545828,197.8970039563833,182.24979089220236,182.5673065185547,23501600,META
2022-06-10,181.6147791626238,181.6743246989857,173.65723661984313,174.2029571533203,27450800,META
2022-06-13,169.26170095508755,171.2362113127509,162.75278267813596,162.98098754882812,31749300,META
2022-06-14,164.73723361805804,165.45162866818345,160.10359761848122,162.45513916015625,27244300,META
2022-06-15,165.89810383704474,170.8194897453489,162.70317496971361,168.0313720703125,30008300,META
2022-06-16,162.4452315414264,163.7946428069884,158.36723254432198,159.61741638183594,26944100,META
2022-06-17,160.42106960965214,164.6082117437861,158.65493081070196,162.4650421142578,31374200,META
2022-06-21,164.63801100527013,166.45376388238589,154.75557108979552,155.82716369628906,50724900,META
2022-06-22,157.14680447815155,159.53802789484112,154.22969389233737,154.63650512695312,47267800,META
2022-06-23,155.05324543763655,158.50614501472532,153.04896944301333,157.51393127441406,40499200,META
2022-06-24,160.47069933031898,168.92436333833888,160.04405475471546,168.83506774902344,68736000,META
2022-06-27,169.98602536256894,170.41266990358127,166.70178593534752,168.17027282714844,29174600,META
2022-06-28,168.57710579735652,169.96621409614545,159.35944695501826,159.42889404296875,27744500,META
2022-06-29,162.2963989666472,165.0349032740984,159.07170450541813,162.66351318359375,28595200,META
2022-06-30,160.88744734437603,163.94346739412538,157.25595666485037,159.9944610595703,35250600,META
2022-07-01,159.06175413379128,159.3693379164502,153.79310252765947,158.783935546875,31423900,META
2022-07-05,156.9086379264944,166.93991673848944,155.7973636821509,166.88038635253906,28618600,META
2022-07-06,166.89033737772058,170.2539411358276,164.17168159339727,168.4481201171875,23085900,META
2022-07-07,168.1306178006273,171.3751610195185,166.47362264614256,170.8492889404297,24083400,META
2022-07-08,168.65646764813104,171.05762280254982,166.84071489855444,169.54946899414062,19249200,META
2022-07-11,165.76913276098287,166.1858606545308,160.64930697171704,161.61175537109375,21885600,META
2022-07-12,163.5168038543085,164.61816155285183,160.83783016973706,161.99871826171875,16639700,META
2022-07-13,158.91293732025682,163.6953991051211,158.3672168002053,162.21701049804688,16555100,META
2022-07-14,159.96466626461358,161.32399395376947,156.05534254020475,156.81935119628906,23765200,META
2022-07-15,159.2899748082911,163.6954058947358,158.57559489965857,163.41758728027344,23342800,META
2022-07-18,165.45164385786507,170.35318223623105,164.35028598280718,165.9279022216797,23574300,META
2022-07-19,169.04342159539536,175.11577895763392,168.19011731697498,174.4113006591797,25933700,META
2022-07-20,176.10798111100158,182.17040625480746,175.32412396073522,181.66436767578125,24784300,META
2022-07-21,179.2235433302716,182.41847226069277,177.47723774446465,181.74375915527344,27195800,META
2022-07-22,171.72242605878435,174.23272541696684,167.09870675194256,167.95201110839844,42583900,META
2022-07-25,167.68410990943246,169.24189263554436,163.52673221768362,165.35240173339844,26166300,META
2022-07-26,164.6479204044126,164.70745079555678,156.7201286175358,157.91078186035156,28468400,META
2022-07-27,161.3239894406539,169.5395160150193,160.75843561805868,168.2595672607422,43846600,META
2022-07-28,159.80591587624482,160.25240895674543,153.64427805738555,159.46856689453125,73214300,META
2022-07-29,156.4621659776194,158.8930862847135,153.96178345090468,157.86119079589844,42065400,META
2022-08-01,156.0255825636675,163.9037606652723,154.02130693001527,158.68470764160156,40596700,META
2022-08-02,157.07732170479792,160.97672875527448,156.779654617437,158.94268798828125,27374500,META
2022-08-03,161.4232605209222,168.21991575542236,160.3119859442989,167.48568725585938,31721900,META
2022-08-04,166.98955319565712,170.80956650112654,165.50123278418064,169.24188232421875,23938200,META
2022-08-05,165.68976183936536,170.27378402922727,164.50902518076973,165.80882263183594,25832700,META
2022-08-08,166.69189668226872,176.12784324049753,165.82867563352886,168.92437744140625,27299100,META
2022-08-09,167.63447078054156,168.20995643758116,165.30277809802828,167.21774291992188,18655100,META
2022-08-10,174.6196773573301,179.07470674304471,172.59555312980802,176.9513702392578,30262100,META
2022-08-11,178.3107326167913,181.67433649056517,174.99672731657017,176.10801696777344,24079100,META
2022-08-12,179.402142516149,180.04709045423732,177.51694269092118,179.0945587158203,21274000,META
2022-08-15,177.56654148581777,180.0272268217476,176.8124495070817,179.48150634765625,15878700,META
2022-08-16,178.0428056048491,179.58073966791372,175.66148395043294,178.07257080078125,21156700,META
2022-08-17,175.38367239848955,176.75293202621683,172.81384278005555,173.48855590820312,20118100,META
2022-08-18,172.9825331762889,174.39147481635746,170.52184743447762,173.300048828125,18844500,META
2022-08-19,168.87473977974705,170.97824275855308,165.74927321620558,166.65219116210938,26240800,META
2022-08-22,164.20144505183907,164.20144505183907,160.99658400957932,161.7804412841797,19499700,META
2022-08-23,161.21487292760173,163.76486932772292,159.44873380548583,159.8555450439453,18111800,META
2022-08-24,159.34952316474363,164.1716822581917,158.52598399302542,161.98880004882812,20891500,META
2022-08-25,163.89384508074522,167.565047734485,162.74288874160553,167.4658203125,15550500,META
2022-08-26,167.1681532011775,169.58915695402584,160.41118059882976,160.52032470703125,24023600,META
2022-08-29,159.4090526295797,161.78044270679146,157.77189098214532,157.93064880371094,20052700,META
2022-08-30,159.10145839344236,160.40125579993304,154.6960275433671,155.93629455566406,19567900,META
2022-08-31,165.76912506695646,166.53311859967866,160.87750439263087,161.66134643554688,40953000,META
2022-09-01,162.30630965585266,166.05687601790066,159.10146382584418,164.07244873046875,30145700,META
2022-09-02,166.14617414203198,166.62243245907325,157.98025996910707,159.0717010498047,22634200,META
2022-09-06,158.85340797014467,160.43102400577848,156.46216949199575,157.3055419921875,19339800,META
2022-09-07,156.53160209381846,159.70669752312688,155.58900226198247,159.14112854003906,16831200,META
2022-09-08,157.47424978383748,160.96683125776227,156.51180124210805,160.79815673828125,22530800,META
2022-09-09,161.97886235913248,168.21987893943492,161.75065748137297,167.83291625976562,22086800,META
2022-09-12,166.0866417456848,170.05549633320575,165.9774976389288,167.64442443847656,23220400,META
2022-09-13,160.28217241060221,160.3714831377137,151.48124294581012,151.9376678466797,44444100,META
2022-09-14,152.13610619670536,152.34446256485677,147.88943339273362,150.29058837890625,43064200,META
2022-09-15,148.63359721808547,152.99933091133602,147.54215622478398,148.3855438232422,34606300,META
2022-09-16,146.89723035392328,147.42310236449293,143.16649743066273,145.1509246826172,40122800,META
2022-09-19,144.10913948991376,147.42312998804502,143.9702301618478,146.86749267578125,22169500,META
2022-09-20,144.64488510460586,147.68105604018982,144.08924795822142,144.9524688720703,23217400,META
2022-09-21,145.25016940235443,148.43518218270748,140.8943516710801,141.01341247558594,38338600,META
2022-09-22,140.44784645009264,143.4542526254641,139.77313328922853,141.7079620361328,34418500,META
2022-09-23,140.3188416841715,141.509494943838,137.80854255554897,139.31671142578125,31710700,META
2022-09-26,139.028967578612,141.13247074803093,135.12957531950997,135.30816650390625,30497000,META
2022-09-27,136.84608078184743,138.3344009957248,133.07566654536285,133.35348510742188,30826500,META
2022-09-28,133.571776901403,140.92408259070461,133.22451125941086,140.50735473632812,32658500,META
2022-09-29,138.2748971610571,138.7511554817555,134.1472846750604,135.34786987304688,38985400,META
2022-09-30,134.99066448664058,139.89220213583388,134.4449439738801,134.62353515625,33166400,META
2022-10-03,136.07219105782457,138.53287688225336,135.04029543467058,137.53074645996094,27723100,META
2022-10-04,139.39606984557074,141.28126930136676,138.25501532024123,139.1876983642578,34670700,META
2022-10-05,137.16359885250762,139.11826064676538,133.73053350188934,137.8978271484375,27979300,META
2022-10-06,136.64765768866192,140.3486101635324,135.5363833056393,137.98715209960938,36231100,META
2022-10-07,135.695128574833,137.21321419500794,131.4087736296269,132.41090393066406,33214800,META
2022-10-10,132.51012367496634,135.05018796059127,130.84319702503913,132.7482452392578,24024000,META
2022-10-11,130.59515872186037,131.6270694195871,126.00121214365586,127.53913879394531,38481400,META
2022-10-12,127.32085507662566,128.6603343385144,125.2669656790939,126.50723266601562,34605200,META
2022-10-13,122.56815372132348,130.11890037271309,121.5759400490777,129.2755126953125,34325700,META
2022-10-14,129.9799863217405,130.76382843262456,125.53486590146892,125.77300262451172,23559400,META
2022-10-17,129.2854529454353,133.7404829345073,129.16637700182142,132.99632263183594,29612200,META
2022-10-18,136.02255010394123,136.76671025641883,130.37685265808165,131.76596069335938,25445000,META
2022-10-19,131.85527792886984,135.9332768396588,131.19049656696248,132.192626953125,30691000,META
2022-10-20,131.89495242051143,135.70506431958893,130.28757116213697,130.505859375,26356300,META
2022-10-21,125.32649348650858,129.106824762259,124.46327252621275,128.9976806640625,46348600,META
2022-10-24,126.25917694643074,132.44066325636285,123.60004427257866,128.70994567871094,63563400,META
2022-10-25,129.86091947335717,137.27275620010687,129.57316905393745,136.4392852783203,38433200,META
2022-10-26,130.65466082184525,134.49453719771353,127.52919448658061,128.8091583251953,82791500,META
2022-10-27,97.21710339753913,101.70190607104732,95.6295553931211,97.17741394042969,232316600,META
2022-10-28,98.80463544203202,100.06474342579838,96.75075352345948,98.4275894165039,95928300,META
2022-10-31,97.45523825965478,98.54667189891777,91.87899411506989,92.43463897705078,121361400,META
2022-11-01,93.59551916910262,96.73091049225727,92.82159370231095,94.458740234375,110189600,META
2022-11-02,93.47645207623735,94.45874152287298,89.7754992022516,89.83502960205078,71821100,META
2022-11-03,89.37860046586853,89.75563889838399,87.72160561588133,88.21771240234375,60664000,META
2022-11-04,89.64650764938459,90.67841082153454,87.40410253355893,90.08308410644531,55638100,META
2022-11-07,94.04199934191713,96.12564628921443,92.37508027008157,95.9668960571289,81987300,META
2022-11-08,95.17312866285086,97.03849511420917,94.05192999686678,95.7188491821289,52088300,META
2022-11-09,100.92797743293154,104.0832172597688,99.95560468906787,100.67992401123047,107677300,META
2022-11-10,106.28592485654346,111.87208476763833,103.79546657050064,110.99893951416016,80671000,META
2022-11-11,108.37950103418012,114.00535064993957,107.96276554524319,112.13998413085938,59961700,META
2022-11-14,110.12579673918653,115.36468387805913,109.93728128327324,113.33065032958984,53395000,META
2022-11-15,115.16623522640658,117.81544379009492,113.51916454422182,116.16837310791016,50670500,META
2022-11-16,113.6084507653415,115.1761499813461,111.78278147834015,112.34834289550781,33287800,META
2022-11-17,109.55031120602072,111.45535957072005,108.94506028234187,110.58220672607422,35093800,META
2022-11-18,112.91391754527949,113.42986531772654,109.75867780342048,111.17754364013672,33357700,META
2022-11-21,110.65166362870413,111.4950512926187,108.33981156253067,109.00459289550781,24351100,META
2022-11-22,109.00458917284487,110.75088726803217,107.47657928580465,110.5722885131836,29029000,META
2022-11-23,110.85011058058302,111.79271052341535,109.86782118321183,111.36605834960938,21343100,META
2022-11-25,110.43338213815132,111.85224795871838,110.15555595769946,110.54252624511719,12007600,META
2022-11-28,109.91742593923475,111.1676172464969,107.53611168682706,107.93299865722656,23309400,META
2022-11-29,108.68708307062184,110.07618368108777,107.6948694302875,108.60770416259766,23899200,META
2022-11-30,108.65732322402079,117.23997314960913,108.52833059963122,117.18043518066406,43348600,META
2022-12-01,118.27186971846952,120.25629711354443,117.4781033024334,119.5022201538086,36551400,META
2022-12-02,116.91253249670689,123.07417815982849,116.69424428941612,122.52845764160156,39950500,META
2022-12-05,120.80199434229579,123.6992559627019,120.40510742594151,121.47669982910156,35474900,META
2022-12-06,118.97633224629031,119.61134832247026,112.85436879532277,113.23141479492188,43689200,META
2022-12-07,112.87422558377872,114.97771365164438,112.00107273750456,113.04290008544922,29461100,META
2022-12-08,115.48374322681642,116.42634314272308,113.69775567353206,114.43199920654297,30619400,META
2022-12-09,114.40224712319691,116.6248037787363,112.98338117376993,114.99757385253906,26033400,META
2022-12-12,114.28316748923302,114.81896376384701,112.25905075290997,113.81682586669922,24747100,META
2022-12-13,121.17904091513068,122.33993654844322,117.71621766581951,119.21446228027344,44701100,META
2022-12-14,118.46039008353992,123.17340504101887,118.46039008353992,120.64325714111328,36922000,META
2022-12-15,117.40864685802285,117.70630642075625,113.122284052751,115.24562072753906,34531000,META
2022-12-16,119.29385024041143,122.34986252333044,117.8948253630125,118.50007629394531,67064000,META
2022-12-19,115.9203236322201,116.88277209293447,113.43978948398286,113.588623046875,29769900,META
2022-12-20,112.37811145796563,116.41642039944615,111.58433757114356,116.17828369140625,28742500,META
2022-12-21,115.79132814906961,119.40298517401476,114.71974317671537,118.82750701904297,20392800,META
2022-12-22,116.2874401888101,117.69638936664268,113.48939791591519,116.20806884765625,23618100,META
2022-12-23,115.12653641136643,117.259797047044,114.64035389392922,117.12088775634766,17796600,META
2022-12-27,117.01175995140878,117.67654130229182,115.14640095236707,115.96993255615234,21392300,META
2022-12-28,115.34482600764325,117.23003328004548,114.61059009501939,114.71973419189453,19612500,META
2022-12-29,115.49367072170247,120.0876172098368,114.86857127552733,119.32361602783203,22366200,META
2022-12-30,117.23995868140861,119.48235589188383,116.8232232301799,119.4029769897461,19583800,META
2023-01-03,121.86367423605601,125.38603554945252,121.32787798283579,123.76872253417969,35528500,META
2023-01-04,126.38818206775602,128.04518474828575,124.8700962736693,126.37826538085938,32397100,META
2023-01-05,125.14790852344242,127.51930617905816,123.5702924084817,125.95160675048828,25447100,META
2023-01-06,127.96578684693003,129.3151979236821,125.05860074966127,129.0076141357422,27584500,META
2023-01-09,130.1387577046288,131.91481363671815,128.27339102960076,128.4619140625,26649100,META
2023-01-10,126.27901284967068,132.40097609349974,126.15995207065836,131.95448303222656,28684400,META
2023-01-11,129.9403353966972,132.80783288245752,129.3251525005948,131.8553009033203,25423000,META
2023-01-12,132.40098047601523,136.60795630012376,130.7340538147821,135.64552307128906,30757700,META
2023-01-13,133.91910771316063,136.32026347015506,133.7901150648155,135.9134521484375,22423800,META
2023-01-17,135.11965288431784,135.68522195416884,133.20468773197197,134.30604553222656,21147600,META
2023-01-18,134.7525532778595,136.18134356719094,131.76599520084105,131.98428344726562,20215500,META
2023-01-19,131.4584137305534,136.37978577197362,131.11113283949365,135.08990478515625,28625200,META
2023-01-20,134.83189131351588,138.85035899875172,133.56185925032688,138.2847900390625,28688600,META
2023-01-23,138.20542835766489,142.6406244467156,137.5803440727501,142.15444946289062,27470100,META
2023-01-24,140.58674499285107,143.87096953007216,140.25931269367496,142.02545166015625,21970200,META
2023-01-25,140.12040528118638,142.05521876598272,139.21748727495543,140.39822387695312,26622000,META
2023-01-26,143.27564745369034,146.36143256354927,142.18422150401676,146.153076171875,25482100,META
2023-01-27,147.08572466635854,151.997178128643,146.24233719284558,150.5584716796875,35771900,META
2023-01-30,148.24665581205556,149.9433327979943,145.80580339476526,145.91494750976562,28040100,META
2023-01-31,146.7980116547346,148.71299193940402,146.3713670374125,147.81007385253906,29842100,META
2023-02-01,146.87740052745855,152.38418988018302,145.9149519766229,151.92776489257812,55661000,META
2023-02-02,181.95212522311238,195.6248266993024,178.757196388301,187.30015563964844,150475700,META
2023-02-03,182.0414199235635,195.23786307187538,181.4659342518953,185.0775909423828,76809700,META
2023-02-06,185.0776087109676,189.215137765212,184.075478386839,184.61126708984375,42483800,META
2023-02-07,184.13502643535176,192.27117602009497,182.96420635731428,190.12799072265625,47080700,META
2023-02-08,188.5205745350657,189.34411359851615,181.49570078296176,182.00172424316406,36139100,META
2023-02-09,184.6807175636952,185.1966577219229,175.88970468339843,176.53463745117188,37118800,META
2023-02-10,174.9768576529371,177.4970732939062,172.00021713810386,172.79397583007812,33433600,META
2023-02-13,176.83229753191048,179.59064994977518,174.45099110237942,178.03286743164062,31463200,META
2023-02-14,175.78056138196592,180.09668136890622,174.51052921137415,178.08248901367188,24034600,META
2023-02-15,175.04633504206592,176.80255748917412,173.96482576796248,175.78057861328125,25308900,META
2023-02-16,171.40490435914325,174.4807726641265,170.45237261399396,171.09732055664062,25827500,META
2023-02-17,168.89459799541382,171.8315417346345,168.37864269096454,171.5338897705078,24171300,META
2023-02-21,172.95275977485835,176.78270508862917,170.541687860479,170.74012756347656,34592600,META
2023-02-22,169.7379990849405,171.41482746265243,168.36873938126783,169.78759765625,22433200,META
2023-02-23,170.66072705596093,172.337570343035,168.06113245373834,170.70040893554688,20017800,META
2023-02-24,167.3269194643697,169.39072579815928,166.35455426767354,169.06329345703125,19791300,META
2023-02-27,170.5417013100807,171.77203664968215,167.74365131521915,168.21990966796875,19277000,META
2023-02-28,170.56149751299935,176.16751296792663,170.53173231868809,173.5778350830078,46051100,META
2023-03-01,173.23057502664264,176.46520116867393,171.70257268922543,172.06968688964844,30998400,META
2023-03-02,171.03779768581322,173.64730934892816,170.0951825850901,173.17105102539062,17352000,META
2023-03-03,177.5268721750104,185.1669145848466,175.67143741347317,183.80758666992188,45877700,META
2023-03-06,186.5361649817629,188.183243263601,183.20232653393649,183.46029663085938,33209400,META
2023-03-07,187.52837844576686,188.87778960526148,182.57722691894926,183.07333374023438,36701500,META
2023-03-08,181.44609997913568,183.81748992709475,179.92801435060838,183.52975463867188,19432400,META
2023-03-09,184.89903392862337,187.4589320189714,178.89613785727124,180.2753143310547,26582800,META
2023-03-10,179.60059470599492,183.3313278726715,177.40781092790243,178.11227416992188,25665000,META
2023-03-13,176.5743594721353,182.3490354235612,173.45880901106162,179.491455078125,24728000,META
2023-03-14,186.1194344072328,192.8069597193349,185.10737226611835,192.50929260253906,41642600,META
2023-03-15,191.4476222684607,196.24001605303158,189.35405084464165,196.2102508544922,42123600,META
2023-03-16,196.71628688338527,204.15788979119992,194.5631849255218,203.3343505859375,50447100,META
2023-03-17,198.9983842818553,200.32794705324463,193.90832297618806,194.08692932128906,50141100,META
2023-03-20,196.9345413943134,197.8076941641237,192.13223144031136,196.26976013183594,25186300,META
2023-03-21,201.6177718004076,201.9650525669784,196.40865114170134,200.58587646484375,31827000,META
2023-03-22,200.92325316226015,205.75532852932008,198.1152868691705,198.2541961669922,28477800,META
2023-03-23,201.26058693861313,206.26135156215855,200.57595718682018,202.6893768310547,27389700,META
2023-03-24,203.58237521787427,205.96369689550627,201.96507737654167,204.40591430664062,27716400,META
2023-03-27,203.2152668797388,204.2570941974041,199.79213295596273,201.26060485839844,18527200,META
2023-03-28,198.59155960774748,199.4647124804403,196.35907885459528,199.117431640625,19127300,META
2023-03-29,201.9749670473946,204.11815172861478,200.96290509126692,203.75103759765625,18851100,META
2023-03-30,201.79640039190454,206.46971782081823,201.24076321598065,206.22166442871094,22608300,META
2023-03-31,205.62634833468755,210.5179540303412,205.16000673960775,210.2897491455078,25440300,META
2023-04-03,207.21389041897956,211.8276928727448,206.57887430271677,211.4109649658203,17924600,META
2023-04-04,211.72846502268536,214.5562799124581,210.885077384689,213.04811096191406,21026400,META
2023-04-05,212.48255219823199,213.51446289742063,208.3053411097266,209.83334350585938,19396600,META
2023-04-06,207.6207189424339,215.25084479932204,207.0253846600838,214.41738891601562,26104400,META
2023-04-10,213.0381989750547,213.98079891244384,209.019730673576,213.077880859375,16106100,META
2023-04-11,213.80217329304816,214.3379770928918,211.74829910025377,212.18487548828125,16710100,META
2023-04-12,213.16716550452043,215.15159269813535,210.92476822612764,212.33370971679688,18972200,META
2023-04-13,214.05022518277008,219.42802081401916,214.01054330230806,218.63426208496094,23310400,META
2023-04-14,216.18350440998398,220.38056370650133,215.85607210458502,219.76539611816406,21591200,META
2023-04-17,218.07863523228386,219.25937191854015,215.43935838415817,217.1558837890625,15481900,META
2023-04-18,218.19769611867787,218.7235681147785,214.52650883156815,216.19342041015625,12281000,META
2023-04-19,211.80786023682174,215.63780573322012,211.2720563592022,214.02049255371094,15898100,META
2023-04-20,211.8177610468795,215.0623038493368,211.11329784945184,211.4109649658203,16475400,META
2023-04-21,208.5732355565436,211.74831617092386,207.9481361196577,211.23236083984375,17717200,META
2023-04-24,212.01618714236722,212.2543238481798,209.06932678531544,211.13311767578125,15750900,META
2023-04-25,209.17847205585224,209.61503330899023,205.51720156083385,205.93392944335938,19198200,META
2023-04-26,210.84539960612796,212.44286418050763,207.25359105527792,207.76953125,41992700,META
2023-04-27,238.02213009217323,239.8081176766573,234.9264283723866,236.70248413085938,71196500,META
2023-04-28,237.1489789055397,238.5579204709665,233.91436785871295,238.44879150390625,39554000,META
2023-05-01,236.76202234544346,242.10013676312872,234.61885231326877,241.28651428222656,29143900,META
2023-05-02,241.2865062992217,243.01296348744427,237.1291438550172,237.377197265625,24350100,META
2023-05-03,237.60539080118016,239.8676365865375,230.93771423171293,235.18438720703125,34463900,META
2023-05-04,234.22192161729876,236.34525794910945,231.11628844816386,231.7017059326172,17889400,META
2023-05-05,230.43169483131584,232.85268332838044,228.0603049028967,230.9674835205078,27000500,META
2023-05-08,229.618073071823,233.7853672287388,228.47703347004094,231.45367431640625,16400500,META
2023-05-09,229.65778559464076,234.04336825414188,229.2807395505276,231.5529022216797,16865600,META
2023-05-10,234.3311038856675,234.9065896390676,228.92354233696676,231.26516723632812,19119000,META
2023-05-11,231.23538492451843,236.35521078761784,230.49122471674158,233.95404052734375,20449000,META
2023-05-12,234.89664985723425,235.11493805740562,229.64783150762847,231.9894561767578,16161400,META
2023-05-15,235.07525568820336,238.38924563922228,233.4976396213384,237.00015258789062,20653200,META
2023-05-16,233.95402820885016,237.77405646362476,233.68614144893996,236.96044921875,18163800,META
2023-05-17,236.59336149432914,241.941392907079,236.28577765964093,240.60191345214844,21193100,META
2023-05-18,239.42114424198073,245.16605431320838,239.31200014059405,244.9279327392578,22943300,META
2023-05-19,245.5431087203749,246.753610562604,241.51472379688204,243.72735595703125,21733600,META
2023-05-22,243.49915972156407,251.5956268801899,243.21140927966366,246.38650512695312,27738500,META
2023-05-23,244.88823369959792,249.65086195908967,244.72947589162,244.81878662109375,17748100,META
2023-05-24,243.3701694042358,247.64660792831876,243.04273707413475,247.2695770263672,17724300,META
2023-05-25,251.4269363674874,253.62965191246678,247.2298768085311,250.72247314453125,22371400,META
2023-05-26,250.9605825230714,260.2675510820646,250.7423094564224,259.9996643066406,25727200,META
2023-05-30,263.18467584953015,266.5581962700264,259.25551819647967,260.4759216308594,23816500,META
2023-05-31,257.9755335993669,262.93660155320083,256.43761464566063,262.6587829589844,25473700,META
2023-06-01,263.8295904214734,271.8665266446984,263.81968887583463,270.4873352050781,25609500,META
2023-06-02,270.5369640530964,273.2060210618952,269.0089466293334,270.4873352050781,19416900,META
2023-06-05,268.1953464254039,273.4243319144258,267.4611179895091,269.2768859863281,20742900,META
2023-06-06,268.0366221259544,274.41654891819206,267.59011385118043,269.00897216796875,19419000,META
2023-06-07,269.55465558504585,272.1145530986745,260.75369638147964,261.5474853515625,26163600,META
2023-06-08,258.59064935462794,265.5659082885528,256.8642077422895,262.5198059082031,20899400,META
2023-06-09,260.4362851832517,265.86369579830983,259.66235964216304,262.8870544433594,16949800,META
2023-06-12,265.0897503979936,269.6340758695962,263.2640505240302,268.93951416015625,15442500,META
2023-06-13,272.73964448722876,273.57310017151735,266.99471999629225,269.2073669433594,16164000,META
2023-06-14,269.7730254955901,272.84886406164475,266.2308149508549,271.2216491699219,19175100,META
2023-06-15,270.1797347425138,281.77871344375353,269.3066122627581,279.6355285644531,25973500,META
2023-06-16,282.53284351172397,285.6087119553762,277.94882118522963,278.8120422363281,43127700,META
2023-06-20,276.55971674793904,282.5824304857627,274.0692508402336,282.1160888671875,20701600,META
2023-06-21,281.32235067713356,281.78869232986375,276.1925924971015,279.44708251953125,20556200,META
2023-06-22,276.90697727173125,283.0388807556065,275.6270434409826,282.6618347167969,17563100,META
2023-06-23,279.3181181864284,287.41458647610796,276.77805326574025,286.4819030761719,51092000,META
2023-06-26,286.45211514209774,287.5336244711032,275.43853671466735,276.3017578125,24232700,META
2023-06-27,279.8141460043459,287.09698964762225,278.46471986414537,284.81488037109375,26108300,META
2023-06-28,282.60229241746646,287.29544349247846,281.84820037160534,283.0686340332031,16722100,META
2023-06-29,282.2847661968472,284.33865559418587,278.50443484346164,279.337890625,15395700,META
2023-06-30,282.54270732726354,286.79928116014764,282.20535839309247,284.74542236328125,19694900,META
2023-07-03,284.46763593933775,287.1465943473465,282.6320348220263,283.79290771484375,8629300,META
2023-07-05,285.41020498047294,295.7986814551919,284.1302410971252,292.077880859375,33865500,META
2023-07-06,293.58608781168573,295.79870469399134,289.0417327035368,289.7164306640625,47600500,META
2023-07-07,289.90496868523604,293.89368682314864,286.4123876380687,288.267822265625,25586000,META
2023-07-10,293.2487503073784,295.8086786396994,284.8149337600443,291.81005859375,37058300,META
2023-07-11,291.6115749292531,297.84267521035605,289.6271477024056,295.9674072265625,27585900,META
2023-07-12,299.4004680187438,307.04052521355806,297.7633215569858,306.9313659667969,36677100,META
2023-07-13,311.17805244131847,313.77764746289074,307.87399417862326,310.9696960449219,30281000,META
2023-07-14,309.36233485809737,312.4282717245608,304.9668049148223,306.4650573730469,23054100,META
2023-07-17,305.14541112925815,309.2829253198248,302.3374293890318,308.201416015625,25323100,META
2023-07-18,308.4593967151567,311.75355343232627,305.22477039697566,309.6202697753906,20731900,META
2023-07-19,310.5926007326327,316.1986011328367,308.1021350775521,313.5494079589844,21763700,META
2023-07-20,311.0589442624439,313.08306835899816,299.86677676142403,300.1644287109375,23836900,META
2023-07-21,302.1985633759333,303.08161790955575,288.93266975674885,291.9688415527344,42139300,META
2023-07-24,293.4769299160423,295.2033718464492,286.0551614764398,289.3393859863281,24915700,META
2023-07-25,292.8914883953681,295.97725766591697,289.5874006764084,292.1770935058594,19585600,META
2023-07-26,298.844834198046,299.42030479674065,289.62716083305537,296.2452392578125,47256900,META
2023-07-27,322.58848618129997,322.81670621390026,307.4274633309865,309.28289794921875,64229200,META
2023-07-28,314.4126657950555,323.66010426666475,311.80313905459457,322.9457092285156,39220300,META
2023-07-31,321.1696263444991,323.1242883704477,315.11711725806254,316.1192626953125,25799600,META
2023-08-01,315.06747783999896,321.6160928831616,312.2098981644406,320.19720458984375,22817900,META
2023-08-02,315.5239417009489,315.9109195600562,308.23116529432224,311.8626708984375,20461100,META
2023-08-03,307.5167775331678,313.4899232457008,307.5167775331678,310.75140380859375,15180200,META
2023-08-04,312.5076220119246,315.93077142766623,307.7847053368224,308.3105773925781,17612800,META
2023-08-07,310.79106544719536,314.60116189806973,308.04261449667547,314.0951232910156,16236500,META
2023-08-08,311.95193321184496,315.41477908225454,307.69532861558554,310.2056579589844,15183500,META
2023-08-09,310.4437875207549,311.1879477003987,300.4918865961825,302.83349609375,19955800,META
2023-08-10,305.54225702209254,309.90799078632176,301.5039404211993,303.359375,14358900,META
2023-08-11,300.2141333924784,302.34738698274765,298.0213191173068,299.2913818359375,14046300,META
2023-08-14,298.6364234273919,303.8256805367405,295.9276697324113,303.80584716796875,15641900,META
2023-08-15,303.75628486098515,304.8377940471984,297.6938440429067,299.5989074707031,11623600,META
2023-08-16,297.8625520218376,298.735674605063,291.988633847669,291.9985656738281,18547700,META
2023-08-17,290.76815881578875,293.7447993644436,282.7312535583834,282.8701477050781,23950100,META
2023-08-18,276.857352138506,283.46549817008304,272.2435650787886,281.04449462890625,35347900,META
2023-08-21,281.24300068510377,288.23809553886474,279.6554526227014,287.64276123046875,20181500,META
2023-08-22,290.2720962228701,290.6193770623764,284.51726906518275,285.36065673828125,12980200,META
2023-08-23,286.25361732465876,295.08431211507826,285.43009337789294,291.94891357421875,18287000,META
2023-08-24,296.1757836977918,297.12830035290386,284.4081439787186,284.51727294921875,18360900,META
2023-08-25,283.9020769402463,286.1444893241868,273.8807137103689,283.2769775390625,23701400,META
2023-08-28,285.75749618346293,289.1806449684755,283.5746143089688,287.9999084472656,14239300,META
2023-08-29,286.3330045979978,296.8207102483981,285.9361251901025,295.66973876953125,20844500,META
2023-08-30,294.85613555978125,295.9674099723324,291.14523602077895,292.80224609375,17717000,META
2023-08-31,293.49679472781526,298.75554540509034,293.35790055805364,293.58612060546875,17229900,META
2023-09-01,297.03900536445764,299.39054694781646,292.17716437490265,294.0722961425781,12842300,META
2023-09-05,294.7072634122402,299.04326214464817,293.20904151317234,297.8128967285156,14956000,META
2023-09-06,299.3607770852688,300.9383931826944,293.35789651003546,296.840576171875,15418100,META
2023-09-07,295.6796859122459,304.6592078858521,289.9446918732,296.344482421875,33748700,META
2023-09-08,296.8901875518962,302.87323501269304,294.46918367681815,295.570556640625,17548000,META
2023-09-11,299.06308448116476,306.6336785793563,298.9340918771399,305.1651916503906,19489300,META
2023-09-12,303.94477776656885,306.2566524037513,297.8922990504119,299.3111572265625,13480400,META
2023-09-13,300.00570342701496,304.78818046723666,298.97382303689284,302.6846923828125,13210900,META
2023-09-14,304.3516116982113,310.4338863451406,302.65493479949475,309.2928466796875,19343100,META
2023-09-15,309.18365018768327,309.5706280070703,296.4237984522829,297.9716491699219,28131100,META
2023-09-18,295.86817708684436,301.23605631967,295.4811992467907,300.1942138671875,14234200,META
2023-09-19,300.12475074361265,303.7860209854351,297.4755273722306,302.694580078125,15924400,META
2023-09-20,302.67472271647927,305.66129510671567,297.0984875686937,297.3366394042969,19379500,META
2023-09-21,293.39757244980257,297.92206402517564,290.98647039875095,293.4273376464844,21319600,META
2023-09-22,296.9695394393899,303.00221551221176,295.947560570074,296.7512512207031,25369600,META
2023-09-25,293.33807902616303,298.6067314625518,291.41318198492553,298.4876403808594,18987000,META
2023-09-26,295.34227566816736,297.9617035770003,293.7051294401526,296.63214111328125,19417200,META
2023-09-27,298.1106127734607,298.9539701789239,284.5569702480841,295.42169189453125,36429800,META
2023-09-28,296.6123599455331,303.9448032957464,294.3898109917405,301.59326171875,22167100,META
2023-09-29,304.98659011566156,308.2212158114376,297.0290184758619,297.8724060058594,25373700,META
2023-10-02,300.3827209900587,304.7881515825602,299.2813784819107,304.43096923828125,16265600,META
2023-10-03,301.89092774805414,304.38136336068993,297.30690563751256,298.5967712402344,17362300,META
2023-10-04,296.40401336651956,304.51038244443924,296.1757933117586,303.2006530761719,16880500,META
2023-10-05,302.25805126327083,303.8257355185984,297.1679903566098,302.41680908203125,19130000,META
2023-10-06,299.0928498325672,313.8470602246019,298.5669778712355,312.9739074707031,21803900,META
2023-10-09,310.066746421115,317.8357654962619,309.392048448092,315.881103515625,22503700,META
2023-10-10,316.63522300395726,322.13209523981016,315.6827063546983,319.33404541015625,19038000,META
2023-10-11,320.49491126011156,326.2795029836983,320.43538086899065,325.2674560546875,22036300,META
2023-10-12,325.44608318054617,327.9663143762472,320.1774310246236,321.635986328125,20530500,META
2023-10-13,321.0108492234802,322.5190029215304,309.9377423510793,312.23968505859375,21341000,META
2023-10-16,316.15897834118726,319.3142105445774,313.0632462556419,318.6494140625,16536100,META
2023-10-17,315.70251300439446,321.87408274940765,314.8293601998335,321.4772033691406,16387800,META
2023-10-18,318.8875506594912,323.4021105297396,313.1029282837248,314.501953125,16851000,META
2023-10-19,317.3893483300357,319.38370771452566,309.3226454655626,310.3743896484375,18709200,META
2023-10-20,311.6940081053693,312.8449492839968,304.08371614626304,306.2467346191406,22312300,META
2023-10-23,307.09007933345515,314.8888629365929,304.86753077519865,311.5649719238281,17796800,META
2023-10-24,314.313469087205,315.8712519348251,308.2113606083932,310.11639404296875,19525500,META
2023-10-25,307.5862320515774,308.4593849099364,296.5131240641257,297.19775390625,42192500,META
2023-10-26,292.7030429628435,292.7030429628435,277.2245031094945,286.1048278808594,66684100,META
2023-10-27,292.18704475335653,296.97942267409155,290.6887926666057,294.4195251464844,29596300,META
2023-10-30,296.76113522682925,306.99085409785965,296.72143820802165,300.3033447265625,28435100,META
2023-10-31,300.94834937710914,301.31546361894567,294.548558592787,298.9242248535156,19434200,META
2023-11-01,299.4996780690973,310.3048683139882,299.4996780690973,309.42181396484375,20434600,META
2023-11-02,314.8293273096192,316.3375111890121,305.92917112013004,308.44940185546875,21631800,META
2023-11-03,310.11633466819546,313.0929753347785,308.5982491394363,312.150390625,16764300,META
2023-11-06,313.5196859262533,315.85136382365476,312.00160022439076,313.341064453125,12887700,META
2023-11-07,314.59124926347897,318.50057336518654,312.6663524101526,316.3375549316406,14055600,META
2023-11-08,315.66288535306535,318.82801924162567,312.4282589574089,317.29010009765625,13609700,META
2023-11-09,316.9329011458724,321.6558175852299,316.3177032404489,318.0540771484375,16103100,META
2023-11-10,317.44881977593377,326.53749993312164,316.9725463498959,326.2100524902344,19096200,META
2023-11-13,323.66012177465035,329.74236633406514,323.16401492354265,326.6268310546875,16908900,META
2023-11-14,331.9351380866725,335.46741599370006,330.7345378585308,333.69134521484375,17179400,META
2023-11-15,335.29874106904697,335.7650826812692,327.45032770758064,330.119384765625,14531200,META
2023-11-16,326.8053532872348,331.97477710647036,323.83864463327063,331.58782958984375,18932600,META
2023-11-17,327.6884943120668,332.88768422104437,326.78557624437,332.4312744140625,14494400,META
2023-11-20,332.28244395513093,339.20807585654825,331.58788228778786,337.3228759765625,16960500,META
2023-11-21,335.69560423392653,337.25338680796017,333.2845325230063,334.35614013671875,12027900,META
2023-11-22,336.56874798187744,340.2498820338723,335.94364860399327,338.83099365234375,10702700,META
2023-11-24,337.4816047470225,339.1981148354986,334.14775142266285,335.5964050292969,5467500,META
2023-11-27,333.5624206353755,337.25345710089465,331.59785673402524,332.0939636230469,15684500,META
2023-11-28,330.80402373364524,336.7374722413347,330.80402373364524,336.3504943847656,12637200,META
2023-11-29,337.04507424526616,337.2534306439208,328.2044465428384,329.6134033203125,16024500,META
2023-11-30,329.305804972317,330.9032544248157,319.88967678227107,324.6026916503906,23146400,META
2023-12-01,322.9456971366447,324.31492648520225,318.2624476796763,322.29083251953125,15276400,META
2023-12-04,314.8194138690752,318.36159287101395,311.2176742026113,317.52813720703125,19037100,META
2023-12-05,316.49627524979246,319.3736883630668,312.9342323945382,315.8116455078125,16952100,META
2023-12-06,319.42333881953283,319.74085446043057,314.5714297293888,314.9782409667969,11294300,META
2023-12-07,315.2957262890319,325.684204601207,315.2957262890319,324.04705810546875,15905100,META
2023-12-08,320.5743303870982,330.5758617421196,320.4850347849948,330.15911865234375,14087400,META
2023-12-11,326.8351687929006,327.3213740695982,317.50836658058734,322.74725341796875,25802500,META
2023-12-12,322.07255485448627,331.86569867463805,322.0328578303436,331.6176452636719,18485500,META
2023-12-13,331.32988483456126,335.73531570283495,330.04995107415203,332.1335754394531,16353300,META
2023-12-14,331.2505341986713,332.0939218599385,326.08110954354635,330.5758361816406,19607300,META
2023-12-15,329.40501619139945,336.02309488590646,328.6410225440708,332.3122253417969,31776900,META
2023-12-18,334.8523159299258,344.85381746597506,334.3958757915235,341.93670654296875,18993900,META
2023-12-19,342.8891779975481,350.8467508068738,342.4327681993937,347.6319580078125,17729400,META
2023-12-20,345.9352948214848,352.196160744239,345.0820055877461,346.5603942871094,16369900,META
2023-12-21,350.2315736784916,353.6348591200321,346.49090896056947,351.3329162597656,15289600,META
2023-12-22,352.8113172583685,354.4187288106996,348.4852802675343,350.6383972167969,11772800,META
2023-12-26,352.22592701294764,354.2004528401939,350.6979397367357,352.0671691894531,9898600,META
2023-12-27,353.2974869448079,356.20466538676425,352.5433949552393,355.04376220703125,13207900,META
2023-12-28,356.8992584473952,359.08211028758853,355.0239601332717,355.5299987792969,11798800,META
2023-12-29,356.19478262042475,357.1969281361714,349.08062742515625,351.2039489746094,14987100,META
2024-01-02,348.5844607184317,350.41012995956766,337.36252824234924,343.5936279296875,19042200,META
2024-01-03,342.29388045472786,345.24075624582997,340.507877692872,341.787841796875,15451100,META
2024-01-04,341.81761082843025,345.43918468397345,340.72616973060616,344.4172058105469,12099900,META
2024-01-05,344.28819338310336,350.7475137214206,343.56389682163444,349.2095947265625,13920700,META
2024-01-08,351.93815245591145,356.18482516823184,349.30876236808746,355.8673095703125,13890200,META
2024-01-09,353.62493279017207,357.8319391849978,352.5930221333329,354.64691162109375,13463900,META
2024-01-10,357.36562947931844,370.03618780504775,356.2840898762662,367.5854187011719,22117200,META
2024-01-11,369.2324630283158,369.8773958319146,360.10408551905675,366.7916259765625,17205400,META
2024-01-12,367.277824706656,374.124093141166,366.6626570609986,371.5740966796875,19310000,META
2024-01-16,370.74062077604117,372.68535103334375,364.37062615979,364.59881591796875,15306900,META
2024-01-17,363.4477892753066,365.67036808327623,355.81766511480436,365.5016784667969,12724800,META
2024-01-18,368.59740845826764,373.9156889250279,368.0616349334474,373.2012939453125,16354300,META
2024-01-19,376.04893206387004,381.36718210960373,375.0269533277706,380.46429443359375,21670800,META
2024-01-22,384.9292523171683,387.310558740859,378.19211394834883,378.8072814941406,17680500,META
2024-01-23,381.62521323149974,385.35594628431977,379.10498205560805,382.2007141113281,15506100,META
2024-01-24,386.96333625933397,393.0654443520471,384.7903858717887,387.65789794921875,15698500,META
2024-01-25,387.1319879715003,392.41054123350926,382.65709501138133,390.1185302734375,15091100,META
2024-01-26,391.27943181312344,393.7004353737154,388.5409126393493,391.0710754394531,13163700,META
2024-01-29,391.9144445908541,399.79262308602887,390.03917661129907,397.8974914550781,18742400,META
2024-01-30,400.4475204468842,403.19594147380514,396.45883230457235,396.94500732421875,18614700,META
2024-01-31,385.9711262608232,394.90104949050806,384.0859263016593,387.1022644042969,20180800,META
2024-02-01,390.87262941167637,397.38154822868097,389.98954477012256,391.7060852050781,29727100,META
2024-02-02,456.0213531341314,482.1760877489695,449.48266948042186,471.29150390625,84707600,META
2024-02-05,466.22136407769085,468.2256247901911,455.6443627225016,455.8328857421875,40832400,META
2024-02-06,460.3871235847148,463.4828252605775,449.4727736721461,451.17938232421875,21655200,META
2024-02-07,454.4338116753669,467.84852814106995,452.62797572422755,465.9335632324219,23066000,META
2024-02-08,464.67351189027835,466.9258260140374,461.4091204468022,466.3404235839844,18815100,META
2024-02-09,469.2673974671682,469.90239837584187,463.83005646437323,464.4650573730469,18413100,META
2024-02-12,464.5444687360727,475.41912086726245,462.94698916007474,465.2489318847656,19382000,META
2024-02-13,453.3126287541774,464.2468421541009,451.54648973334866,456.5373229980469,20916600,META
2024-02-14,464.2865601932742,470.41843373497767,462.460890576325,469.59490966796875,16858400,META
2024-02-15,471.5792700729416,484.8153956241021,468.5430989342173,480.2611389160156,24212300,META
2024-02-16,474.38723338064216,475.2306210030674,465.5565383292655,469.6345520019531,23324600,META
2024-02-20,466.0625897590752,472.4722813616275,462.9271910394476,468.0767822265625,18015500,META
2024-02-21,463.35878260142675,465.8419486389478,458.68050627412106,464.87847900390625,12921800,META
2024-02-22,477.0062442785985,486.69059163885595,472.8543980185372,482.8565979003906,21625800,META
2024-02-23,484.76364134369345,491.0311497339842,479.1020412033738,480.7707214355469,18374300,META
2024-02-26,480.21451660164433,482.8665512765611,477.3638468302636,478.49615478515625,12101400,META
2024-02-27,476.74801536407614,483.9889055616532,476.68842180532044,483.7703857421875,10809600,META
2024-02-28,481.73421522969807,487.7434649649456,479.4993657776015,480.76080322265625,12715500,META
2024-02-29,485.1510282882917,488.3890863550295,479.36026837522473,486.82965087890625,17732000,META
2024-03-01,488.7962772842843,500.8545450353312,488.5380486516633,498.91766357421875,16273600,META
2024-03-04,499.6129971227631,501.02344874221626,493.07731757525386,494.83538818359375,12324100,META
2024-03-05,491.6668488599236,492.24293001218,484.60473958064495,486.9190368652344,15325300,META
2024-03-06,494.2791504217165,499.583189220119,490.96164437082433,492.74951171875,11757900,META
2024-03-07,499.8911121312514,516.3495133273082,498.0039120353607,508.7411193847656,18586400,META
2024-03-08,510.72768838193537,520.0445327158662,495.98761761186836,502.5431823730469,18597100,META
2024-03-11,493.6633271933071,493.9712373423791,472.7947911045604,480.33367919921875,20428300,META
2024-03-12,489.93862852466117,498.92767795025486,481.4660667509396,496.3849182128906,15448200,META
2024-03-13,492.05425155124124,497.6066070345607,487.72359432803495,492.2330322265625,12090700,META
2024-03-14,496.8914781058929,497.97413488615047,484.8729481404794,488.5182189941406,12620000,META
2024-03-15,485.71724349168346,488.5182318843105,478.059137225896,480.8403015136719,29153600,META
2024-03-18,488.59770722014326,494.0706151061439,483.532042219563,493.6335754394531,11755300,META
2024-03-19,484.88286188860536,493.28588697301825,478.039241983051,492.89849853515625,10903100,META
2024-03-20,496.13654476437773,504.7779741854075,491.835714780714,502.1159973144531,11711100,META
2024-03-21,511.24415578806696,511.5718900411895,502.6027262330663,504.3409423828125,9712500,META
2024-03-22,503.58603728836357,506.536039547684,500.94394517125465,506.1486511230469,8120600,META
2024-03-25,502.38421028695126,503.80457393392254,496.871563696633,499.6328430175781,8380600,META
2024-03-26,501.7286443250279,506.56584667768334,491.87542863664703,492.5508728027344,11205400,META
2024-03-27,495.93788686349995,496.5239406969625,484.78352491807254,490.5345153808594,9989700,META
2024-03-28,489.521395786928,489.5710772928442,481.8831749511718,482.3102722167969,15212800,META
2024-04-01,483.91933292845414,494.0804273460892,478.5358164738241,488.0413818359375,9247000,META
2024-04-02,481.8335069600827,494.1798002750776,481.3865249828398,494.0208740234375,11081000,META
2024-04-03,495.5704114495978,503.8244530380208,495.3916307675297,503.32781982421875,12099200,META
2024-04-04,512.9426409502,526.4312162585362,507.1419685443488,507.4797058105469,26476300,META
2024-04-05,513.3797103903854,527.1265454718879,510.946195332254,523.7891845703125,19263300,META
2024-04-08,525.7160926076674,527.9111726495528,515.3960397041614,515.7536010742188,13260600,META
2024-04-09,518.7134382659121,522.3289421324931,503.32775304353936,513.4193725585938,10863800,META
2024-04-10,505.8607349176159,519.0413712587521,502.3942140103929,516.3297729492188,11418500,META
2024-04-11,517.6010838952341,520.3325667313413,513.8067986443587,519.6372680664062,10369500,META
2024-04-12,514.26364759941,516.6872198942802,505.90033167824595,508.4530334472656,11984500,META
2024-04-15,513.2405552726893,515.0384255513786,493.93148546628265,496.86163330078125,13512900,META
2024-04-16,494.755861747271,501.3710189374271,493.7625954480659,496.394775390625,9847900,META
2024-04-17,499.7122677652312,499.7718613166157,483.85974654325804,490.8424072265625,12193700,META
2024-04-18,496.4544030177161,508.76098785932845,495.67965646364473,498.4210510253906,14808700,META
2024-04-19,499.4142847960301,499.4142847960301,472.52658902325265,477.83062744140625,25215400,META
2024-04-22,486.4223944308952,488.69698284246,470.2122804474179,478.4862060546875,17271100,META
2024-04-23,487.94211241184524,495.4015526749956,485.6774662629057,492.75946044921875,15079200,META
2024-04-24,504.6389278841395,506.56586713703933,481.317021755362,490.1769714355469,37772700,META
2024-04-25,418.56245488313147,442.76835220036213,411.7089227857851,438.4079284667969,82890700,META
2024-04-26,438.48738968690355,443.433867420502,429.05135860219434,440.3050842285156,32691400,META
2024-04-29,436.60014947867506,436.7988148712777,425.6742197513567,429.7068786621094,21502600,META
2024-04-30,428.14742534435584,436.65972478747483,426.82639450620724,427.27337646484375,18429500,META
2024-05-01,425.71397863682915,446.93013406880516,424.23399111108887,436.232666015625,20344900,META
2024-05-02,435.8850291236209,440.9705483091824,429.3692038781096,438.7059020996094,15221300,META
2024-05-03,442.92732176443593,451.11185831252936,440.86134078784477,448.9167175292969,16489100,META
2024-05-06,452.51222478446687,463.020998682996,450.28731808459423,462.5442199707031,15094600,META
2024-05-07,463.1501848954651,468.3548909827228,458.2037074526032,465.0870361328125,13406800,META
2024-05-08,460.37896403219986,472.3776084845462,459.8823308455416,469.4176940917969,11683900,META
2024-05-09,466.8351419832497,472.8741875039303,464.48110579807553,472.2186584472656,9437700,META
2024-05-10,473.87742999258705,474.2846728255521,466.4378748768234,472.9934387207031,10750000,META
2024-05-13,469.5666850409423,470.1626509363038,459.73335385977305,464.8586120605469,14668800,META
2024-05-14,460.24982000044906,469.35808569307136,456.9819652481851,468.6727294921875,10478600,META
2024-05-15,471.7816605384409,479.25101255755794,468.02711495824536,478.2974853515625,13100500,META
2024-05-16,471.8014969689751,474.47338576625015,469.5666477728062,470.0434265136719,16608200,META
2024-05-17,467.6596161293241,469.61635219313234,465.265870726958,468.73236083984375,10807300,META
2024-05-20,466.78555537893186,470.01367116907085,463.89514652631107,465.6830139160156,11745100,META
2024-05-21,463.9745969325562,467.5305076270988,459.15724881960597,461.5013732910156,11742200,META
2024-05-22,464.71954780965524,470.5301623382244,462.51449517924743,464.6301574707031,10078600,META
2024-05-23,469.6958441033179,471.16585905076363,458.43220618871834,462.6436462402344,11747900,META
2024-05-24,464.4712177669983,476.61887645447604,463.16009887613995,474.9998474121094,12024300,META
2024-05-28,473.3708488306615,477.6220274622316,471.64257513598284,476.6883850097656,10175800,META
2024-05-29,471.46386116212193,476.6189165103456,470.51033384867264,471.1658630371094,9226200,META
2024-05-30,468.4939760428169,468.5535696018269,461.5808200768087,463.9050598144531,10719600,META
2024-05-31,462.66346029491183,465.9611118987805,451.3998233629331,463.6865234375,16919800,META
2024-06-03,467.68935877281706,476.3705269083725,465.0870058983624,474.27471923828125,11279400,META
2024-06-04,473.7880795710405,475.66536764367015,470.0434761018759,473.77813720703125,7088700,META
2024-06-05,481.18792879186043,493.3057609159678,480.651556438236,491.7264709472656,15690500,META
2024-06-06,489.6604646276873,499.4342020437463,487.58454155763394,490.4352111816406,10667300,META
2024-06-07,492.57074247783544,495.5505416682554,486.8694030600324,489.6405944824219,9380700,META
2024-06-10,490.53452930197295,499.2752918011658,490.087577609636,499.2156982421875,11220900,META
2024-06-11,496.792112209235,504.18201644117164,494.914824216535,504.0528869628906,9673700,META
2024-06-12,510.5289816127229,510.5488663402382,501.0730965012288,505.4136657714844,11983200,META
2024-06-13,502.3047412736244,505.9301575612256,497.98402638310364,500.7055969238281,9954600,META
2024-06-14,499.76105901416054,504.2351956755983,497.8719851588786,501.26239013671875,10243300,META
2024-06-17,498.786716272725,507.8145165497157,493.15924290347647,503.71820068359375,11266600,META
2024-06-18,501.6600694232584,503.0917955375381,492.1748915017007,496.61920166015625,13060400,META
2024-06-20,499.1147614196994,500.77517646661437,493.9148098546325,498.8164978027344,11801200,META
2024-06-21,500.5564623228992,500.5564623228992,489.56003146184884,491.936279296875,22359200,META
2024-06-24,496.3308527028193,504.88139980100635,491.44906935987734,496.0425109863281,13525300,META
2024-06-25,494.193234056006,507.77472797570107,492.65215468981233,507.6653747558594,12063200,META
2024-06-26,503.7380827860577,510.85693517121933,501.77940391512504,510.1708984375,8882300,META
2024-06-27,511.2944343363989,519.874839712924,510.94647017647,516.5739135742188,10121200,META
2024-06-28,514.1777300033583,518.8805251412638,500.94420066099576,501.322021484375,15855100,META
2024-07-01,502.0478255113692,503.6684316425156,490.335531960126,501.77935791015625,10328200,META
2024-07-02,497.8818980210312,507.5659077862411,496.5794296566328,506.5716552734375,7739500,META
2024-07-03,503.45968950388533,508.34147346230577,503.111695021788,507.029052734375,6005600,META
2024-07-05,508.65956910819915,537.7613279468876,508.65956910819915,536.8068237304688,21354100,META
2024-07-08,539.2328502639116,539.6902282867122,523.6231336593002,526.2777709960938,14917500,META
2024-07-09,530.6822430592663,534.3907852639005,525.1542018868099,526.9537963867188,8753200,META
2024-07-10,527.7392732226358,535.782802810221,525.3232468812585,531.6168823242188,10983300,META
2024-07-11,527.8387838594573,532.3825255793723,505.44819561353233,509.7533264160156,16458300,META
2024-07-12,494.89917130590845,505.16978705228513,491.3894609308073,496.0027770996094,19750500,META
2024-07-15,495.7641239558454,503.7678443636743,490.53434614881763,493.3083190917969,12539200,META
2024-07-16,498.61766470466665,501.05359564218975,482.9979652991605,486.9749755859375,14075800,META
2024-07-17,476.41602998115064,476.41602998115064,456.4812472174527,459.3347473144531,28076600,META
2024-07-18,472.2699610515285,476.4855821522594,461.87008787870946,473.1150817871094,19267200,META
2024-07-19,473.32389780212014,483.9126820908743,472.97590331818924,474.0497131347656,15149400,META
2024-07-22,483.78336899644364,489.23188362973013,481.1187795736259,484.5986633300781,12023100,META
2024-07-23,487.024670998181,492.3737546328562,484.9168604229217,485.88128662109375,9455500,META
2024-07-24,469.5954226900346,473.5624806822974,457.93282927520823,458.6188659667969,17649700,META
2024-07-25,460.59740901229253,460.8857203822564,440.1058498254093,450.80401611328125,18240500,META
2024-07-26,461.5320586336811,467.0700224305545,456.7795325266989,463.0234375,14222400,META
2024-07-29,467.1794330696992,471.23597047064357,462.347349484825,463.03338623046875,11339600,META
2024-07-30,464.3159317450937,470.01300966806275,454.0751428177802,460.52783203125,11390400,META
2024-07-31,468.31285214220173,473.76136735309956,464.06740443244325,472.1009521484375,24285800,META
2024-08-01,518.0055653777843,524.1400864636705,489.2716734818862,494.8792419433594,43083100,META
2024-08-02,486.1894847459628,498.2696468567978,473.4133337307261,485.3344421386719,24044700,META
2024-08-05,448.7558769798466,480.70121501811934,448.20901989340217,472.9957580566406,21396200,META
2024-08-06,476.24697663872547,499.6715645445627,475.8989821739981,491.250244140625,20955000,META
2024-08-07,500.2383060346242,507.21794823147314,484.0617971194812,486.1099853515625,20105300,META
2024-08-08,494.64066933875364,507.0290482599496,491.876648319754,506.7009582519531,16156800,META
2024-08-09,504.7919205071636,515.3608596163658,502.79349364561364,514.7941284179688,13696600,META
2024-08-12,513.8893622667638,515.0427292166193,506.1739830538234,512.984619140625,9767400,META
2024-08-13,517.0213750521671,528.4453292814136,515.1720795271153,525.5023193359375,13743800,META
2024-08-14,525.0249379024076,530.9307997880987,520.1232806846136,523.732421875,11444200,META
2024-08-15,528.7335620768248,536.667738996692,523.6728503857054,534.2417602539062,13482100,META
2024-08-16,528.842964640351,530.5927981833395,521.6445250806896,524.388671875,14776700,META
2024-08-19,523.8418543972291,528.6043024311272,519.7554908387405,526.238037109375,9879700,META
2024-08-20,525.3132598043475,528.037562503202,522.8574853714238,523.7025756835938,7944400,META
2024-08-21,524.1202555369616,536.2998492635563,523.9014884202904,532.0841674804688,13423300,META
2024-08-22,533.9136093150988,541.1020356974973,525.551972227874,528.8727416992188,15708300,META
2024-08-23,533.8339854766065,536.767042214686,522.0421664915824,524.9652709960938,11323900,META
2024-08-26,524.5676149591942,524.9653402482775,511.99035675969463,518.1248779296875,9584000,META
2024-08-27,515.9972106523948,520.9983305112823,512.348320490828,516.1165161132812,6282700,META
2024-08-28,514.6947141610383,518.0951016645886,509.5047448414531,513.8098754882812,9106100,META
2024-08-29,516.0667015705181,524.1698829904203,512.7160758016386,515.241455078125,8317400,META
2024-08-30,518.3535299929398,520.5309454515676,512.2389133705824,518.3137817382812,9157500,META
2024-09-03,516.6534100228187,522.4697631708141,505.69672749483755,508.8186950683594,12459100,META
2024-09-04,503.16141255787795,513.6209691624427,501.1729073895188,509.7930603027344,8335200,META
2024-09-05,508.7789615116668,518.6320088026798,508.212230225459,513.889404296875,8640900,META
2024-09-06,518.88052782919,521.5650218623427,495.38633511921387,497.39471435546875,14744500,META
2024-09-09,503.2508845942156,508.39115339074016,499.19431711601146,501.8887634277344,11047800,META
2024-09-10,505.23938973469745,511.22477928436297,497.15611148388973,501.8887634277344,9899000,META
2024-09-11,504.0959706304443,510.17083885199577,492.7515459442201,508.88824462890625,10782500,META
2024-09-12,514.07825463183,523.6827679826088,512.2587555239991,522.5791015625,11970500,META
2024-09-13,517.3494277649944,524.5478069237411,514.1379505818885,521.6047973632812,10321400,META
2024-09-16,522.0227173210484,531.5368365725262,514.9170282546622,530.7208251953125,9527600,META
2024-09-17,535.0201027147613,539.4985077957741,528.0238703630636,533.7462768554688,11690800,META
2024-09-18,534.4926264341286,541.5884146634684,531.3378561652726,535.368408203125,10323500,META
2024-09-19,547.360565064833,559.3726487545077,543.8972849270339,556.4168701171875,15647000,META
2024-09-20,557.3126307061377,561.791035774312,553.6303743905208,558.6561279296875,22066800,META
2024-09-23,566.7670162500528,571.2254976602934,559.7110138514457,561.701416015625,12830700,META
2024-09-24,563.9605473092387,565.0254197663409,551.5304953936857,560.6266479492188,12993000,META
2024-09-25,561.3431364723867,574.1115828691105,561.0147031201811,565.5827026367188,16543400,META
2024-09-26,572.967142227921,574.6291718932196,559.6513458984354,565.1150512695312,14400800,META
2024-09-27,567.3641092966835,568.1006091166316,561.8009692958777,564.6372680664062,9398400,META
2024-09-30,564.975688534177,571.9221729211617,562.0895809864053,569.6929321289062,12792300,META
2024-10-01,575.2063156344602,580.2420307996076,567.3641260621707,573.7035522460938,15259300,META
2024-10-02,572.1011848887936,573.2357285129472,566.6077171286033,570.06103515625,6524700,META
2024-10-03,567.4138954120452,580.5604622327534,566.0006662054095,579.9733276367188,11581000,META
2024-10-04,580.9287717859667,593.9858065525297,578.6398211951146,593.0802001953125,14169500,META
2024-10-07,595.3491375246505,600.0564797527886,581.2371940539072,581.9736938476562,12014200,META
2024-10-08,586.8600834032629,590.7115064354323,583.1579040765794,590.0447387695312,7857400,META
2024-10-09,591.1394888701676,591.5375936051837,578.8188944511467,587.6762084960938,9529700,META
2024-10-10,584.7503015704497,587.397509697218,579.7245483018079,581.0282592773438,7740400,META
2024-10-11,582.0234112463053,588.3727984137771,579.9135900095793,587.1188354492188,8587100,META
2024-10-14,591.36829944158,597.2200860857456,587.1287942740497,587.5865478515625,8252000,META
2024-10-15,587.3278289153324,587.7756815393129,577.3559556315927,583.45654296875,9564200,META
2024-10-16,578.6098339851692,579.2865633156184,571.275208130062,574.0219116210938,11268400,META
2024-10-17,580.5306884411078,582.1627721197076,572.4396984468079,574.161376953125,8701200,META
2024-10-18,578.3113382248611,581.1675605388372,572.4894360534232,573.7035522460938,7694300,META
2024-10-21,573.2656610260642,574.4698153606886,566.37882637357,572.3997802734375,8171900,META
2024-10-22,571.5340564192009,580.729766227226,569.3744868943032,579.217041015625,8544500,META
2024-10-23,577.1867042398765,582.192594507908,559.8005716422192,560.98486328125,14248400,META
2024-10-24,564.4083318879617,566.1499335882773,558.8252690153747,565.0552368164062,7184700,META
2024-10-25,571.1757528879629,578.5004183141831,568.9763366172681,570.4990234375,11337900,META
2024-10-28,579.2069130530849,580.9485145957703,571.3647252472138,575.3853149414062,10925100,META
2024-10-29,577.365987086118,590.8210656933186,572.6387814957556,590.4329833984375,13019100,META
2024-10-30,598.0958991586175,598.3148749725009,586.5515914382872,588.9599609375,26864900,META
2024-10-31,582.1926485103984,587.0691582392678,560.3081858518195,564.8562622070312,26838400,META
2024-11-01,564.886023984338,570.9169396034644,559.8602710921074,564.4381713867188,15303200,META
2024-11-04,561.392889439504,565.9608889972419,555.2127297782872,557.9893188476562,12064600,META
2024-11-05,564.577596671882,570.7279324508698,563.9506150919713,569.6829833984375,9775400,META
2024-11-06,560.0493909181008,570.2502016811582,552.5057499508582,569.3047485351562,18305400,META
2024-11-07,574.1216080144851,591.9456339468819,572.4496773656942,588.8605346679688,14653700,META
2024-11-08,588.7011733753752,590.2536844943522,581.7149037111028,586.5117797851562,9415700,META
2024-11-11,583.5460928122134,584.1830360838699,573.7433864354757,580.3713989257812,10209100,META
2024-11-12,585.7156075410013,596.78223842264,577.5947936518803,582.0134887695312,16287700,META
2024-11-13,579.8141352631666,582.8296239447234,572.409836177361,577.2166748046875,10757600,META
2024-11-14,574.2310533344881,577.9730193106801,570.2602105353902,574.3902587890625,11053700,META
2024-11-15,568.4786575942975,569.8222153223612,548.8533240134138,551.4209594726562,17712900,META
2024-11-18,554.3667866349945,557.2131078822542,547.4501877365338,551.739501953125,14327300,META
2024-11-19,549.2115926112795,558.7356731812587,547.957629670582,558.3973388671875,9522400,META
2024-11-20,560.2284332256156,563.632003282894,551.5403488390463,562.8060302734375,9797300,META
2024-11-21,566.7868914718125,567.2645685130409,546.4150954692434,560.3877563476562,11154700,META
2024-11-22,560.8455974662718,561.1242829453168,551.9286340129557,556.456787109375,9164000,META
2024-11-25,559.4025063006017,569.842216719163,553.7199469729902,562.3980712890625,13599800,META
2024-11-26,563.2838034841143,574.7286157457173,562.4876547795837,570.78759765625,10356600,META
2024-11-27,572.1312028238776,572.220736911576,561.3929435568074,566.468505859375,7200200,META
2024-11-29,566.2693661906345,575.6839894711363,564.1794683979023,571.5638427734375,7130500,META
2024-12-02,574.7285975175146,591.6470151067747,572.8078668096863,589.9850463867188,12522400,META
2024-12-03,592.144674748723,611.2525486705784,588.412670496105,610.7052001953125,14907200,META
2024-12-04,610.0184615359037,614.8153379179051,602.1961350667218,610.8345336914062,14697000,META
2024-12-05,614.1187259488262,616.9252004045749,604.1368295295009,606.0078125,8081200,META
2024-12-06,607.1721088209316,626.7676190380172,605.6096966963446,620.7765502929688,16935500,META
2024-12-09,620.9258564568023,623.3939965020669,603.2610368421125,610.6255493164062,11426000,META
2024-12-10,614.5963977457716,622.5878918502519,609.7995210855536,616.3479614257812,10938900,META
2024-12-11,620.37847939692,635.3363804725623,618.547343463704,629.643798828125,10837200,META
2024-12-12,628.4694930643976,633.6047040008497,624.2001022233808,627.7628784179688,7474700,META
2024-12-13,624.2099509122261,628.0514729907906,613.9295681709151,617.3729248046875,8453300,META
2024-12-16,627.4625362287662,628.6279045963112,616.1081279040426,621.7454833984375,10885600,META
2024-12-17,623.6676240678112,629.8428592082433,614.0761035079909,616.9645385742188,12897800,META
2024-12-18,618.5183765194273,624.8529462687603,593.9370093659079,594.8035278320312,17075500,META
2024-12-19,607.9507863504745,609.0762755305054,592.6222729689903,593.1900024414062,14958100,META
2024-12-20,588.2200340310932,600.6999320026418,577.6822951429677,582.9113159179688,48989400,META
2024-12-23,587.2437814772281,598.6879155279142,583.9071932608068,597.4528198242188,10205800,META
2024-12-24,600.3113609374378,605.5603202398497,596.8851663404314,605.3212890625,4726100,META
2024-12-26,603.0603968908488,603.8771273499036,596.5465535400348,600.9389038085938,6081400,META
2024-12-27,597.0146600682612,599.4449119716119,587.4430773536361,597.4130859375,8084200,META
2024-12-30,586.3972186440706,594.5544919388965,583.239903719799,588.8772583007812,7025900,META
2024-12-31,589.9032228392957,591.5963807603267,581.5168266078615,583.1702270507812,6019500,META
2025-01-02,587.3633608157467,602.4926617179121,585.470989976871,596.8453369140625,12682300,META
2025-01-03,602.3433525630181,607.06440151266,594.026683188132,602.2138671875,11436800,META
2025-01-06,609.385054699766,628.4684617844035,603.1998488847688,627.681640625,14560800,META
2025-01-07,629.1757106264704,629.5740757337761,605.7994661876476,615.4208984375,12071500,META
2025-01-08,610.9487626580363,613.976592361968,600.3811160103171,608.2794189453125,10085800,META
2025-01-10,607.5922670173171,627.3927679278979,594.9529755373284,613.39892578125,19256600,META
2025-01-13,604.6738608485571,606.5363830240626,596.058464764125,605.8989868164062,10785000,META
2025-01-14,602.6520744429687,603.0703790506547,586.198070906463,591.8753051757812,13598000,META
2025-01-15,607.7714496616591,619.9724951874059,604.0762539890142,614.65380859375,15524300,META
2025-01-16,609.0563906745308,613.7874092447745,607.2735655613326,608.857177734375,8355300,META
2025-01-17,621.5561185444549,622.4724249589239,601.2575575659065,610.3212280273438,17280600,META
2025-01-21,615.3611025019545,619.0164197693068,606.5763408669152,613.99658203125,11674000,META
2025-01-22,620.8091489005574,631.1676126122295,616.954619104307,621.0083618164062,12274000,META
2025-01-23,624.8529752907019,634.0560413523201,618.6678301446317,633.9066772460938,9910200,META
2025-01-24,633.8569381276853,649.394575431947,631.6657172793263,644.902587890625,19065300,META
2025-01-27,624.1059156551349,661.2170263231972,622.601940216737,657.2429809570312,28399200,META
2025-01-28,663.3385252994983,679.8522851881131,656.8345913596311,671.63525390625,20950100,META
2025-01-29,672.3025242132258,678.3283346794067,663.0097923014414,673.7865600585938,21377800,META
2025-01-30,694.0354036840853,707.9495481611209,673.3981724899843,684.254638671875,29322900,META
2025-01-31,688.2385763659028,702.481417524633,682.8402531791974,686.4258422851562,19303900,META
2025-02-03,673.2088612929582,701.1866331034283,672.551525572571,694.6727905273438,21415700,META
2025-02-04,699.6927275691532,704.8819296826665,688.8462306970774,701.3759765625,13826300,META
2025-02-05,700.7384902909668,715.270213081664,696.2166547369433,702.05322265625,17778200,META
2025-02-06,703.0592064230789,716.0271960756166,700.6887123835558,709.144775390625,13080700,META
2025-02-07,713.9354687323457,722.1126813232647,708.9056620031818,711.6646118164062,16427100,META
2025-02-10,715.6885408700438,718.3180056858356,708.4874523182466,714.533203125,12904300,META
2025-02-11,710.4694377796111,720.7680830266086,707.2025161364162,716.9235229492188,12998000,META
2025-02-12,712.4415265910553,724.1943596127884,709.7523040950127,722.4812622070312,12016500,META
2025-02-13,718.6367748250889,726.086864766196,715.170639811608,725.6486206054688,12569100,META
2025-02-14,723.2381862179419,737.9491204423847,722.7202448085826,733.72607421875,16901200,META
2025-02-18,733.0587606413424,734.0547643922138,703.6168921972339,713.5072021484375,21938700,META
2025-02-19,701.2862790989086,704.1747145500551,692.6111245629734,700.9576416015625,17535500,META
2025-02-20,694.4935451126314,702.8101523617008,690.8680767624129,692.0632934570312,12587400,META
2025-02-21,693.7963175740036,701.057163114329,679.6331124665386,680.818359375,15660400,META
2025-02-24,683.5375779038759,684.5236120270697,659.8027882150541,665.4600830078125,15677000,META
2025-02-25,663.3086205526677,665.3305374435599,639.2949835590877,654.8724975585938,20579700,META
2025-02-26,657.0140301904456,680.2806678816253,655.3705993558015,671.0078735351562,14488700,META
2025-02-27,679.7227696836991,685.8980050768483,654.9421915809927,655.6094970703125,12500000,META
2025-02-28,655.41029188353,666.9540022019403,640.0319914083209,665.5297241210938,17534200,META
2025-03-03,670.9878686638693,678.5276251290609,648.2391746953033,652.4323120117188,10843800,META
2025-03-04,642.9304346142569,647.1534810781478,621.1578057314852,637.4424438476562,21495200,META
2025-03-05,638.4384682626843,656.8645394995948,635.1117886533837,653.8466186523438,13770000,META
2025-03-06,645.4104577126469,647.9602249904791,621.6159125135576,625.420654296875,13446500,META
2025-03-07,622.8709097782997,632.2532488274342,598.2098452417057,623.1597290039062,21375700,META
2025-03-10,605.6400157185544,607.6718415110856,584.5247237757733,595.6002807617188,21999900,META
2025-03-11,592.6720550865267,612.4726156961103,590.9589577128245,603.2894897460938,17401500,META
2025-03-12,627.3828744482781,630.7991604950519,606.9149458816227,617.0841674804688,15747000,META
2025-03-13,617.771383307468,618.0203842680918,584.1662233882897,588.2797241210938,16480300,META
2025-03-14,600.9252674163599,606.9664182577417,592.9302511563588,605.7103271484375,12364500,META
2025-03-17,605.5707735579393,611.1931864721827,596.1401729971761,603.0187377929688,15473900,META
2025-03-18,598.1837512328132,598.3831413748485,572.8727029614505,580.5487670898438,20297700,META
2025-03-19,582.4628776976826,590.4778508331983,572.9824447250121,582.2435302734375,20537500,META
2025-03-20,580.9475766447827,608.3022383482739,577.7076844207866,584.177490234375,24336500,META
2025-03-21,581.6055148479699,595.6815960079244,579.1432258888485,594.3956298828125,25015900,META
2025-03-24,613.0574159247302,620.6038805487033,610.2960719913144,616.9253540039062,15741300,META
2025-03-25,624.81079529283,631.9086473292332,619.2481319746062,624.3621826171875,15312500,META
2025-03-26,622.9466079863333,624.8008087872727,604.7234295430264,609.079833984375,12609800,META
2025-03-27,600.1277194388429,612.3396207064936,598.2336042918504,600.7059326171875,10436500,META
2025-03-28,598.4429920373162,599.8785159717515,572.1350521556752,574.9462890625,17602800,META
2025-03-31,561.7474544327795,576.9001929680891,551.57916536005,574.5674438476562,21124700,META
2025-04-01,569.0646658937729,588.0753030303752,568.2272515931634,584.177490234375,12836600,META
2025-04-02,573.121925548239,590.8167206530089,571.5767584264657,582.1138916015625,13470800,META
2025-04-03,544.5212449573834,550.8415545424743,528.6507726588703,529.9666748046875,34777500,META
2025-04-04,505.0443845169023,516.3889970810194,492.6630283031205,503.1602783203125,38589800,META
2025-04-07,483.591294981514,537.6924987241373,480.40123514295635,514.6444091796875,36606100,META
2025-04-08,541.5604660254379,545.7274587202911,501.29606629091035,508.86248779296875,28034200,META
2025-04-09,507.68613102008703,586.06164400195,500.54839536763654,583.9482421875,39216600,META
2025-04-10,573.7002029040485,579.4921312343394,533.6351923102783,544.5910034179688,28173500,META
2025-04-11,533.844525327306,545.6975609575977,526.9460641882466,541.8794555664062,17642300,META
2025-04-14,554.4402405149555,556.0353008675298,526.6370273527008,529.8270263671875,14130900,META
2025-04-15,530.4551018896253,536.2669873917704,515.8905541802854,519.8980712890625,15558700,META
2025-04-16,506.92850187672303,511.77337227474317,494.0885548667942,500.7477722167969,18735100,META
2025-04-17,503.67867451915555,505.72228685828065,496.4612006254759,499.92041015625,14593500,META
2025-04-21,489.8019182716785,491.9651828161341,478.3077785405203,483.1526794433594,16166000,META
2025-04-22,490.3402426542842,505.30357016721007,484.84736943102456,498.7240905761719,17399400,META
2025-04-23,526.8862986388891,533.6751170758674,514.9136400551463,518.6519775390625,18173900,META
2025-04-24,517.1166859465856,532.2395497601927,515.8905308220942,531.4918823242188,13910000,META
2025-04-25,545.09942323875,548.1499041120835,534.5822462279478,545.5679931640625,17098900,META
2025-04-28,553.9119485027396,556.7530605327843,538.9087668679174,548.0302734375,15179000,META
2025-04-29,544.3018840382675,554.8390175563454,542.4277261633298,552.7156372070312,11835000,META
2025-04-30,536.725533164549,547.392206153298,527.8531889368276,547.2925415039062,29244000,META
2025-05-01,590.238618351305,591.1059077397648,568.7257162038675,570.430419921875,31159000,META
2025-05-02,581.6455031396575,602.4605727044257,576.5314522041982,595.163330078125,24739300,META
2025-05-05,589.3812373579714,601.3339987723356,586.2211133050413,597.40625,13887700,META
2025-05-06,590.6872568767368,594.1763718529379,584.7557492481277,585.4834594726562,10600700,META
2025-05-07,588.5239657880628,601.2044382274429,584.8454392543059,594.9539184570312,13139100,META
2025-05-08,604.4044252029665,609.3988539126512,594.7645157959997,596.1502075195312,14622800,META
2025-05-09,601.8423317625629,605.0822238866388,589.8697353618245,590.6472778320312,10427300,META
2025-05-12,628.9577416253547,638.3983203620691,619.0985470240091,637.4412841796875,21965100,META
2025-05-13,643.5322593011751,658.864430238976,640.8307267174667,653.9896850585938,18570800,META
2025-05-14,659.1536090398383,660.6090293889421,652.2750442210183,657.309326171875,12348200,META
2025-05-15,652.2451822041022,655.2657270968772,636.5939979037247,641.8775024414062,14341800,META
2025-05-16,635.9759078924747,638.448175394899,624.2026405076157,638.3485107421875,18519000,META
2025-05-19,626.2961199602966,641.0002469311114,625.8475073073743,638.438232421875,9592400,META
2025-05-20,634.0320762184551,637.361655047461,630.293738378937,635.11865234375,6743500,META
2025-05-21,629.8250759728282,644.5989922480402,628.2101191307713,633.5235595703125,11464600,META
2025-05-22,632.0780887398586,641.2494888568199,628.7485102321639,634.5902709960938,8228400,META
2025-05-23,622.0592607315479,630.4829920563529,620.7134837844421,625.1097412109375,8454100,META
2025-05-27,633.4337833907804,641.0799727179783,630.7820830337338,640.3223266601562,9508400,META
2025-05-28,640.6014366817531,648.8557144048555,640.5516043549418,641.5784301757812,9042900,META
2025-05-29,649.6233948044612,651.288184072806,637.5111569296643,643.0438842773438,8858800,META
2025-05-30,640.501786260345,647.3902689717587,630.8120452521741,645.4762573242188,16241000,META
2025-06-02,642.3859148545713,671.166122188044,642.256314296396,668.8134765625,15766300,META
2025-06-03,669.3617924489035,673.4789529536675,662.9617757833167,664.7760620117188,11585000,META
2025-06-04,667.238360939457,686.857147039673,666.4906935079915,685.8104248046875,14031900,META
2025-06-05,689.5088669424362,692.2204392102127,680.1281594087234,682.4907836914062,13083100,META
2025-06-06,694.0049115535481,700.6242759213419,689.71829661582,695.5401611328125,11728000,META
2025-06-09,696.2877682898165,702.9968181048444,691.7818062976731,691.9014282226562,12773200,META
2025-06-10,699.1687320280228,701.0428899746662,689.4092014623567,700.2155151367188,10850100,META
2025-06-11,701.5214452489874,706.6653705943312,689.8378634515371,691.981201171875,9582500,META
2025-06-12,691.1438633468866,693.2174116991354,684.8634681659612,691.2036743164062,7322700,META
2025-06-13,685.8104336581752,692.409840070813,678.8920151692206,680.7462158203125,9274400,META
2025-06-16,697.6914734952734,705.4931583928874,691.8851025594383,700.4749145507812,13720300,META
2025-06-17,700.3552179138009,704.3158869977019,694.4291328649981,695.5963745117188,10066100,META
2025-06-18,696.5440968778995,699.9461410540869,693.2718138640435,694.1397705078125,10068300,META
2025-06-20,699.10807093925,700.1755711266569,677.0797895921414,680.7511596679688,22538600,META
2025-06-23,682.0881746874048,697.4121728945754,677.1597462532054,696.8934326171875,11080100,META
2025-06-24,703.2384409706419,711.5189816994163,700.4649253469852,710.5313110351562,13823200,META
2025-06-25,711.6486741856498,714.9010456370576,703.7272754411318,707.01953125,9320400,META
2025-06-26,712.6862359929024,726.5137473228667,709.3839937767193,724.3887939453125,13964800,META
2025-06-27,724.8177454897765,733.7068421056694,724.1592578043636,731.9110717773438,18775700,META
2025-06-30,742.8054817668852,746.1476691378697,732.5296271967599,736.3606567382812,15402100,META
2025-07-01,735.1535081071979,736.0214648412638,713.6938959127618,717.5348510742188,13431200,META
2025-07-02,713.6540184351263,718.6123446328994,711.1299169276585,711.8981323242188,9336700,META
2025-07-03,724.9075473573512,727.3219211703462,712.7461059372963,717.3253784179688,8601700,META
2025-07-07,715.9186273791692,725.29662738586,711.8382444141125,716.6668701171875,9457100,META
2025-07-08,719.8792998482032,721.2161260005597,713.1351294314046,718.9813842773438,7770700,META
2025-07-09,721.0266828828768,735.8020424329438,721.0266828828768,731.0631713867188,11418000,META
2025-07-10,729.8359710403425,734.0760133186282,717.9139576323801,725.5360717773438,9913600,META
2025-07-11,720.8071559255932,723.4608966552098,708.0371589748221,715.828857421875,10873900,META
2025-07-14,715.9186673172987,726.294324886829,714.8711396040657,719.2308959960938,8939400,META
2025-07-15,722.2038798413794,722.7724907094275,708.1568531421487,708.7255249023438,11529500,META
2025-07-16,711.6985138171127,712.2970836136572,697.6315755690009,701.2630004882812,13067600,META
2025-07-17,702.7395996705828,704.2460714207873,695.4766277838654,699.7665405273438,11803300,META
2025-07-18,700.5447529444856,703.0588680042227,690.0294703606638,702.6298828125,12779800,META
2025-07-21,705.1439122135475,715.3200251684316,704.1063709182977,711.2994384765625,9404400,META
2025-07-22,714.5119719450398,714.9209845240272,699.7665722015134,703.1586303710938,8921100,META
2025-07-23,704.7150127643985,712.955669824656,703.2783841619789,711.9081420898438,8771600,META
2025-07-24,715.3699112663372,721.9245248031309,712.3270697155897,713.1251831054688,10920800,META
2025-07-25,715.2401874661052,718.9614892126135,710.2319910963464,711.0101318359375,8271700,META
2025-07-28,713.5243091595448,723.0419351595109,711.0101939967738,715.9486083984375,8715700,META
2025-07-29,718.3130022321428,722.7724995594365,698.270047363426,698.35986328125,13267000,META
2025-07-30,706.4309422136296,706.8399547738821,689.5805015781577,693.5811157226562,27077300,META
2025-07-31,773.3836936232736,782.9113054874113,763.7163951695271,771.6278076171875,38831100,META
2025-08-01,758.9476005405788,764.2052724882252,743.5637464392476,748.2527465820312,19028700,META
2025-08-04,758.2193240496142,775.029820232538,756.6330226185955,774.5509643554688,15801700,META
2025-08-05,774.6307577641016,781.2950989411861,761.212259491104,761.6712036132812,11640300,META
2025-08-06,768.1958857027562,771.827371776558,758.6782598971715,770.1812133789062,9733900,META
2025-08-07,771.6776357205837,773.1841074016191,757.7702959207965,760.0449829101562,9019700,META
2025-08-08,760.9628565603988,768.0961282780016,756.8026440305783,767.4974975585938,7320800,META
2025-08-11,768.2757194135389,771.6478049440495,762.8783609453131,764.0755615234375,7612000,META
2025-08-12,771.1888187456735,791.8103707559926,770.6201469797736,788.1489868164062,14563100,META
2025-08-13,789.2963900548351,793.5962894533881,776.4066172801486,778.2523193359375,8811800,META
2025-08-14,776.0573823379099,785.9641084064921,770.6999694623344,780.2974243164062,8116200,META
2025-08-15,782.3127720209482,794.3843975355859,778.9905571139482,783.3901977539062,13375400,META
2025-08-18,773.2739649293972,773.9922487170201,754.7873521125813,765.572021484375,16513700,META
2025-08-19,765.3226078635242,765.3724785334582,747.604210382002,749.71923828125,12286700,META
2025-08-20,745.8184055724877,748.4422481947564,729.2872227778392,745.968017578125,11898200,META
2025-08-21,742.965126847803,743.7532539146816,731.392269728463,737.3682250976562,8876300,META
2025-08-22,737.4979443181139,755.1265868650723,732.6693186706706,753.021484375,10612700,META
2025-08-25,753.0514312038815,757.1019160115399,748.3724176422635,751.5349731445312,6861200,META
2025-08-26,749.0408739151204,753.1013452690629,746.187589469264,752.3331298828125,7601800,META
2025-08-27,750.5373617239242,752.3830637406979,741.0995653139147,745.62890625,8315400,META
2025-08-28,742.2568318080029,751.2856157691724,739.0643171271723,749.3501586914062,7468000,META
2025-08-29,743.5338383928589,745.3894657992533,733.6270507950396,736.96923828125,9070500,META
2025-09-02,724.3388778368966,734.2755636355303,720.0389785344453,733.3876342773438,9350900,META
2025-09-03,734.2755923879996,738.5156348712184,732.2702919649562,735.3231201171875,7699300,META
2025-09-04,746.8161054490425,759.3765729399474,744.0725487076684,746.8959350585938,11439100,META
2025-09-05,750.8565963566639,756.1741251448537,743.2844139282448,750.68701171875,9663400,META
2025-09-08,754.2286352813065,764.71401930554,750.2579802053917,750.5372924804688,13087800,META
2025-09-09,755.715159278882,764.5045146420852,751.6646744655906,763.9059448242188,10999000,META
2025-09-10,763.3372922969834,763.9059640843684,749.2403942554,750.2180786132812,12478300,META
2025-09-11,752.8818998869256,755.3261108896929,746.6165845282627,749.1406860351562,7923300,META
2025-09-12,746.9756681630587,755.7949823874058,742.0173423532742,753.8196411132812,8248600,META
2025-09-15,755.6952236302711,772.2563664766384,750.2280827190908,762.9083251953125,10533800,META
2025-09-16,765.2029206615051,779.5292605984961,763.3073480005289,777.1748046875,11782500,META
2025-09-17,778.16248073438,781.4547366857648,764.5145401578408,773.9024658203125,9400900,META
2025-09-18,778.9206424262118,786.9318567440129,771.5479431530769,778.4218139648438,10955000,META
2025-09-19,784.5774149162842,788.9471575257752,767.3878039844694,776.5562744140625,23696800,META
2025-09-22,780.5445827585347,784.4181095052566,763.1935958899483,763.8824462890625,11706900,META
2025-09-23,767.9656453445465,769.3133669851754,749.8160063356215,754.1387939453125,10872600,META
2025-09-24,756.2352564498105,759.8392144671293,751.2735837511626,759.3899536132812,8828200,META
2025-09-25,752.1920046258563,755.5064686568031,743.3068402529434,747.6595458984375,10591100,META
2025-09-26,748.7477432379202,750.6745134518627,736.1188402620083,742.5081787109375,9696300,META
2025-09-29,747.4698773667765,749.5264964028529,737.9159094495395,742.1588134765625,9246800,META
2025-09-30,741.0106631587118,741.729431724798,725.0872827303901,733.15380859375,16226800,META
2025-10-01,720.2853684573676,720.6447527663656,709.0142405229949,716.142333984375,20419600,META
2025-10-02,721.3735522103992,726.5548890984803,716.9409630753169,725.8360595703125,11415300,META
2025-10-03,728.4117628788885,729.7794705550638,708.9942257916973,709.3735961914062,16154300,META
2025-10-06,704.0125981338592,715.6830826309072,689.3571155710283,714.465087890625,21654700,META
2025-10-07,716.5216106896504,717.3003375901077,704.5716259627259,711.889404296875,12062900,META
2025-10-08,712.2587946669486,718.4484549738279,706.6281969142439,716.6414794921875,10790600,META
2025-10-09,717.0807271377935,732.2852783203125,711.2504512938121,732.2852783203125,12717200,META
2025-10-10,729.6995938834806,734.0423674154782,703.333716456913,704.1223754882812,16980100,META
2025-10-13,711.8194939498104,718.7379155876384,706.4584651360833,714.5050048828125,9251800,META
2025-10-14,706.5983153422467,714.3553010671379,698.1624113283383,707.4668579101562,8829800,META
2025-10-15,715.8627565899488,722.6913629779451,708.3253746524584,716.3519287109375,10246800,META
2025-10-16,716.3519343648386,724.2786798244232,702.7047754671785,710.881103515625,9017000,META
2025-10-17,705.8994251244851,717.3402516818879,704.9410060739878,715.7229614257812,12232400,META
2025-10-20,719.9858621042338,732.5448748734839,718.9775387090459,730.947509765625,8900200,META
2025-10-21,734.7911237948646,737.2669635645257,727.5332426508437,732.0457153320312,7647300,META
2025-10-22,732.6047674176828,739.3634223567747,722.8211423130082,732.1854248046875,8734500,META
2025-10-23,733.4733185275871,741.170406509876,731.8759534115667,732.7744750976562,9856000,META
2025-10-24,735.5597503675807,739.9724141089259,729.9292138570585,737.1271362304688,9151300,META
2025-10-27,748.4781993498117,754.4881675999588,746.7611003830549,749.56640625,11321100,META
2025-10-28,751.3733793283152,757.1337649704751,744.2752651341964,750.1853637695312,12193800,META
2025-10-29,753.4898526523095,757.8924628078227,741.2702985772319,750.4149780273438,26818600,META
2025-10-30,668.0327566076506,679.8230352249238,649.0844057389726,665.357177734375,88440100,META
2025-10-31,673.383812052831,673.7631824593219,644.4921293755289,647.2674560546875,56953200,META
2025-11-03,654.90470367213,658.2291607688485,635.1177890022415,636.645263671875,33003600,META
2025-11-04,626.9913515895119,640.6684891460408,624.9647727272926,626.2725830078125,27356600,META
2025-11-05,631.2542465797685,641.1576663615418,625.4938610947797,634.88818359375,20219900,META
2025-11-06,634.7882936522686,634.938067569805,616.9681222612256,617.9065551757812,23628800,META
2025-11-07,615.4606203242017,621.0912176885568,600.1961723842201,620.6719360351562,29946800,META
2025-11-10,630.0362749426478,633.9397194755629,617.0779066438014,630.7051391601562,19245000,META
2025-11-11,626.9514668906089,628.5088598168925,618.3558571038752,626.0330200195312,13302200,META
2025-11-12,627.0812350986922,627.939784558569,606.7552442025384,607.9931640625,24493300,META
2025-11-13,612.0463872625083,616.6187572691151,601.993193452889,608.8717041015625,20973800,META
2025-11-14,600.7852061056304,612.6553687237855,594.2062431482154,608.4424438476562,20724100,META
2025-11-17,608.0230519623859,610.6686515784111,594.4058732487083,601.0048217773438,16501300,META
2025-11-18,590.612218909938,602.6520806612418,582.8053290854997,596.6920776367188,25500600,META
2025-11-19,592.7286370493186,594.3359951431619,580.2794874440681,589.3343505859375,24744700,META
2025-11-20,602.4923987587222,605.7069934113463,582.376016746667,588.1663818359375,20603000,META
2025-11-21,587.517412968027,597.1213460929463,580.88848479756,593.2578125,21052600,META
2025-11-24,597.7203367937327,615.6703584886146,596.6321908004635,612.0264282226562,23554900,META
2025-11-25,622.9581470454041,635.9863461070595,617.2676517847817,635.15771484375,25213000,META
2025-11-26,636.6253292062765,637.2941935276676,630.575449286631,632.5521240234375,15209500,META
2025-11-28,635.0179876534709,646.9679727244463,634.4389389877349,646.8681640625,11033200,META
2025-12-01,638.482184375183,644.2425701847634,636.6951949252638,639.7999877929688,13029900,META
2025-12-02,641.2675300698932,646.7882651016448,637.0046400682228,646.01953125,11640900,META
2025-12-03,643.3340713166507,647.766660764867,636.4855393427306,638.5321044921875,11134300,META
2025-12-04,674.8712863431018,674.9710950003275,658.9479057878542,660.4254760742188,29874600,META
2025-12-05,662.8913386215002,673.5634922785046,661.2840414153883,672.2955932617188,21207900,META
2025-12-08,668.2224435191038,675.5801331063639,663.9595535520253,665.6866455078125,13161000,META
2025-12-09,662.6617250742562,663.3705005924867,652.2491473204041,655.8630981445312,12997100,META
2025-12-10,648.8648024836247,653.4171862971667,642.3257510862366,649.0444946289062,16910900,META
2025-12-11,642.2159232785478,654.1859556266841,639.7300904007725,651.6202392578125,13056700,META
2025-12-12,648.7150654102267,709.8128965395189,637.543746077992,643.1543579101562,14016900,META
2025-12-15,645.1476664750544,652.4414097008485,638.1536544261938,646.9561157226562,15549100,META
2025-12-16,642.9495426008936,661.973233609148,642.6498114209788,656.587890625,14309100,META
2025-12-17,655.0491556477624,660.664343241777,648.644665798819,648.9443969726562,15598500,META
2025-12-18,656.4679564970005,669.9863502083882,655.8984367998282,663.881591796875,20260300,META
2025-12-19,665.8499012351181,670.4260003995075,657.6169598101359,658.2064819335938,49977100,META
2025-12-22,661.0840391473547,673.0038267300547,656.0883162216827,660.9341430664062,15659400,META
2025-12-23,659.4853234816244,665.4302455294139,657.6868755551602,664.3711547851562,8486800,META
2025-12-24,661.9632786179176,667.6084088263418,661.633543835896,666.9789428710938,5627500,META
2025-12-26,667.4885344385556,668.3777877623371,660.7543096382171,662.7225952148438,7133800,META
2025-12-29,657.4471149030659,659.6851889371151,653.8302165118,658.1265258789062,8506500,META
2025-12-30,658.1265110341435,671.6449047754843,657.2772625792347,665.3803100585938,9187500,META
2025-12-31,664.1813161961976,664.4311023248911,658.8758612620638,659.5253295898438,7940400,META
2026-01-02,662.1630447721155,663.8216588672108,642.9495146869224,649.8535766601562,13726500,META
2026-01-05,650.4531272549772,663.9715218041853,647.1959061445123,658.2264404296875,12213700,META
2026-01-06,659.0057810200069,664.9507033148827,651.3423593634897,660.0548706054688,11074400,META
2026-01-07,655.0791375151089,658.5861445899717,644.2583851266311,648.1350708007812,12846300,META
2026-01-08,645.3274855180696,646.5464125947736,635.1761427603,645.50732421875,11921700,META
2026-01-09,644.8878661181845,654.3897406244424,642.3000548798136,652.5013427734375,11634900,META
2026-01-12,651.9718010113269,653.4105105723186,640.6814191818085,641.4207763671875,14797200,META
2026-01-13,641.720599826752,641.720599826752,623.5660991574318,630.5501708984375,18030400,META
2026-01-14,625.9640568168747,627.9124008742662,614.2940558608916,614.9934692382812,15527900,META
2026-01-15,617.9508982377323,623.6360331340583,613.7045339245012,620.2689208984375,13076100,META
2026-01-16,623.6460522405506,628.5418850412981,619.5495838845379,619.7194213867188,17012500,META
2026-01-20,607.3600037753715,610.8770121629093,599.4867397151437,603.6032104492188,15169600,META
2026-01-21,606.2209580964126,617.7411240978843,599.5666821865381,612.4356689453125,14494700,META
2026-01-22,628.811597152667,660.0049216653568,626.0140046136898,647.0759887695312,21394700,META
2026-01-23,644.2184496993522,665.9198400091174,643.8987161260534,658.1964721679688,22797700,META
2026-01-26,664.5609947255355,674.7023359243682,660.7242529636108,671.7847900390625,16327400,META
2026-01-27,674.0129574053085,676.2410302656567,664.0913982323968,672.394287109375,13297400,META
2026-01-28,673.9229813666298,677.1002536346601,665.5301429727417,668.1578979492188,25709600,META
2026-01-29,736.7991536844581,743.363540655783,711.9404325537852,737.6784057617188,59852900,META
2026-01-30,726.8776752394725,731.5436633097714,712.9796010924755,715.8870849609375,23744600,META
2026-02-02,713.9886602426056,720.6829408229889,702.9181827036907,705.8056640625,14365200,META
2026-02-03,706.7648539132639,716.3866205151361,685.8227628297016,691.1082763671875,13760700,META
2026-02-04,687.1416843315144,688.2407799622291,666.8890651090074,668.417724609375,16882800,META
2026-02-05,663.0123852284637,680.9170392363125,652.9409906690098,669.63671875,17131800,META
2026-02-06,664.920685797671,671.4151252649915,645.9469408650316,660.8941650390625,18159300,META
2026-02-09,662.6126578425271,682.7254419812133,658.2164585284562,676.640625,14837500,META
2026-02-10,677.0202983345941,680.0677378888336,669.216982119095,670.1461791992188,10455800,META
2026-02-11,673.4234361526849,678.6889475196376,656.5378686274887,668.1179809570312,14323800,META
2026-02-12,669.3968787035581,675.421749916193,644.7280570616384,649.254150390625,14960100,META
2026-02-13,644.5481137374378,650.872715705495,634.0271535178357,639.2227172851562,12336400,META
2026-02-17,638.952945338547,642.0502690775812,628.2620863630333,638.7431030273438,12674700,META
2026-02-18,633.2578140286595,644.4482453696517,627.6126838179015,642.6697387695312,14649200,META
2026-02-19,638.0237449576674,646.6363661317032,636.1752909436037,644.2284545898438,10035700,META
2026-02-20,639.1428111159805,662.7825455010891,638.2336163631846,655.09912109375,14183500,META
2026-02-23,651.9817939677475,657.1374142434245,635.455964272141,636.7048950195312,8605900,META
2026-02-24,632.5384628258726,640.5615620292823,628.4419334902003,638.7531127929688,10135600,META
2026-02-25,641.9803720795121,653.3206382422114,641.5906910720822,653.1307983398438,11330700,META
2026-02-26,649.9935020296807,660.4345752110744,646.9461232211356,656.447998046875,10637700,META
2026-02-27,642.8995542116262,648.8844201349368,637.5740968396581,647.62548828125,15703000,META
2026-03-02,636.6149203669017,659.3754626922687,633.9572226725116,653.0009155273438,9816100,META
2026-03-03,647.7354225434952,658.4762268569145,638.293554979916,654.5196533203125,12263800,META
2026-03-04,657.397151925757,672.1944798634893,657.1073609851721,667.1587524414062,10810100,META
2026-03-05,661.363765843265,670.1262833419206,649.7537106790966,660.0049438476562,13341400,META
2026-03-06,647.3457881163396,648.9143914185428,635.5658346648192,644.308349609375,13159400,META
2026-03-09,634.2369839533108,647.195859029807,626.2438278402449,646.836181640625,13489700,META
2026-03-10,653.0009245574777,659.7351492208539,648.444827744844,653.510498046875,9859300,META
2026-03-11,654.1999146227295,658.5561703533895,647.8053649208291,654.2998046875,8977200,META
2026-03-12,648.1950599902964,652.9409968457168,636.355220859953,637.6340942382812,11617500,META
2026-03-13,623.3562813254467,628.6317326131165,609.0285222575777,613.1849975585938,18957600,META
2026-03-16,632.0,634.75,623.0999755859375,627.4500122070312,15134900,META
2026-03-17,627.989990234375,636.5499877929688,621.7000122070312,622.6599731445312,10348800,META
2026-03-18,616.3400268554688,622.6500244140625,614.6099853515625,615.6799926757812,11726300,META
2026-03-19,612.1500244140625,613.0,602.260009765625,606.7000122070312,13247700,META
2026-03-20,603.530029296875,603.9600219726562,587.25,593.6599731445312,21214900,META
2026-03-23,605.7899780273438,608.6400146484375,599.010009765625,604.0599975585938,13638000,META
2026-03-24,599.0999755859375,601.0,591.0,592.9199829101562,10739700,META
2026-03-25,598.739990234375,603.6699829101562,593.4000244140625,594.8900146484375,12585000,META
2026-03-26,582.489990234375,583.0,543.3499755859375,547.5399780273438,35780100,META
2026-03-27,540.0999755859375,543.5999755859375,520.260009765625,525.719970703125,30133000,META
2026-03-30,536.3800048828125,539.5499877929688,528.5399780273438,536.3800048828125,22795200,META
2026-03-31,549.97998046875,573.6900024414062,546.77001953125,572.1300048828125,32898300,META
2026-04-01,580.1300048828125,592.5499877929688,573.8200073242188,579.22998046875,23608100,META
2026-04-02,566.0399780273438,578.5,559.7000122070312,574.4600219726562,13518500,META
2026-04-06,577.6900024414062,582.7899780273438,572.0,573.02001953125,9515700,META
2026-04-07,572.47998046875,575.22998046875,564.760009765625,575.0499877929688,9580800,META
2026-04-08,606.0,629.9500122070312,591.8300170898438,612.4199829101562,32036600,META
2026-04-09,626.969970703125,637.5,623.0,628.3900146484375,19012900,META
2026-04-10,634.469970703125,638.5800170898438,624.3300170898438,629.8599853515625,13294800,META
2026-04-13,629.5,635.0,624.4000244140625,634.530029296875,9538900,META
2026-04-14,643.219970703125,666.260009765625,639.3699951171875,662.489990234375,17818000,META
2026-04-15,667.0,678.5,664.219970703125,671.5800170898438,14952600,META
2026-04-16,675.989990234375,677.5800170898438,667.75,676.8699951171875,9544800,META
2026-04-17,678.5999755859375,691.52001953125,675.1300048828125,688.5499877929688,16283500,META
2026-04-20,681.3599853515625,683.3800048828125,668.0,670.9099731445312,12534000,META
2026-04-21,671.0,676.2000122070312,667.3300170898438,668.8400268554688,8660100,META
2026-04-22,674.3599853515625,678.3800048828125,669.75,674.719970703125,9215600,META
2026-04-23,663.7000122070312,669.5599975585938,653.0499877929688,659.1500244140625,11667000,META
2026-04-24,660.3200073242188,680.6699829101562,653.8400268554688,675.030029296875,13348300,META
2026-04-27,671.0,682.5,670.8400268554688,678.6199951171875,12805200,META
2026-04-28,674.239990234375,678.1799926757812,665.6300048828125,671.3400268554688,10606800,META
2026-04-29,668.9099731445312,674.25,663.8099975585938,669.1199951171875,18947500,META
2026-04-30,619.3200073242188,620.8499755859375,600.0,611.9099731445312,52765000,META
2026-05-01,614.6900024414062,618.8800048828125,606.1099853515625,608.75,21404000,META
2026-05-04,607.9400024414062,614.0,602.75,610.4099731445312,16203900,META
2026-05-05,613.3099975585938,614.3499755859375,600.3599853515625,604.9600219726562,17171300,META
2026-05-06,601.0499877929688,619.9500122070312,598.0999755859375,612.8800048828125,19915500,META
2026-05-07,614.719970703125,624.97998046875,613.5399780273438,616.8099975585938,12307400,META
2026-05-08,615.2000122070312,616.77001953125,606.0599975585938,609.6300048828125,13557000,META
2026-05-11,604.5700073242188,604.9099731445312,598.0800170898438,598.8599853515625,15940600,META
2026-05-12,594.8200073242188,603.75,592.5999755859375,603.0,11351600,META
2026-05-13,598.8300170898438,619.9000244140625,596.6599731445312,616.6300048828125,14634400,META
2026-05-14,616.0,623.72998046875,615.0,618.4299926757812,10651200,META
2026-05-15,613.989990234375,621.2000122070312,609.3099975585938,614.22998046875,13272600,META
2026-05-18,609.1099853515625,615.5900268554688,603.6900024414062,611.2100219726562,13772400,META
2026-05-19,608.9199829101562,613.9299926757812,600.5499877929688,602.6099853515625,11749900,META
2026-05-20,600.760009765625,608.0,597.8099975585938,605.0599975585938,11329700,META
2026-05-21,600.0,609.5999755859375,594.8099975585938,607.3800048828125,13476100,META
2026-05-22,607.8800048828125,614.8099975585938,606.9500122070312,610.260009765625,11671600,META
