date,open,high,low,close,volume,ticker
2016-05-25,45.90394224094667,46.40789850252183,45.7890079839584,46.08076858520508,24040200,MSFT
2016-05-26,45.91277300780705,45.95697873875706,45.40882025507858,45.87740707397461,24335200,MSFT
2016-05-27,45.903938587191,46.257591247558594,45.771321369064445,46.257591247558594,17721400,MSFT
2016-05-31,46.20455385187426,46.85881042480469,46.045413824997595,46.85881042480469,37653100,MSFT
2016-06-01,46.36369611901077,46.814603530976115,46.36369611901077,46.72618865966797,25324800,MSFT
2016-06-02,46.54051588228658,46.628930741043796,45.83321387563885,46.39905548095703,22840800,MSFT
2016-06-03,46.31064496747398,46.34600753903753,45.6210225454126,45.78900909423828,23368300,MSFT
2016-06-06,45.96582982172838,46.284113162970634,45.87741497192636,46.08960723876953,18243300,MSFT
2016-06-07,46.18686444526003,46.62008542889792,46.06308364868164,46.06308364868164,20866800,MSFT
2016-06-08,45.99237637758341,46.36370882076,45.85975572062983,46.01005935668945,21149400,MSFT
2016-06-09,45.974668251763816,45.974668251763816,45.52376433558217,45.63869857788086,20305700,MSFT
2016-06-10,45.134743885611265,46.01887208463472,45.12590408760085,45.51491928100586,25833200,MSFT
2016-06-13,43.83508664692323,44.84299245929007,43.375339485150576,44.330196380615234,83217800,MSFT
2016-06-14,44.11800672716037,44.29482970187279,43.826242748057176,44.05611801147461,42577100,MSFT
2016-06-15,44.01191040502287,44.312514194101624,43.93233871459961,43.93233871459961,33757600,MSFT
2016-06-16,43.78205558406503,44.62197856111335,43.773212407967414,44.551246643066406,31188600,MSFT
2016-06-17,44.56890492829092,44.58658789800506,44.04726912610956,44.32135009765625,45710500,MSFT
2016-06-20,44.77226734400233,44.940253919934094,44.23294841162004,44.268314361572266,35607900,MSFT
2016-06-21,44.3832482138182,45.47072578665242,44.34788226689294,45.2585334777832,34097800,MSFT
2016-06-22,45.16128633167778,45.497252740285596,45.046348679952665,45.08171463012695,28816800,MSFT
2016-06-23,45.33809786991802,46.027720233161396,45.223163619945616,45.89509963989258,29028800,MSFT
2016-06-24,44.038435039466954,45.03749766278395,43.78203700437907,44.05611801147461,133503000,MSFT
2016-06-27,43.410704733033725,43.45491385285178,42.473530752099634,42.81834030151367,50216300,MSFT
2016-06-28,43.251549022416505,43.73782222041272,43.03051697702963,43.71129608154297,38140700,MSFT
2016-06-29,44.126843741326255,44.84298888536047,44.02958908776437,44.68384552001953,31304000,MSFT
2016-06-30,44.842993460002226,45.3557861774384,44.64848413303565,45.240848541259766,28527800,MSFT
2016-07-01,45.205498551702455,45.727134587027095,45.15244961885003,45.23202133178711,21400400,MSFT
2016-07-05,44.94024812348551,45.33810320474305,44.860676432697566,45.240848541259766,24806400,MSFT
2016-07-06,44.89604597085135,45.567985546794375,44.55123638150179,45.4265251159668,28167500,MSFT
2016-07-07,45.46188769416166,45.62987427448877,45.15244405568968,45.4265251159668,19585200,MSFT
2016-07-08,45.735961029928184,46.29296285778642,45.576817650540114,46.23991394042969,28391000,MSFT
2016-07-11,46.416731883071364,46.70849581665209,46.39020911553913,46.49630355834961,22269200,MSFT
2016-07-12,46.80575287070073,47.212454468299384,46.67313564397499,47.04446792602539,27317600,MSFT
2016-07-13,47.35391294002908,47.61915075536873,47.017943241835226,47.3097038269043,25356800,MSFT
2016-07-14,47.60148447942288,47.73410511994625,47.37161252488976,47.5130729675293,24545500,MSFT
2016-07-15,47.6987237312838,47.74292947292606,47.044467287859966,47.477691650390625,32024400,MSFT
2016-07-18,47.477689622589025,48.043531185879004,47.345069030644666,47.70756149291992,31433900,MSFT
2016-07-19,47.48653219048987,47.654518733105874,46.79691316660253,46.93837356567383,53336500,MSFT
2016-07-20,49.64381003262294,50.25385740245825,49.09564800707362,49.431617736816406,89893300,MSFT
2016-07-21,49.49351688635074,49.71454902859384,49.29900752191832,49.334373474121094,32776700,MSFT
2016-07-22,49.581919530270135,50.068189448659204,49.31667832689245,50.015140533447266,32157200,MSFT
2016-07-25,49.92672526763306,50.165440308991336,49.74105576478879,50.15659713745117,25610600,MSFT
2016-07-26,49.970939421784045,50.65171871969662,49.9620962487548,50.183128356933594,28079000,MSFT
2016-07-27,50.05050434648525,50.218487511816384,49.60844018991524,49.679168701171875,32327500,MSFT
2016-07-28,49.51120269581898,49.838329340707965,49.263647761598456,49.696868896484375,37550400,MSFT
2016-07-29,49.741060571344846,50.183124755981574,49.55539442324112,50.112396240234375,30558700,MSFT
2016-08-01,50.04167786469736,50.17429850497313,49.63497951445339,50.02399826049805,26003400,MSFT
2016-08-02,50.262710016701654,50.3069191452489,49.78528313161146,50.02399826049805,35122000,MSFT
2016-08-03,50.11239545503328,50.492570917678535,49.94441228166896,50.36879348754883,22075600,MSFT
2016-08-04,50.218499231475285,50.8550728447536,50.10356157959278,50.740135192871094,26587700,MSFT
2016-08-05,50.96999436467511,51.46510402036076,50.79316804220956,51.24407196044922,29335200,MSFT
2016-08-08,51.33249282836914,51.35901559941105,51.08493459881076,51.33249282836914,19473500,MSFT
2016-08-09,51.42976123148009,51.721525300782645,51.29714395944691,51.4562873840332,16920700,MSFT
2016-08-10,51.42090037427789,51.56236076346742,51.12029662566493,51.297122955322266,15756900,MSFT
2016-08-11,51.30597028957352,51.67730597366139,51.30597028957352,51.54468536376953,18162300,MSFT
2016-08-12,51.305962517968545,51.447422906507015,50.9434700615461,51.22639083862305,21655200,MSFT
2016-08-15,51.28828154057091,51.72150589443593,51.24407579981288,51.385536193847656,19283900,MSFT
2016-08-16,51.252100983495765,51.260995879858484,50.94962360161379,51.100860595703125,20523500,MSFT
2016-08-17,51.18982552729795,51.31437443616141,50.91403623359796,51.207618713378906,18856400,MSFT
2016-08-18,51.083059321277034,51.33216049813583,50.94961553474463,51.243194580078125,14214300,MSFT
2016-08-19,51.091956179103214,51.35884713839649,50.88733966385494,51.260986328125,17271000,MSFT
2016-08-22,51.24319506655924,51.3766422480613,50.940717729697,51.30546951293945,15221900,MSFT
2016-08-23,51.51009228947982,51.759190088830955,51.46560763070741,51.50119400024414,18732400,MSFT
2016-08-24,51.421129676276344,51.63464451354043,51.34996032632379,51.5545768737793,18151500,MSFT
2016-08-25,51.49229343581407,51.85704519915178,51.40332752176669,51.75028610229492,18552600,MSFT
2016-08-26,51.84814209578444,52.2217921126775,51.32325512961007,51.625732421875,20971200,MSFT
2016-08-29,51.75919917979687,52.13284594445075,51.688026428222656,51.688026428222656,16417200,MSFT
2016-08-30,51.58126163485029,51.76808498436364,51.25209620089301,51.50119400024414,16930200,MSFT
2016-08-31,51.28768208590381,51.421125879851395,50.97630644595354,51.118648529052734,20860300,MSFT
2016-09-01,50.718306572288746,51.4389152231231,50.718306572288746,51.23429870605469,26075400,MSFT
2016-09-02,51.30546951293945,51.768082110123046,51.08305980623789,51.30546951293945,18900500,MSFT
2016-09-06,51.4033197652126,51.42111294533716,50.896226009620115,51.25208282470703,16278400,MSFT
2016-09-07,51.127554893163484,51.45672037599865,51.07417533093204,51.29658508300781,17493400,MSFT
2016-09-08,51.26988936087707,51.412231445252196,50.86955118803986,51.09196090698242,20146100,MSFT
2016-09-09,50.522595447282235,51.172031456342474,50.0066032409668,50.0066032409668,35113900,MSFT
2016-09-12,49.819770964369525,50.89623305821817,49.47281238814579,50.75389099121094,29303000,MSFT
2016-09-13,50.264594574532694,50.3980417583179,49.86425641687991,50.291282653808594,30130200,MSFT
2016-09-14,50.1667442643981,50.380259124426274,49.846473671207605,50.051090240478516,24062500,MSFT
2016-09-15,49.95322284572006,51.02078675205582,49.80198247631066,50.87844467163086,26847000,MSFT
2016-09-16,51.26989128085552,51.26989128085552,50.487008090623085,50.931827545166016,44607000,MSFT
2016-09-19,50.94962552562868,51.37665183493437,50.57597538392155,50.64714813232422,20937100,MSFT
2016-09-20,51.02078476693228,51.02078476693228,50.48700283453286,50.540382385253906,17384000,MSFT
2016-09-21,51.1631264912547,51.46560382252923,50.780584925001335,51.385536193847656,33707300,MSFT
2016-09-22,51.52788159668627,51.5990543350914,51.269888904225056,51.43891906738281,19822200,MSFT
2016-09-23,51.48340079058826,51.51898716010779,51.04747964193451,51.09196090698242,19955300,MSFT
2016-09-26,50.78058814838739,50.833964308428094,50.55817843167659,50.620452880859375,21688700,MSFT
2016-09-27,50.647144754387554,51.65243769945437,50.4247350210181,51.5545768737793,28065100,MSFT
2016-09-28,51.49228865375071,51.6524238904617,51.305461948453036,51.625732421875,20536400,MSFT
2016-09-29,51.43002893344787,51.75029610481319,50.89624352709914,51.065277099609375,25463500,MSFT
2016-09-30,51.2165065015122,51.394434943924836,51.01188998053364,51.243194580078125,29910800,MSFT
2016-10-03,51.074166322977014,51.198715219180194,50.762794082469085,51.08306121826172,19189500,MSFT
2016-10-04,50.949623568614015,51.24320266023983,50.68273255976238,50.922935485839844,20085900,MSFT
2016-10-05,50.9674134477285,51.56346988236196,50.94072197298304,51.278785705566406,16726400,MSFT
2016-10-06,51.367759704589844,51.474515439239624,50.9585231666424,51.367759704589844,16212600,MSFT
2016-10-07,51.46559331324183,51.58124728521037,51.083048431401494,51.421112060546875,20089000,MSFT
2016-10-10,51.51899335139908,51.946019655842306,51.48340697760297,51.634647369384766,18196500,MSFT
2016-10-11,51.50119254612864,51.61684654700608,50.611553695046915,50.87844467163086,26497400,MSFT
2016-10-12,50.80728530883789,50.94962741722449,50.17564241497882,50.80728530883789,22177500,MSFT
2016-10-13,50.44253017830759,50.97631220177406,50.10446642013705,50.638248443603516,25313700,MSFT
2016-10-14,50.81617024158307,51.36774877291555,50.81617024158307,51.08306121826172,27402500,MSFT
2016-10-17,51.02967353237626,51.11863603993966,50.59374910043048,50.90512466430664,23830000,MSFT
2016-10-18,51.18093106169144,51.55458120990455,51.07417533093204,51.29658508300781,19149500,MSFT
2016-10-19,51.12755492274976,51.4567204057754,51.06528046362878,51.180931091308594,22878400,MSFT
2016-10-20,51.154237272437484,51.17203045786358,50.40694045305723,50.931827545166016,49455600,MSFT
2016-10-21,53.62742269983561,53.77866305187992,52.924610667390624,53.07584762573242,80032200,MSFT
2016-10-24,53.32495636383614,54.267974853515625,53.3160614677453,54.267974853515625,54067000,MSFT
2016-10-25,54.13453048648346,54.59714316256701,54.090049216297295,54.25908279418945,35137200,MSFT
2016-10-26,54.098939891557,54.445898501355714,53.79646254568325,53.938804626464844,29911600,MSFT
2016-10-27,53.92102203452781,54.11674370668913,53.45840933268516,53.46730422973633,28479900,MSFT
2016-10-28,53.38723278047848,53.84095055296686,53.004691147849776,53.2626838684082,33574700,MSFT
2016-10-31,53.520670415730315,53.75197501198557,53.30715560913086,53.30715560913086,26434700,MSFT
2016-11-01,53.35163784629635,53.396119105825235,52.71109684923225,53.20039749145508,24533000,MSFT
2016-11-02,53.21820116711253,53.31606199359296,52.75558851065255,52.87124252319336,22147000,MSFT
2016-11-03,52.96019070418874,53.058051504142625,52.58654407931279,52.675506591796875,21600400,MSFT
2016-11-04,52.17731766040978,52.737787668279616,52.06166366465928,52.23069381713867,28697000,MSFT
2016-11-07,53.18261148420685,53.840945752644316,53.18261148420685,53.75197982788086,31664800,MSFT
2016-11-08,53.867636176596356,54.07225272189908,53.51178264317111,53.79646682739258,22935400,MSFT
2016-11-09,53.378323135870176,53.903210115787665,52.66661283946572,53.52956008911133,49632500,MSFT
2016-11-10,53.80536570328446,53.814263993657605,51.26989593948594,52.22180938720703,57822400,MSFT
2016-11-11,51.8036694840329,52.59544751227927,51.6079478523485,52.50648498535156,38767800,MSFT
2016-11-14,52.506502388202634,52.5598819582732,50.958528793196066,51.70582580566406,41328400,MSFT
2016-11-15,52.24320458350038,53.282157222670634,52.23424618074096,52.72685241699219,35904100,MSFT
2016-11-16,52.78954746927516,53.43441580154248,52.67311556666101,53.42546081542969,27332500,MSFT
2016-11-17,54.106154009943495,54.5898052725628,53.71206969408498,54.31215286254883,32132700,MSFT
2016-11-18,54.43755095438387,54.75998517556221,54.00763979835615,54.05242156982422,27686300,MSFT
2016-11-21,54.1867516806355,54.60770770436832,54.11509813760482,54.509185791015625,19652600,MSFT
2016-11-22,54.61666369960067,54.86744427159074,54.46440504278643,54.7420539855957,23206700,MSFT
2016-11-23,54.64354533453258,54.724153883186084,53.9628535810596,54.09720230102539,21848900,MSFT
2016-11-25,54.00763562482846,54.2136344909668,53.85537693027704,54.2136344909668,8409600,MSFT
2016-11-28,54.04345651417683,54.6524980592458,53.927021196747006,54.285282135009766,20732600,MSFT
2016-11-29,54.32109903095658,55.00179058988012,54.20466373470676,54.71518325805664,22366700,MSFT
2016-11-30,54.50919315323785,54.79580053081293,53.9359783980877,53.9718017578125,34655400,MSFT
2016-12-01,53.83745551728528,53.87328229300458,52.78954453558674,53.02241516113281,34542100,MSFT
2016-12-02,52.91492961592214,53.26423208061252,52.66414564343947,53.06718826293945,25515700,MSFT
2016-12-05,53.470243878823396,54.267370910789,53.344853570419325,53.93598175048828,23552700,MSFT
2016-12-06,54.12406389878932,54.150932272765,53.55980412889397,53.69415283203125,19907000,MSFT
2016-12-07,53.74788610042106,54.97492748752493,53.55980066150881,54.96596908569336,30809000,MSFT
2016-12-08,54.903266938547134,55.154050908414646,54.491269339189564,54.64352798461914,21220800,MSFT
2016-12-09,54.79580109750686,55.52127795135066,54.75101933491565,55.50336456298828,27349400,MSFT
2016-12-12,55.36901175625065,55.79892279520692,55.27944823770406,55.68248748779297,20198100,MSFT
2016-12-13,55.97805934271034,56.80205473625283,55.745192119161686,56.4079704284668,35718900,MSFT
2016-12-14,56.425889646675536,56.82893239890635,56.00493350360891,56.1392822265625,30352700,MSFT
2016-12-15,56.15719769652421,56.560240463677005,55.798936699803924,56.049720764160156,27669900,MSFT
2016-12-16,56.38109662014663,56.38109662014663,55.63770642372993,55.79892349243164,42453100,MSFT
2016-12-19,56.03179645041428,57.11553080012778,55.90640273436405,56.98118209838867,34338200,MSFT
2016-12-20,57.043883569039245,57.14240550568106,56.452755365818156,56.90953826904297,26028400,MSFT
2016-12-21,56.81101633240115,57.05284197235021,56.53336391246784,56.90953826904297,17096300,MSFT
2016-12-22,57.17821888851661,57.41108607059273,56.79308963549807,56.918479919433594,22176600,MSFT
2016-12-23,56.82891259223243,56.90952111458397,56.246739551179196,56.64082717895508,12403800,MSFT
2016-12-27,56.61396729413059,57.38422591037119,56.61396729413059,56.67666244506836,11763200,MSFT
2016-12-28,56.784147100074506,56.784147100074506,56.273627451195885,56.41693115234375,14653300,MSFT
2016-12-29,56.30048075578122,56.605001466278715,56.18404546207161,56.336307525634766,10250600,MSFT
2016-12-30,56.390056244541015,56.416928035954825,55.55710245993341,55.65562438964844,25579900,MSFT
2017-01-03,56.237806249954765,56.28258802038729,55.64667799700736,56.049720764160156,20694100,MSFT
2017-01-04,55.96014056113335,56.20196616418592,55.63770642372993,55.79892349243164,21340000,MSFT
2017-01-05,55.70040157082179,56.12135762983507,55.55709788937907,55.79892349243164,24876000,MSFT
2017-01-06,55.7989262843437,56.5602299061114,55.5660590715837,56.28257751464844,19922900,MSFT
2017-01-09,56.21092769458559,56.49753850747266,56.01388724505217,56.103450775146484,20382700,MSFT
2017-01-10,56.18406271051334,56.488583514498366,55.78101996749935,56.085540771484375,18593000,MSFT
2017-01-11,56.076571920348314,56.631873219748506,55.91535486300164,56.596046447753906,21517300,MSFT
2017-01-12,56.47961890727279,56.78413965938796,55.48544811605473,56.076576232910156,20968200,MSFT
2017-01-13,56.08552343188356,56.3094356180403,55.84369786083882,56.15717697143555,19422300,MSFT
2017-01-17,56.139269652334455,56.15718303915798,55.55709653877224,56.004920959472656,20664000,MSFT
2017-01-18,56.13030506350938,56.15717684909724,55.637698938363464,55.97804641723633,19670100,MSFT
2017-01-19,55.74518674728392,56.407964992720494,55.709359972765924,55.79892349243164,18451700,MSFT
2017-01-20,56.130317483087396,56.26466619086672,55.86162348415831,56.193016052246094,30213500,MSFT
2017-01-23,56.15718938833191,56.53336030426841,56.04075406912936,56.39005661010742,23097600,MSFT
2017-01-24,56.605005659788134,57.08865683875521,56.372135055116985,56.8916130065918,24672900,MSFT
2017-01-25,57.27673767947932,57.41108294067362,56.82891330890736,57.034912109375,23672700,MSFT
2017-01-26,57.429020229092,57.80519119458417,56.91849712121975,57.56336212158203,43554600,MSFT
2017-01-27,58.56648799196568,59.032229301999635,58.11866348868821,58.91579055786133,44818000,MSFT
2017-01-30,58.83517856646744,58.92474209002701,58.038051590247285,58.33361053466797,31651400,MSFT
2017-01-31,58.091791055174916,58.35153006892903,57.55440305542051,57.90370559692383,25270500,MSFT
2017-02-01,57.6439710428162,57.87684169958759,56.84684396763766,56.94536590576172,39671500,MSFT
2017-02-02,56.64979381189297,56.79309750147131,56.20196935488195,56.57814025878906,45827000,MSFT
2017-02-03,56.873695062638795,57.052825494193335,56.48856583061661,57.034912109375,30301800,MSFT
2017-02-06,56.87370561638051,57.008054319133976,56.55127146307576,56.99909591674805,19796400,MSFT
2017-02-07,57.088657001454436,57.124480357435175,56.63187419225181,56.811004638671875,20277200,MSFT
2017-02-08,56.93639126035445,57.15134846554443,56.622915561774136,56.73039245605469,18096400,MSFT
2017-02-09,56.89161543116154,57.71561415081051,56.71248497761792,57.37526321411133,22644400,MSFT
2017-02-10,57.54544544219971,57.59023062331835,57.30361981400347,57.321533203125,18170700,MSFT
2017-02-13,57.53648186479386,58.09178662773126,57.4379599418008,57.96639633178711,22920100,MSFT
2017-02-14,58.03848630752008,58.31781852358689,57.68705926594893,58.182655334472656,23108400,MSFT
2017-02-15,58.11957518471104,58.18265041767605,57.81321173164808,58.1466064453125,17005200,MSFT
2017-02-16,58.33584603231494,58.78638548209272,58.06552648726013,58.13760757446289,20546300,MSFT
2017-02-17,58.09255134361924,58.290789779595116,57.93936959752357,58.22771453857422,21248800,MSFT
2017-02-21,58.21868946409383,58.52505289123504,58.07451358683852,58.110557556152344,20655900,MSFT
2017-02-22,57.96639601481763,58.020458538405016,57.71409507182974,57.99342727661133,19292700,MSFT
2017-02-23,58.04749465373902,58.32683375656216,57.84025037953564,58.22771453857422,20273100,MSFT
2017-02-24,58.14661387172696,58.389908997583056,57.79519368965542,58.22771453857422,21796800,MSFT
2017-02-27,58.15562157173534,58.15562157173534,57.714094922647796,57.87628936767578,15871500,MSFT
2017-02-28,57.74112999063912,57.849255044661945,57.45278161809294,57.65102005004883,23239800,MSFT
2017-03-01,57.7861889019001,58.56111732625577,57.68706967031833,58.51606750488281,26937500,MSFT
2017-03-02,58.29078094639234,58.3448434663076,57.56090599145553,57.67804718017578,24539600,MSFT
2017-03-03,57.660031033734654,57.92134126025372,57.32662941956239,57.894309997558594,18135900,MSFT
2017-03-06,57.642011116097606,58.17364430068698,57.49783864764191,57.912330627441406,18750300,MSFT
2017-03-07,57.840250442502786,58.37188363530261,57.840250442502786,58.029476165771484,18521000,MSFT
2017-03-08,57.903320208024454,58.64220448006712,57.89430749595374,58.56110382080078,21510900,MSFT
2017-03-09,58.7413272269405,58.75033306486863,58.10156212508576,58.32683181762695,19846800,MSFT
2017-03-10,58.66923637675594,58.80439956053979,58.34484748554874,58.507041931152344,19538200,MSFT
2017-03-13,58.579129926134236,58.74132437186798,58.18265308663282,58.30880355834961,20100000,MSFT
2017-03-14,58.14661153257863,58.16463695767985,57.80420407719479,58.03848648071289,14280200,MSFT
2017-03-15,58.164631831099214,58.49802654454732,57.894305475890405,58.344844818115234,24833800,MSFT
2017-03-16,58.34485438998246,58.35386710321729,57.93937166533185,58.24573516845703,20674300,MSFT
2017-03-17,58.489039284080995,58.78639011963004,58.28178809597157,58.45299530029297,49219700,MSFT
2017-03-20,58.48902338150087,58.73231161256373,58.31781622372899,58.507041931152344,14598100,MSFT
2017-03-21,58.74132123798942,59.02065342836193,57.78617316421045,57.85826110839844,26640500,MSFT
2017-03-22,57.77716706191838,58.6962642846986,57.77716706191838,58.597145080566406,20680000,MSFT
2017-03-23,58.51607055325027,58.78639011963004,58.362881903479405,58.45299530029297,19269200,MSFT
2017-03-24,58.89451242784257,58.975606222072436,58.35386650891926,58.55210494995117,22617100,MSFT
2017-03-27,58.23672816599253,58.768368304006394,57.98442716816355,58.66023635864258,18614700,MSFT
2017-03-28,58.53408609170707,58.993638267966325,58.254753825101744,58.831443786621094,20080400,MSFT
2017-03-29,58.67824566553255,59.020653086414576,58.525057066349426,58.993621826171875,13618400,MSFT
2017-03-30,58.94857097753522,59.45317975919039,58.89450845169857,59.20988464355469,15122800,MSFT
2017-03-31,59.15582508715537,59.642408468166366,58.97560520084441,59.34505081176758,21040300,MSFT
2017-04-03,59.299983659242905,59.41712828334867,58.7413192969582,59.06570816040039,20400900,MSFT
2017-04-04,58.921550124094175,59.30000162118131,58.82243089275899,59.22792053222656,12997400,MSFT
2017-04-05,59.7415255333232,59.786575347262634,58.96659723683605,59.07472229003906,21448600,MSFT
2017-04-06,59.110775872637745,59.52527135154554,59.00265080186233,59.22792053222656,18103500,MSFT
2017-04-07,59.336020140931495,59.435139329733,58.966581516503425,59.182838439941406,14108500,MSFT
2017-04-10,59.11976783946608,59.3089935216034,58.894498188157236,59.04767990112305,17952700,MSFT
2017-04-11,59.110776286131376,59.11978900032124,58.43496709031123,59.00265121459961,18791500,MSFT
2017-04-12,58.94857074224205,59.0296714053587,58.66923852695378,58.77737045288086,17108500,MSFT
2017-04-13,58.83144441748059,59.345059134800294,58.52507400512695,58.52507400512695,17896500,MSFT
2017-04-17,58.6061742864854,59.01165705410283,58.57914301860245,59.00265121459961,16689300,MSFT
2017-04-18,58.867469158784004,59.20987656685133,58.714287440018445,58.921531677246094,15155600,MSFT
2017-04-19,59.15581776471551,59.24592425937454,58.47099603087409,58.60615921020508,26992800,MSFT
2017-04-20,58.984620236406435,59.2459339258325,58.69627528164077,59.02066421508789,22299500,MSFT
2017-04-21,59.173828872502064,60.101938712678994,58.97559048437029,59.83161926269531,32522600,MSFT
2017-04-24,60.80479988615604,60.96699434364247,60.46238554552602,60.849849700927734,29770000,MSFT
2017-04-25,61.183267760107356,61.30941827484405,60.91294130013589,61.20128631591797,30242700,MSFT
2017-04-26,61.345432613409955,61.55267684116618,60.93093728321336,61.12016296386719,26190800,MSFT
2017-04-27,61.40851466547254,61.61575891626269,60.89490008241731,61.516639709472656,34971000,MSFT
2017-04-28,62.093332838544335,62.30057707744399,60.99401578971644,61.687843322753906,39548800,MSFT
2017-05-01,61.88609748760408,62.67003858472433,61.72390301491321,62.543888092041016,31954400,MSFT
2017-05-02,62.81419807708758,62.81419807708758,62.291570758490224,62.444759368896484,23906100,MSFT
2017-05-03,62.51684432448948,62.51684432448948,61.91312318174205,62.246524810791016,28928000,MSFT
2017-05-04,62.20145800711525,62.24651468941486,61.85003788416874,62.00321960449219,21749400,MSFT
2017-05-05,62.08432054214316,62.20145829210051,61.714874994710335,62.1744270324707,19128800,MSFT
2017-05-08,62.14738877001163,62.219476704024544,61.651792817027584,62.120357513427734,18566100,MSFT
2017-05-09,62.04827386684181,62.42672523453427,61.88607944144729,62.21046829223633,22858400,MSFT
2017-05-10,62.16540955330436,62.679024070933075,62.10233432744413,62.45375442504883,17977800,MSFT
2017-05-11,61.59773683302865,61.931138407165065,61.381479882751115,61.687843322753906,28789400,MSFT
2017-05-12,61.82301576257309,61.82301576257309,61.30940113199017,61.61576461791992,18714100,MSFT
2017-05-15,61.39952153529921,61.705891965272876,60.8859067884404,61.66083526611328,31530300,MSFT
2017-05-16,61.83302524680426,62.92957955220874,61.7695884494368,62.90239334106445,34956000,MSFT
2017-05-17,62.43112017525157,62.6214304988916,61.10800536749958,61.1533203125,30548800,MSFT
2017-05-18,61.080825855473265,61.74237987475519,60.84520056102804,61.361759185791016,25201300,MSFT
2017-05-19,61.17145846313861,61.715203377770386,61.10802167166643,61.34364700317383,26961100,MSFT
2017-05-22,61.52490001952863,62.077709371438175,61.17146543900842,62.03239440917969,16237600,MSFT
2017-05-23,62.277064784704585,62.30425098797215,61.96893834812799,62.240814208984375,15425800,MSFT
2017-05-24,62.4129985120686,62.42205596982093,62.03237094968411,62.32236862182617,14593900,MSFT
2017-05-25,62.50362594136826,63.32830407142844,62.44925353462089,63.09268569946289,21854100,MSFT
2017-05-26,63.25582245281189,63.63644320415499,63.00206837115807,63.40081787109375,19827900,MSFT
2017-05-30,63.24675444772065,63.80862808227539,63.228625700168784,63.80862808227539,17072800,MSFT
2017-05-31,63.91735970153074,64.10767002694607,63.264863206341076,63.292049407958984,30436400,MSFT
2017-06-01,63.65457211473046,63.98988486005022,62.938638575756414,63.5276985168457,21603600,MSFT
2017-06-02,63.83580216715347,65.12266643530728,63.65454929651135,65.03204345703125,34770300,MSFT
2017-06-05,65.2223777471341,66.05612051611938,65.07737539734921,65.50331115722656,33316800,MSFT
2017-06-06,65.52143446387888,65.81143222526039,65.49424133998423,65.7208023071289,31511100,MSFT
2017-06-07,65.8295424947226,65.9473516878666,65.20423212275573,65.60298156738281,22301800,MSFT
2017-06-08,65.7117555006602,65.72081296266826,64.79644710904786,65.20425415039062,24588300,MSFT
2017-06-09,65.28581044656895,65.32206103173856,62.159264888088266,63.72706985473633,49187400,MSFT
2017-06-12,62.75738944539177,63.38269994262792,61.74239379850142,63.23769760131836,47761700,MSFT
2017-06-13,63.45518505287779,64.18018282674137,63.40081263976994,64.026123046875,25258600,MSFT
2017-06-14,64.26173826889423,64.43391985472694,62.92049467210153,63.68173599243164,25510700,MSFT
2017-06-15,62.77549381474085,63.62736504768461,62.34956511235923,63.346431732177734,26068700,MSFT
2017-06-16,63.19236334417073,63.464232250221535,62.730177215568254,63.43704605102539,48345100,MSFT
2017-06-19,63.89018172211586,64.28893116806792,63.75424378244213,64.22549438476562,23798300,MSFT
2017-06-20,64.18018515339979,64.22550010869321,63.3192563155562,63.355506896972656,21512200,MSFT
2017-06-21,63.62736358786238,63.99892678999262,63.38268085321059,63.68173599243164,19891100,MSFT
2017-06-22,63.9264270133464,63.971735046763285,63.174243134905566,63.67267990112305,22965700,MSFT
2017-06-23,63.51861964675343,64.56986569115554,63.36455987220548,64.53361511230469,27617300,MSFT
2017-06-26,64.70581210849463,64.98674548877179,63.83581884439505,63.91737747192383,19607000,MSFT
2017-06-27,63.53674341673303,63.60018019623064,62.69393653821316,62.72112274169922,25215100,MSFT
2017-06-28,62.72112243300975,63.29205344567831,62.34050175789737,63.25580978393555,25806200,MSFT
2017-06-29,62.875198166014364,62.97488554635505,61.706142726276276,62.068641662597656,28918700,MSFT
2017-06-30,62.33142735591414,62.87517207773863,62.29517678591393,62.46736526489258,24161100,MSFT
2017-07-03,62.82986751935655,63.074550237754146,61.642683757101025,61.778621673583984,16165500,MSFT
2017-07-05,61.86020146316166,62.929569384643486,61.823950882795515,62.60332107543945,21176300,MSFT
2017-07-06,61.86926406582958,62.33145036130503,61.73333302077076,62.14113998413086,21117600,MSFT
2017-07-07,62.25894942718814,63.29206685804653,62.25894942718814,62.947696685791016,16878300,MSFT
2017-07-10,62.94769086973971,63.66362427130727,62.71206555570819,63.418941497802734,15014500,MSFT
2017-07-11,63.437054331995206,64.05330027921248,63.21049342366665,63.4279899597168,17460000,MSFT
2017-07-12,64.06237672666484,64.59705725233933,63.93550314721355,64.479248046875,17750900,MSFT
2017-07-13,64.79643962280578,65.28581216433344,64.62425106724262,65.04112243652344,20269800,MSFT
2017-07-14,65.46701056586384,66.40044000884662,65.21326356164569,65.95638275146484,25868100,MSFT
2017-07-17,65.9745543501741,66.56360731519118,65.90205318355632,66.47298431396484,21803900,MSFT
2017-07-18,66.23736366488131,66.50923960188358,65.8476854234529,66.42768096923828,26435300,MSFT
2017-07-19,66.60890950273826,67.09828191244924,66.56359455376688,66.9351577758789,22416200,MSFT
2017-07-20,67.22517824436936,67.33393001028473,66.40955728523608,67.26142883300781,42361000,MSFT
2017-07-21,66.56360052012114,67.32484886371313,66.30985337695417,66.8717269897461,46717100,MSFT
2017-07-24,66.63610239809432,66.83547713104491,66.27360351219245,66.69953918457031,21394800,MSFT
2017-07-25,66.88079551101742,67.34297487298188,66.60891960413943,67.2342300415039,22018700,MSFT
2017-07-26,67.37017313506007,67.40642372340271,66.88986493918246,67.10736846923828,16252200,MSFT
2017-07-27,66.84451830368582,67.44263538084758,65.53952553302196,66.30077362060547,36844200,MSFT
2017-07-28,65.85674201918305,66.43673755734893,65.73893280221229,66.19205474853516,18306700,MSFT
2017-07-31,66.42767824329253,66.5545518315959,65.62112175446747,65.88392639160156,23600100,MSFT
2017-08-01,66.24640537006847,66.53640304372271,65.69359622433853,65.77516174316406,22132300,MSFT
2017-08-02,65.74800292675607,65.75706038832823,64.7420715648231,65.48519134521484,26499200,MSFT
2017-08-03,65.42172573129326,65.64828662448755,65.11359932122235,65.3854751586914,18214400,MSFT
2017-08-04,65.61203659518186,66.19203193343469,65.46703430357375,65.86578369140625,22579000,MSFT
2017-08-07,65.97455182258973,66.06517482034415,65.48517933780596,65.61205291748047,18705700,MSFT
2017-08-08,65.33111738991109,66.2736118461387,65.02299779230754,65.96549224853516,22044600,MSFT
2017-08-09,65.47610137209084,65.71172664861383,65.29485541420551,65.67547607421875,22213400,MSFT
2017-08-10,65.15892412005802,65.42173562560149,64.66048731401166,64.7148666381836,24734500,MSFT
2017-08-11,64.89609583742467,65.8838979070139,64.59703383111106,65.70265197753906,21443700,MSFT
2017-08-14,66.21016737383432,66.80829157854099,66.11048000638321,66.69047546386719,20096600,MSFT
2017-08-15,67.04579432497083,67.04579432497083,66.5447088269076,66.70870208740234,19181400,MSFT
2017-08-16,66.81801158526225,67.51042819392298,66.66313102636873,67.10044860839844,18150400,MSFT
2017-08-17,67.03667403831813,67.30088573118621,65.96160888671875,65.96160888671875,22977500,MSFT
2017-08-18,65.8431574475763,66.36246810752749,65.53339636487007,66.04359436035156,18761500,MSFT
2017-08-21,66.02539134430307,66.034504010893,65.32386198636655,65.73384857177734,17734800,MSFT
2017-08-22,65.91605681074577,66.7269103223817,65.91605681074577,66.6540298461914,14343700,MSFT
2017-08-23,66.47180625383956,66.64491214242777,66.0800450513532,66.2531509399414,13766500,MSFT
2017-08-24,66.27140241436493,66.38073360137514,65.66098559315165,66.2258529663086,17098300,MSFT
2017-08-25,66.38072014984103,66.82714357554003,66.03451522086024,66.34427642822266,12794300,MSFT
2017-08-28,66.56293627941099,66.59026733472886,66.09829443714779,66.3533935546875,14569700,MSFT
2017-08-29,65.82494221817457,66.65402095141576,65.64273062562296,66.55380249023438,11478400,MSFT
2017-08-30,66.51737186488069,67.61065553708232,66.35337861895763,67.4284439086914,16897800,MSFT
2017-08-31,67.4466507293909,68.29394786292752,67.23710808775415,68.12084197998047,27652800,MSFT
2017-09-01,68.06620763965462,68.09353869527743,67.0913606005063,67.36468505859375,21736200,MSFT
2017-09-05,66.81804009129817,67.31913264376266,66.49006045351156,67.06403350830078,21556000,MSFT
2017-09-06,67.18244178201962,67.45576613980415,66.82712428745603,66.8726806640625,16535800,MSFT
2017-09-07,67.12779905905813,67.96598380341031,67.0549116158286,67.7291030883789,17471200,MSFT
2017-09-08,67.71998158924116,67.82020006259388,67.2735513166963,67.40110778808594,14703800,MSFT
2017-09-11,67.70176873610126,68.27574863490497,67.70176873610126,68.11175537109375,17910400,MSFT
2017-09-12,68.11175157135409,68.54906228316864,67.75643401140661,68.03886413574219,14394900,MSFT
2017-09-13,68.26662945202658,68.53995384926955,67.92042457298989,68.521728515625,13380800,MSFT
2017-09-14,68.3303915725441,68.7768148512252,67.89307400807199,68.12084197998047,15733900,MSFT
2017-09-15,68.17552802250881,68.68572618252811,67.48311126896219,68.61283874511719,38578400,MSFT
2017-09-18,68.53995579798628,69.21414719251176,68.36684987808214,68.47618103027344,23307000,MSFT
2017-09-19,68.52172783655365,68.97726386015866,68.33951620748289,68.73127746582031,16093300,MSFT
2017-09-20,68.64926983162528,68.83148839162244,67.70175417242199,68.2757339477539,21587900,MSFT
2017-09-21,68.43060753862028,68.54904437735621,67.51953568423943,67.61064147949219,19186100,MSFT
2017-09-22,67.41019887977822,67.88396009665874,67.28264938698563,67.79285430908203,14111400,MSFT
2017-09-25,67.50134773909906,67.64712265297972,66.43539474733602,66.74516296386719,24149200,MSFT
2017-09-26,67.11869901655804,67.24624859073838,66.4991695344262,66.74516296386719,18019600,MSFT
2017-09-27,67.00935922310867,67.57421950591457,66.66314735849463,67.28267669677734,19565100,MSFT
2017-09-28,67.00024783768677,67.3920091466124,66.79069818136094,67.3009033203125,10883800,MSFT
2017-09-29,67.36466773079852,67.91130955543441,67.30999868268538,67.86575317382812,17079100,MSFT
2017-10-02,68.06619584679011,68.33952025752251,67.69265989977956,67.97509002685547,15304800,MSFT
2017-10-03,68.02973243310517,68.2210566848555,67.59242184365483,67.65619659423828,12190400,MSFT
2017-10-04,67.5013021378018,68.0752817847851,67.15509737761364,68.0479507446289,13317700,MSFT
2017-10-05,68.53086049910584,69.35082697102892,68.2939797514547,69.21416473388672,21195300,MSFT
2017-10-06,68.94082251217945,69.26880901651518,68.82238564430813,69.2414779663086,13959800,MSFT
2017-10-09,69.21413353879478,69.74255691041932,69.1139150734547,69.50567626953125,11386500,MSFT
2017-10-10,69.54211997973918,69.8154373799082,69.36901409398325,69.50567626953125,13944500,MSFT
2017-10-11,69.56946052231801,69.66056633481215,69.19591765488569,69.6241226196289,15388900,MSFT
2017-10-12,69.68788399330708,70.41674425506945,69.57855981969135,70.2618637084961,16876500,MSFT
2017-10-13,70.6900743171864,70.9451803202011,70.4167568832053,70.59896850585938,15335700,MSFT
2017-10-16,70.53520893892446,70.89052654529893,70.47143416216312,70.74475860595703,12380100,MSFT
2017-10-17,70.5807621528929,70.71742436863843,70.38032516325666,70.6900863647461,16824000,MSFT
2017-10-18,70.7629674599107,70.92696071391107,70.48965000386237,70.70830535888672,13300700,MSFT
2017-10-19,70.67184510701672,70.99983153828255,70.47140818225128,70.98161315917969,15092800,MSFT
2017-10-20,71.35517416510704,71.94737248312798,71.26406833562595,71.80159759521484,22866400,MSFT
2017-10-23,71.96558451346678,72.28445836395589,71.75604181925765,71.81981658935547,20627200,MSFT
2017-10-24,71.88357353149887,72.15689092801998,71.48269967548899,71.84712982177734,17517200,MSFT
2017-10-25,71.59206956993408,72.06582415098616,71.07275858933076,71.63761901855469,20410800,MSFT
2017-10-26,72.15689414463255,72.35733108157257,71.74691455611136,71.75602722167969,32120700,MSFT
2017-10-27,76.86715394431803,78.5344105691487,76.17473721678623,76.35694885253906,71066700,MSFT
2017-10-30,76.25672654755272,76.83070637818477,75.71919738335927,76.4298324584961,31756700,MSFT
2017-10-31,76.85806276508222,76.85806276508222,75.71922234591129,75.78299713134766,27086600,MSFT
2017-11-01,76.23853329901603,76.31142075406623,75.50967265037451,75.78299713134766,22307400,MSFT
2017-11-02,75.9378451390801,76.94913555295254,75.72830248448804,76.57559967041016,23992900,MSFT
2017-11-03,76.60292305716754,77.02201527537456,75.98339391918182,76.65758514404297,17633500,MSFT
2017-11-06,76.71228904382896,77.167825218557,76.60296481048968,76.95828247070312,19860900,MSFT
2017-11-07,77.2315444530222,77.3499882218514,76.4662475663969,76.77600860595703,17939700,MSFT
2017-11-08,76.65762685553972,77.08583197153287,76.37519665176994,77.04027557373047,18034200,MSFT
2017-11-09,76.6302782528009,76.77604618072046,75.52788179749328,76.61205291748047,21178400,MSFT
2017-11-10,76.3387336560349,76.62116378852012,75.82853549388646,76.41162109375,19397800,MSFT
2017-11-13,76.22029167901616,76.47539074300822,76.03807309693028,76.46627807617188,14196900,MSFT
2017-11-14,76.07450732085992,76.6211490970519,75.60075296840749,76.57559967041016,18801300,MSFT
2017-11-15,76.42909591006075,76.63053947243702,75.71489199678916,75.98043060302734,19383100,MSFT
2017-11-16,76.09030615364117,76.38331307536608,75.94380618569674,76.18186950683594,20962800,MSFT
2017-11-17,76.10861570673472,76.10861570673472,75.30284150999626,75.44934844970703,22079000,MSFT
2017-11-20,75.44935061063597,75.62331887423086,75.3120020971822,75.5683822631836,16315000,MSFT
2017-11-21,75.7606898164309,76.76790090354801,75.7606898164309,76.65802764892578,21237500,MSFT
2017-11-22,76.75874712636623,76.82284218489627,76.03538461676293,76.09947967529297,20553100,MSFT
2017-11-24,76.00789691395366,76.39246716702814,75.79729492631628,76.23680877685547,7425600,MSFT
2017-11-27,76.28258941073238,76.89607853227055,76.27343796572373,76.79535675048828,18265200,MSFT
2017-11-28,76.97848160223707,77.88497063065476,76.93269643495067,77.72015380859375,21926000,MSFT
2017-11-29,77.56449817209375,77.75678330702189,76.16355862773445,76.31005859375,27381100,MSFT
2017-11-30,76.46571420720832,77.39051302573286,76.31004884429507,77.07003784179688,33054600,MSFT
2017-12-01,76.54811993465032,77.65605243141589,76.20017644349726,77.15245056152344,29532100,MSFT
2017-12-04,77.29896695875952,77.30812539058569,73.89275684643266,74.24070739746094,39094900,MSFT
2017-12-05,74.47874504452379,75.70571600999445,74.14911845669928,74.70765686035156,26152300,MSFT
2017-12-06,74.67106719995539,76.12694358194597,74.56118696919049,75.79730987548828,26162100,MSFT
2017-12-07,75.57755397330278,75.81562430606475,75.08310342949109,75.53176879882812,23184500,MSFT
2017-12-08,76.57562152258527,77.44549110731563,76.30093137938476,77.06092071533203,24489100,MSFT
2017-12-11,77.17993841923911,78.16883952148255,77.02428000106289,78.0406494140625,22857900,MSFT
2017-12-12,78.11389337091755,78.79147761474793,77.90329833808552,78.36112213134766,23924100,MSFT
2017-12-13,78.50762998980979,78.74570034222774,77.98571109255643,78.15052795410156,22062700,MSFT
2017-12-14,78.22375015061021,78.62663720339343,77.39966617256937,77.54617309570312,19306000,MSFT
2017-12-15,78.06811808236097,79.74374791869347,77.72016751562418,79.52399444580078,53936700,MSFT
2017-12-18,79.77121979905746,80.11916336505594,78.95629401055412,79.09363555908203,22283800,MSFT
2017-12-19,79.06617583447259,79.06617583447259,78.07727466267565,78.59004211425781,23524800,MSFT
2017-12-20,78.92881584401295,79.02038618748293,77.56450295351422,78.3061752319336,23674900,MSFT
2017-12-21,78.79144291259888,78.83722108026097,78.19627084632266,78.28783416748047,17990700,MSFT
2017-12-22,78.19631341343234,78.40690846815193,77.75679945245302,78.29703521728516,14145800,MSFT
2017-12-26,78.11387716417622,78.31532070915075,77.85749701087597,78.1962890625,9891200,MSFT
2017-12-27,78.42521169954709,78.72737705857377,78.03148298543736,78.48014831542969,14678000,MSFT
2017-12-28,78.6541280611354,78.68159637064157,78.33365280716896,78.48931121826172,10594300,MSFT
2017-12-29,78.40689069828271,78.79146794666937,78.2878590415415,78.3244857788086,18717400,MSFT
2018-01-02,78.8647069458507,79.02952375498265,78.28785160680647,78.69989013671875,22483800,MSFT
2018-01-03,78.80063109352733,79.21267670959426,78.71822616181606,79.06616973876953,26061400,MSFT
2018-01-04,79.2859138303391,80.2656633637008,79.26760395407034,79.76205444335938,21912000,MSFT
2018-01-05,80.2656692101264,80.95240488652034,80.0550671955975,80.75096130371094,23407100,MSFT
2018-01-08,80.76012815677416,81.10807877013015,80.21074090801582,80.83338165283203,22113000,MSFT
2018-01-09,81.17216351237246,81.24541699911678,80.44880104890551,80.77843475341797,19484300,MSFT
2018-01-10,80.44877425314525,80.75093954594306,80.03673575266434,80.41214752197266,18652200,MSFT
2018-01-11,80.69601622319637,80.69601622319637,79.88109046098184,80.65023803710938,17808900,MSFT
2018-01-12,81.19045506613674,82.2068242613455,80.98901151597495,82.04200744628906,24271500,MSFT
2018-01-16,82.4998208340515,83.13161971035696,80.58612131862559,80.8974380493164,36599700,MSFT
2018-01-17,81.56589943052555,82.66467388478401,81.26373401056131,82.53648376464844,25621200,MSFT
2018-01-18,82.22514211546373,83.02175090966689,82.09695203396355,82.49983215332031,24159700,MSFT
2018-01-19,82.53646187568988,82.96681730165793,82.0969550048803,82.40827178955078,36875000,MSFT
2018-01-22,82.40827612328488,83.89162760840502,82.17020581400573,83.8824691772461,23601600,MSFT
2018-01-23,84.14801025390625,84.51427066677205,83.81837658091067,84.14801025390625,23412800,MSFT
2018-01-24,84.74317855349946,85.54894583512001,83.85499936459995,84.07475280761719,33277500,MSFT
2018-01-25,84.66993815725789,85.37498376436372,84.17548759470802,84.541748046875,26383200,MSFT
2018-01-26,85.26509719207195,86.12580108642578,84.7706467068035,86.12580108642578,29172200,MSFT
2018-01-29,87.11471080192887,87.39855931821482,85.81449290598047,85.99761962890625,31569900,MSFT
2018-01-30,85.42992746208309,85.75956117079346,84.33114610443617,84.91716003417969,38635100,MSFT
2018-01-31,85.84192617193833,87.3527454697312,85.62217279697164,86.99564361572266,48756300,MSFT
2018-02-01,86.79421379536878,87.96624129442017,85.68628133186442,86.30892181396484,47227900,MSFT
2018-02-02,85.7412522977918,86.04341772324696,83.78176672772621,84.03814697265625,47867800,MSFT
2018-02-05,82.92102026985958,85.37495540258665,80.57696533203125,80.57696533203125,51031500,MSFT
2018-02-06,79.56061371472502,83.76343953076176,78.05895231699519,83.62609100341797,67998600,MSFT
2018-02-07,82.8569376078551,84.02896525177215,81.67575153320365,82.0511703491211,41107600,MSFT
2018-02-08,82.14275177196922,82.29841019952326,77.6102985923789,77.8392105102539,55628700,MSFT
2018-02-09,79.02040598248428,81.42855712209972,76.75875485461427,80.7418212890625,63499100,MSFT
2018-02-12,81.25458461987697,82.20685917959912,80.51291213000731,81.61168670654297,35720300,MSFT
2018-02-13,81.4285478382566,82.40829056892028,80.39386848268161,82.25263214111328,26407700,MSFT
2018-02-14,81.42464984525692,83.70611836699298,81.33265639204429,83.54052734375,34960900,MSFT
2018-02-15,83.90853965036392,85.29766447649932,83.36577315975562,85.24246978759766,27823900,MSFT
2018-02-16,85.04926621776109,86.01521529322085,84.45130509535058,84.63529205322266,30596900,MSFT
2018-02-20,84.15689607821457,85.61040944675356,83.7245191386006,85.2976303100586,30911700,MSFT
2018-02-21,85.53685909712108,85.88643718218663,84.16613006591797,84.16613006591797,26922500,MSFT
2018-02-22,84.68128517447765,85.30685060470304,84.04651829153737,84.38690185546875,24392800,MSFT
2018-02-23,86.10722742749718,86.53960459268991,84.96649260051174,86.53040313720703,26329200,MSFT
2018-02-26,86.84317984377451,87.80912200294318,86.70518610142089,87.78152465820312,30199800,MSFT
2018-02-27,88.07590952634641,88.16790301659063,86.65918731689453,86.65918731689453,25869100,MSFT
2018-02-28,87.24792507990291,88.04828291820002,86.13478807499727,86.26358032226562,31167300,MSFT
2018-03-01,86.46597729613546,86.99954923246405,84.48808616571165,85.417236328125,37135600,MSFT
2018-03-02,84.24890113471719,85.69322027018512,83.58653696735456,85.60122680664062,32830400,MSFT
2018-03-05,84.94807610124526,86.72357771811313,84.87448552511593,86.14401245117188,23901600,MSFT
2018-03-06,86.7879693532633,86.92596308165285,85.50004660470113,85.84962463378906,22175800,MSFT
2018-03-07,85.70244360143465,86.42000262638204,85.03087781067562,86.34640502929688,26716100,MSFT
2018-03-08,86.72356289223991,87.4871220156022,86.26358853146529,86.87075805664062,25887800,MSFT
2018-03-09,87.66190805492415,88.81184387207031,87.3951221031081,88.81184387207031,36937300,MSFT
2018-03-12,88.77505442556539,89.42821719619918,88.35187884256258,89.0234375,26073700,MSFT
2018-03-13,89.23503528382705,89.45582103477052,86.44759149021354,86.85237121582031,35387800,MSFT
2018-03-14,87.50553529543241,87.77232129855095,86.01521566311065,86.33719635009766,32132000,MSFT
2018-03-15,86.0428094688316,87.00875850874635,85.39884812132331,86.64077758789062,27611000,MSFT
2018-03-16,87.10075060187022,87.74471193915784,86.40158756520638,87.02715301513672,49081300,MSFT
2018-03-19,86.2360032758896,86.38319846091478,84.73648917637232,85.45404815673828,33344100,MSFT
2018-03-20,85.60125225295192,86.26360959855926,85.5552519981797,85.67484283447266,23075200,MSFT
2018-03-21,85.49084795941134,86.52119321075892,84.82848365630595,85.07687377929688,24457100,MSFT
2018-03-22,83.96372365898506,84.40530216998876,82.48261255218137,82.60220336914062,38604700,MSFT
2018-03-23,82.33541458513045,83.21856455855394,80.10914025512633,80.20113372802734,44068900,MSFT
2018-03-26,83.35653852883516,86.47516354630012,83.16335017591659,86.27277374267578,56396800,MSFT
2018-03-27,87.33996870630905,87.52395571654334,81.4246957866332,82.30784606933594,56569000,MSFT
2018-03-28,82.62977767732791,83.9269084891757,81.75582937078036,82.23419952392578,52501100,MSFT
2018-03-29,82.96096634920696,84.90205848759472,81.32345893812744,83.96370697021484,45867500,MSFT
2018-04-02,83.22775726642683,83.60493257128557,80.50471004649422,81.43385314941406,48515400,MSFT
2018-04-03,82.4090270244254,82.84140414550969,80.85431108316148,82.52861785888672,37213800,MSFT
2018-04-04,80.8174996320592,85.33445155065061,80.707110269423,84.93887329101562,35560000,MSFT
2018-04-05,85.0400802478175,85.61964553959179,84.08333253061241,84.98487854003906,29771900,MSFT
2018-04-06,84.16611129682583,85.05846272983517,82.31701931607986,83.0069808959961,38026000,MSFT
2018-04-09,83.75213612888268,85.71162446509142,83.3657593333461,83.50374603271484,31533900,MSFT
2018-04-10,84.99407413330529,85.81282805258338,84.30411249220671,85.4448471069336,26812000,MSFT
2018-04-11,84.64448633077768,85.82201960609693,84.15691461696443,84.5064926147461,24872100,MSFT
2018-04-12,85.03088628758245,86.62240114460792,85.03088628758245,86.08882904052734,26758900,MSFT
2018-04-13,86.52118135217425,86.64077216103442,85.0400633270246,85.62882995605469,23346100,MSFT
2018-04-16,86.53960592598555,87.08237950937311,85.94163764615845,86.63159942626953,20288100,MSFT
2018-04-17,87.39511091370318,88.81183250127916,87.28471456267702,88.37945556640625,26771000,MSFT
2018-04-18,88.51748164603625,88.97745608234393,87.87351322401375,88.7198715209961,21043300,MSFT
2018-04-19,88.71985979673535,89.2994249831789,87.70791055566441,88.41627502441406,23552500,MSFT
2018-04-20,88.2323215396021,88.41630855211866,86.52121565231049,87.3951644897461,31154400,MSFT
2018-04-23,88.07590444326863,88.58187913839089,87.05476061758769,87.71712493896484,22331800,MSFT
2018-04-24,88.53586989831345,88.74746120897072,85.01247135429568,85.66563415527344,34524800,MSFT
2018-04-25,85.83124097615544,85.83124097615544,83.05299118001322,84.92048645019531,33729300,MSFT
2018-04-26,86.0611928165312,87.53310914678839,85.64721174265686,86.71435546875,42529000,MSFT
2018-04-27,89.78698249245082,90.06296988155927,86.39237691086181,88.14947509765625,48272800,MSFT
2018-04-30,88.61866834739051,88.68306448174256,85.69323092361456,86.03360748291016,41523600,MSFT
2018-05-01,85.74845475870075,87.66195057095335,85.3620778212232,87.3951644897461,31408900,MSFT
2018-05-02,87.38595760347414,87.55154871191128,85.73005353775693,86.0244369506836,27471000,MSFT
2018-05-03,85.5184375933652,87.33073780970304,85.04926175118307,86.53958129882812,31142500,MSFT
2018-05-04,85.84960353914639,87.73550098688511,85.48162269341067,87.54231262207031,22531300,MSFT
2018-05-07,87.55151475638498,88.96823657496998,87.48711862911527,88.51746368408203,24242000,MSFT
2018-05-08,88.17710336479632,88.46229230522438,87.45034286927533,88.14030456542969,23484600,MSFT
2018-05-09,88.3242874119208,89.20743742926828,87.44113739457332,89.17984008789062,27327400,MSFT
2018-05-10,89.65820816467034,90.1089811062134,89.28103281074924,90.07218933105469,22388100,MSFT
2018-05-11,89.9709906633697,90.03538679519943,89.27182764732414,89.87899017333984,16778300,MSFT
2018-05-14,90.08138411182118,90.78974861276431,89.52021478668784,90.18257904052734,19454100,MSFT
2018-05-15,89.45582135518357,90.01699069727478,88.62786601286436,89.5294189453125,24594000,MSFT
2018-05-16,89.95443990317251,89.99139820154268,89.27072900601117,89.76041412353516,17384700,MSFT
2018-05-17,89.40005084057529,90.12071980487057,88.54079006412958,88.86416625976562,17246700,MSFT
2018-05-18,88.70711842287673,89.55713805318216,88.70711842287673,89.0304946899414,17865800,MSFT
2018-05-21,89.62181004730303,90.55498756895888,89.43702562972157,90.1761703491211,19422500,MSFT
2018-05-22,90.25007189028622,90.70279857223878,89.80657949332172,90.0837631225586,15441200,MSFT
2018-05-23,89.35386829167254,91.22022334718686,88.99353374068117,91.15554809570312,21251200,MSFT
2018-05-24,91.220196505312,91.41422220267044,89.44623418118736,90.83213806152344,26649300,MSFT
2018-05-25,90.82293064707797,91.45120754066518,90.41639646620573,90.87836456298828,18363900,MSFT
2018-05-29,90.39791054183702,91.35880499445527,89.83431596919141,90.55498504638672,28671000,MSFT
2018-05-30,90.83214345394013,91.70064552621389,90.46257470316772,91.4234619140625,22158500,MSFT
2018-05-31,91.7376215067284,92.38437399440679,91.10934464052364,91.32184600830078,34140900,MSFT
2018-06-01,91.72837441972334,93.18819514217338,91.62674088530764,93.12351989746094,28655600,MSFT
2018-06-04,93.55779712145498,94.11215752369439,93.17897983299517,93.93660736083984,27281600,MSFT
2018-06-05,94.24149545386945,94.54639610152738,93.80724429794586,94.41704559326172,23514400,MSFT
2018-06-06,94.68498720968772,94.79585504501118,94.14910250871115,94.69422149658203,21122900,MSFT
2018-06-07,94.84205130142787,94.87900959491209,92.74471220290945,93.20668029785156,28232200,MSFT
2018-06-08,93.40070891124078,94.19529462279282,92.8925482206917,93.8996353149414,22165100,MSFT
2018-06-11,93.32678072643967,93.86265826862545,93.01263880950212,93.36373901367188,23490900,MSFT
2018-06-12,93.40995524775266,93.7333315316089,93.08657896389641,93.6039810180664,18325200,MSFT
2018-06-13,93.98279742014007,94.25073978121542,92.91102797583872,93.17897033691406,29492900,MSFT
2018-06-14,93.91811297365105,94.26920618014844,93.31755305408234,93.70560455322266,25691800,MSFT
2018-06-15,93.78876169458992,93.80723731622108,92.45829136679475,92.51372528076172,65738600,MSFT
2018-06-18,92.40285001096787,93.41917829659324,91.85772405425942,93.18819427490234,23586000,MSFT
2018-06-19,92.07023245580714,93.31754476312342,91.93164063297802,93.18819427490234,28653100,MSFT
2018-06-20,93.65940038095988,94.72192120436118,93.42841636733827,94.12136840820312,26180800,MSFT
2018-06-21,94.31540163001222,94.66649482095606,93.20667404706239,93.4468994140625,23198200,MSFT
2018-06-22,92.77244567871094,93.10505625586957,92.05176945582303,92.77244567871094,38923100,MSFT
2018-06-25,92.39362775347169,92.49526130792646,89.89900262375771,90.90608978271484,35433300,MSFT
2018-06-26,91.30339942792286,92.46756132510522,91.23872415858361,91.54362487792969,26897200,MSFT
2018-06-27,92.00556580743628,92.412092930223,89.99138466815123,90.12073516845703,31298400,MSFT
2018-06-28,89.97290265122696,91.57131534387281,89.86203482105812,91.12782287597656,26650700,MSFT
2018-06-29,91.40500376900086,92.31046429925279,90.85064348779945,91.10934448242188,28053200,MSFT
2018-07-02,90.63811854904283,92.44903223036478,90.5457263605302,92.40283966064453,19564500,MSFT
2018-07-03,92.83709798229538,92.97568275139814,91.41423561056784,91.515869140625,14670300,MSFT
2018-07-05,91.9316496202166,92.31970112281573,91.49739848913366,92.171875,18977400,MSFT
2018-07-06,92.29197503136452,93.71483744914983,92.08870796467049,93.46537780761719,19234600,MSFT
2018-07-09,93.91812084381188,94.47248118176289,93.54854493548648,94.1029052734375,18212000,MSFT
2018-07-10,94.24148108867243,94.71269046785622,94.11213060012362,94.35235595703125,19293100,MSFT
2018-07-11,93.456138542304,94.5556177151989,93.40993891736954,94.22300720214844,19644600,MSFT
2018-07-12,94.95291317234015,96.46817491378073,94.91596193024918,96.26490783691406,24335900,MSFT
2018-07-13,96.43121348387548,97.56765094162441,96.17250545414652,97.41058349609375,24635200,MSFT
2018-07-16,97.38285667516554,97.77090810683644,96.5697884765343,96.93013000488281,21786900,MSFT
2018-07-17,96.6529658702344,98.39920471390741,96.38502352794147,97.89103698730469,25901700,MSFT
2018-07-18,97.8818034285488,97.9834369746251,96.75460013502897,97.12417602539062,29493900,MSFT
2018-07-19,96.94863131429092,97.29972455278245,95.98773676523209,96.45894622802734,40171600,MSFT
2018-07-20,99.85903602304926,99.96990386656158,98.01116344104942,98.18670654296875,56004000,MSFT
2018-07-23,98.21442111734395,99.91446034590324,98.05734660566769,99.75739288330078,29707000,MSFT
2018-07-24,100.31174069818819,100.54272471997172,99.10138667974583,99.47096252441406,26316600,MSFT
2018-07-25,99.748142121101,102.6955005834059,99.41552455580319,102.39984130859375,30702100,MSFT
2018-07-26,102.31670263040584,102.55692803919345,101.17102360623137,101.28189849853516,31372100,MSFT
2018-07-27,101.79930461977115,101.79930461977115,98.06660101907418,99.48946380615234,37005300,MSFT
2018-07-30,99.03672723917165,99.35086217536963,96.79156190720565,97.35516357421875,34668300,MSFT
2018-07-31,98.38996435278216,98.60247278121379,97.36439460280648,98.01115417480469,27655200,MSFT
2018-08-01,97.96496928347777,98.3530208556134,97.40136755053442,98.19595336914062,23628700,MSFT
2018-08-02,97.38287003237808,99.86825344199397,96.86546100344243,99.38780975341797,26104300,MSFT
2018-08-03,99.60032454788931,99.83130859642424,98.69486397603995,99.82206726074219,18659600,MSFT
2018-08-06,99.89600100233332,100.17317767872815,99.37859185139472,99.90523529052734,20265900,MSFT
2018-08-07,100.30250052070821,100.80142685940521,99.94216600649477,100.59815979003906,16080200,MSFT
2018-08-08,101.01393993528036,101.4019914225229,100.48729661714455,101.1617660522461,15487500,MSFT
2018-08-09,101.36503751674164,101.78081302741072,101.26340397296077,101.32807922363281,13677200,MSFT
2018-08-10,101.0970969208764,101.34656364139204,100.13620243070716,100.70904541015625,18183700,MSFT
2018-08-13,100.93077134341624,101.24491326349123,99.87748481853247,99.97911834716797,18472500,MSFT
2018-08-14,100.30251185686602,101.40199819320668,99.82206813330617,101.22644805908203,16788300,MSFT
2018-08-15,100.62358787472989,101.08733379534961,99.07467819814832,99.85377502441406,29982800,MSFT
2018-08-16,100.44733763856459,100.96673064188663,99.51984608909012,99.83518981933594,21384300,MSFT
2018-08-17,99.57550697335473,100.07635332790036,98.95408924827402,99.77955627441406,18061500,MSFT
2018-08-20,99.7146498152187,100.07637106714154,98.75933435110451,99.12105560302734,17914200,MSFT
2018-08-21,99.16742312629798,99.5662448896544,98.17500716764842,98.29558563232422,22881900,MSFT
2018-08-22,98.17499993518985,99.55696065590512,98.11007579599384,99.2972640991211,18000600,MSFT
2018-08-23,99.38074128281376,100.33605664211588,99.1210447279977,99.7610092163086,18167700,MSFT
2018-08-24,99.8630280538869,100.6884950876742,99.76100340241206,100.54010009765625,17234000,MSFT
2018-08-27,101.34700225092526,101.69017668437186,100.64211374208242,101.653076171875,19662300,MSFT
2018-08-28,101.96845405710867,102.48784721753718,101.829328867365,102.26525115966797,19151500,MSFT
2018-08-29,102.44145941229084,103.9068980534814,102.27451061676027,103.89762115478516,20818000,MSFT
2018-08-30,103.572998458457,104.44484293782575,103.35967932597329,103.83269500732422,22798700,MSFT
2018-08-31,103.59154840568176,104.6025109442299,103.43386944155775,104.18514251708984,23222700,MSFT
2018-09-04,102.81244120124296,103.84195743088691,102.22812404774204,103.6100845336914,22634600,MSFT
2018-09-05,102.96085636735191,103.34112428756808,100.26185210361696,100.62357330322266,32872400,MSFT
2018-09-06,100.40099969346308,101.08734172850684,99.71465765841931,100.85546875,23477600,MSFT
2018-09-07,100.38240724709259,100.83687609663058,99.45491575551387,100.36385345458984,22498600,MSFT
2018-09-10,100.94821207209435,101.69020840105836,100.50301993567709,101.44905853271484,20727900,MSFT
2018-09-11,101.00385180420959,103.4987997705965,100.99457490548238,103.17417907714844,24301800,MSFT
2018-09-12,103.35038802102434,103.73993279002495,102.49709745763273,103.6100845336914,18891100,MSFT
2018-09-13,103.99037183417049,105.48363403558267,103.99037183417049,104.72309112548828,26055600,MSFT
2018-09-14,105.14046522763917,105.4836397221847,104.28717451688864,105.14974212646484,19122300,MSFT
2018-09-17,105.44653372893525,105.45580355107921,103.74922221817357,104.00891876220703,20736500,MSFT
2018-09-18,104.0553042784945,105.45581176087673,103.6193820129872,105.0013427734375,22170900,MSFT
2018-09-19,104.85295737677333,105.1033770649033,102.98869676086775,103.60083770751953,21728400,MSFT
2018-09-20,104.13877795642809,105.54856945218484,103.81415724233963,105.33524322509766,23714500,MSFT
2018-09-21,105.73406225454947,106.93052749236345,105.27959326654593,105.97521209716797,71229700,MSFT
2018-09-24,104.8343679274492,106.56877965953556,104.08310204232997,106.35545349121094,27334500,MSFT
2018-09-25,106.476055996929,106.75429927690499,105.50218682651177,106.15142822265625,22668000,MSFT
2018-09-26,106.16999944740674,106.71721627452153,105.49292724354773,105.71553039550781,19352000,MSFT
2018-09-27,106.45750917792628,106.57808764240073,105.91956222802742,106.11434173583984,19091300,MSFT
2018-09-28,105.91029880013777,106.26274316297399,105.43727596554598,106.0772476196289,21647800,MSFT
2018-10-01,106.42967436852095,107.29224194710467,106.41112764773645,107.2273178100586,18883100,MSFT
2018-10-02,106.93980725295837,107.4406465973512,106.14216373973888,106.8006820678711,20787200,MSFT
2018-10-03,107.05108678453897,107.7559824346234,106.59661784786606,106.8192138671875,16648000,MSFT
2018-10-04,106.29982819075417,106.43895336608236,103.53589971014215,104.6117935180664,34821700,MSFT
2018-10-05,104.4633796034587,104.96422593215057,102.61767324349766,103.9996337890625,29068900,MSFT
2018-10-08,103.56371963237497,103.90688700945752,101.41193224037814,102.81244659423828,29640600,MSFT
2018-10-09,103.08143826319898,104.88077462267803,102.76609444723302,104.12023162841797,26198600,MSFT
2018-10-10,103.1741929637731,103.41534282973487,98.11936513575986,98.46253967285156,61376300,MSFT
2018-10-11,97.71125926742457,101.03168159451144,96.64464228706751,98.23065948486328,63904300,MSFT
2018-10-12,101.10587393228512,103.1741764960841,99.35291515531817,101.6252670288086,47742100,MSFT
2018-10-15,101.01312996716973,101.54179998203043,99.19523990870789,99.79811096191406,32068100,MSFT
2018-10-16,101.59745429059215,103.3318665325243,101.05023043997573,102.95159149169922,31610200,MSFT
2018-10-17,103.58226228449364,103.70283364519393,101.60670772176174,102.6825942993164,26548200,MSFT
2018-10-18,102.11684371128545,102.51566546031356,100.01144048115152,100.63285827636719,32506200,MSFT
2018-10-19,101.03167729005055,102.82173666263786,100.36388209336712,100.78125762939453,32785500,MSFT
2018-10-22,101.39337283708359,102.52491362539102,100.39168029567715,101.68089294433594,26545600,MSFT
2018-10-23,99.95578210539132,101.0687764435557,97.4886577467644,100.26185607910156,43770400,MSFT
2018-10-24,100.54940786536515,100.6236018450523,94.22390583674262,94.9009780883789,63897800,MSFT
2018-10-25,98.82423914431165,101.34701051399337,98.45324106529381,100.44734954833984,61646800,MSFT
2018-10-26,98.0265871009905,100.86470906406458,97.16401965077398,99.20449829101562,55523100,MSFT
2018-10-29,100.27111582858055,100.81833246719931,94.26096724376531,96.31999969482422,55162000,MSFT
2018-10-30,96.14379321011006,96.81158129143232,92.85119483807064,96.2087173461914,65350900,MSFT
2018-10-31,97.79473990349346,100.29896499055472,97.74836248194747,99.06539916992188,51062400,MSFT
2018-11-01,99.28799945602904,99.53841912707702,97.8782079653712,98.23992919921875,33384200,MSFT
2018-11-02,98.75933678626554,99.53842655540168,97.36809899034982,98.46253967285156,37680200,MSFT
2018-11-05,98.65733549396253,99.92799511990488,98.2214130824162,99.71467590332031,27922100,MSFT
2018-11-06,99.59405770693584,100.94819476030045,98.57381823672418,99.90940856933594,24340200,MSFT
2018-11-07,101.50468886737553,104.10166125258019,101.46758835207551,103.84196472167969,37901700,MSFT
2018-11-08,103.69357895538403,104.0738468876669,102.8681118761208,103.64720153808594,25644100,MSFT
2018-11-09,102.81245529297665,103.36894890728041,100.87400100330854,101.6252670288086,32039200,MSFT
2018-11-12,101.48615555204573,101.98700199536991,98.40688292272758,99.12105560302734,33621800,MSFT
2018-11-13,99.75173700522988,100.85544733676987,98.90771614608732,99.18596649169922,35374600,MSFT
2018-11-14,100.69499943919682,100.84404262970372,97.31366200573966,97.77941131591797,39495100,MSFT
2018-11-15,97.79803497853223,100.41555084915184,96.7920219024331,99.93116760253906,38505200,MSFT
2018-11-16,99.74486636788863,101.4215594926208,99.48404791115941,100.87197875976562,33502100,MSFT
2018-11-19,100.85334064943153,101.12347607040829,96.45667364761479,97.45337677001953,44773900,MSFT
2018-11-20,94.82657539925638,95.91642722890786,92.54439920234928,94.74273681640625,64052500,MSFT
2018-11-21,96.50323858884532,97.27638401269836,95.236400120556,96.04680633544922,28130600,MSFT
2018-11-23,95.17122460241039,96.69888196814664,95.01287152216526,96.00957489013672,13823100,MSFT
2018-11-26,97.61174067362236,99.32569471318169,97.41612681737507,99.1766586303711,32336200,MSFT
2018-11-27,98.99035959753932,99.97775301100344,98.14269951137845,99.80076599121094,29124500,MSFT
2018-11-28,100.49938174918353,103.70373915517847,100.47143792872174,103.50812530517578,46788500,MSFT
2018-11-29,102.7722396765369,103.5081244049681,101.56128868407642,102.64183044433594,28123200,MSFT
2018-11-30,103.11688964413057,103.36839823974341,101.86868496204362,103.29387664794922,33665600,MSFT
2018-12-03,105.2593570181039,105.65058478104164,103.14485801737449,104.41168975830078,34732800,MSFT
2018-12-04,104.27195810804176,104.92400430127883,100.79746511809728,101.08622741699219,45197000,MSFT
2018-12-06,98.57117453206196,101.75689781105125,97.8073460188522,101.7103271484375,49107400,MSFT
2018-12-07,100.95581156063011,101.95251473739826,97.15530282996325,97.63967895507812,45044900,MSFT
2018-12-10,97.62107253789304,100.58323886825825,96.77340525810628,100.2199478149414,40801500,MSFT
2018-12-11,102.27855548208967,103.3497732532786,100.08021808086185,101.15143585205078,42381900,MSFT
2018-12-12,103.29387449515909,103.64784138864907,101.57060358476228,101.60786437988281,36183000,MSFT
2018-12-13,102.07361400968807,103.27524800606902,101.1886861127655,101.9525146484375,31333400,MSFT
2018-12-14,100.83473583931688,101.77555153080829,98.27311437457672,98.76680755615234,47043100,MSFT
2018-12-17,98.18927664783209,98.55256055478864,94.74272735981219,95.8418960571289,56957300,MSFT
2018-12-18,96.6429695831006,97.35091043452047,95.49722329865486,96.847900390625,49319200,MSFT
2018-12-19,96.54982111630174,99.5585572968068,94.40737171982276,96.58708190917969,68198200,MSFT
2018-12-20,95.99092024074078,97.16460319685591,92.01341779137594,94.55641174316406,70334200,MSFT
2018-12-21,94.66821145341136,95.94436724609314,90.78386353363636,91.5011215209961,111242100,MSFT
2018-12-24,90.98879186449251,91.25892733604238,87.54224957158644,87.68196868896484,43935200,MSFT
2018-12-26,88.62276578959084,93.79258525293807,87.52359728687782,93.6714859008789,51634800,MSFT
2018-12-27,92.49780123682501,94.25833278273342,89.79645424303467,94.24901580810547,49498500,MSFT
2018-12-28,95.09668249191833,95.394768847075,92.70273152953283,93.51313781738281,38196300,MSFT
2018-12-31,94.35147862980638,95.38544247539859,93.55970637053582,94.61229705810547,33173800,MSFT
2019-01-02,92.73067062747687,94.77996431039955,92.16245602228332,94.19312286376953,35329300,MSFT
2019-01-03,93.24298619779975,93.32682474732268,90.54163948078623,90.72794342041016,42579100,MSFT
2019-01-04,92.88902869653987,95.48791028431893,92.15314405138929,94.94763946533203,44060600,MSFT
2019-01-07,94.67751315480037,96.19585325052537,94.06272780016921,95.06874084472656,35656100,MSFT
2019-01-08,95.98162960381391,96.84792370348103,94.74273459229953,95.75807189941406,31514400,MSFT
2019-01-09,96.74544674618706,97.69557220674126,96.16791504630794,97.12735748291016,32280800,MSFT
2019-01-10,96.14929082644984,96.64298396891861,95.36682827277113,96.50325775146484,30067600,MSFT
2019-01-11,96.12135583410306,96.35423051566119,94.6775299657341,95.75807189941406,28314200,MSFT
2019-01-14,94.9196991567882,95.82325384444417,94.32354068165286,95.0594253540039,28437100,MSFT
2019-01-15,95.48791180465614,97.85391881227768,94.9010632100521,97.81665802001953,31587600,MSFT
2019-01-16,98.04954063884693,98.98103920096884,97.77008822750236,98.16131591796875,29853900,MSFT
2019-01-17,97.80736584520311,99.32570620417194,97.58380814173859,98.85064697265625,28393000,MSFT
2019-01-18,100.09882094794725,100.50868253341369,98.65500263810978,100.33169555664062,37427600,MSFT
2019-01-22,99.43748394148902,99.76350705764791,97.67695200746007,98.44078063964844,32371300,MSFT
2019-01-23,98.85063438398751,99.70761139377449,98.12405950340775,99.40021514892578,25874300,MSFT
2019-01-24,99.53994049460114,99.67034972944384,98.12405864949432,98.9251480102539,23164800,MSFT
2019-01-25,99.893909452744,100.49006799762356,98.9251500406221,99.82870483398438,31225600,MSFT
2019-01-28,98.98105814116421,99.1859890011281,97.49066157793322,97.88188934326172,29476700,MSFT
2019-01-29,97.69556828983518,97.77940685736505,95.17120799658717,95.88846588134766,31490500,MSFT
2019-01-30,97.45338678308951,99.09281921386719,97.18325133435708,99.09281921386719,49471900,MSFT
2019-01-31,96.68954857045516,98.01227475436224,96.11201693349011,97.2763900756836,55636400,MSFT
2019-02-01,96.67090115500153,96.96898035361252,95.33885818160302,95.7394027709961,35535700,MSFT
2019-02-04,95.82324709164801,98.55253780541531,95.73009156222261,98.49664306640625,31315100,MSFT
2019-02-05,98.79473293987935,99.92184532117027,98.70158450717521,99.87527465820312,27325400,MSFT
2019-02-06,99.67036244625316,99.67036244625316,98.30105819892687,98.76680755615234,20609800,MSFT
2019-02-07,97.98435391077601,98.3569477182256,97.14600363047177,98.05886840820312,29760700,MSFT
2019-02-08,97.23913288543345,98.53391529898809,97.11804063259544,98.43144989013672,21461100,MSFT
2019-02-11,98.92515064403747,99.27912466812353,97.77941132073386,98.04022979736328,18914100,MSFT
2019-02-12,98.86924723981868,99.8007457117271,98.25446194387918,99.56787109375,25056600,MSFT
2019-02-13,100.13610640866298,100.39692489757431,99.40022161107984,99.49337005615234,18394900,MSFT
2019-02-14,99.02762156057535,99.94049338624748,98.42215310910387,99.57720947265625,21784700,MSFT
2019-02-15,100.51800805952604,100.88129191145363,100.00568103410524,100.80677032470703,26606900,MSFT
2019-02-19,100.40625640346703,101.2166629170869,100.3969394255803,100.76022338867188,18038500,MSFT
2019-02-20,100.90050803428319,100.97534787622101,99.4318100375744,100.23632049560547,21607700,MSFT
2019-02-21,100.00247602609495,102.41600799592256,99.97441286272145,102.35052490234375,29063200,MSFT
2019-02-22,102.94922329807812,104.02501589378497,102.73406049666386,103.80986022949219,27763200,MSFT
2019-02-25,104.54887563198757,104.9417741242156,104.08113729253878,104.38983917236328,23750600,MSFT
2019-02-26,104.08115301165182,105.93339311882059,103.99695638653229,105.11017608642578,21536700,MSFT
2019-02-27,104.48340920138725,105.11017696322715,103.72566811747757,104.93243408203125,21487100,MSFT
2019-02-28,104.8108322922573,105.59662945913828,104.5208367383544,104.80147552490234,29083900,MSFT
2019-03-01,105.60596009747732,105.72756949451394,104.46467742470709,105.2691879272461,23501200,MSFT
2019-03-04,105.72758165886286,105.94274445681275,103.6508292196596,105.0166244506836,26608000,MSFT
2019-03-05,105.00727481913144,105.13824100517441,104.05309158694376,104.49275970458984,19538300,MSFT
2019-03-06,104.6517723984157,105.39079978713929,104.24016040036199,104.53951263427734,17687000,MSFT
2019-03-07,104.21212181856579,104.35244477254916,102.78084338960363,103.26728820800781,25339000,MSFT
2019-03-08,102.11664728208461,103.5666319882436,101.77987507509204,103.3795394897461,22818400,MSFT
2019-03-11,103.82856191264341,105.66209547609726,103.81921228392213,105.54984283447266,26491600,MSFT
2019-03-12,105.54049507990315,106.63500125192128,105.38146573260926,106.28887939453125,26132700,MSFT
2019-03-13,106.76593927306166,107.57980646524888,106.4385238982001,107.11206817626953,35513800,MSFT
2019-03-14,107.14949662396798,107.76690750325866,106.95304738341547,107.1962661743164,30763400,MSFT
2019-03-15,107.89789318618023,109.68465734139798,107.19628556992394,108.43112182617188,54681100,MSFT
2019-03-18,108.67433228286707,110.02142108610471,108.56207964067806,109.98400115966797,31207600,MSFT
2019-03-19,110.4704657692934,110.79788840013872,109.44144258739769,110.0588607788086,37588700,MSFT
2019-03-20,109.81561593275109,111.0878648932349,109.17949145250918,109.93722534179688,28113300,MSFT
2019-03-21,109.58174267775873,113.02429730126065,109.53496598679597,112.4630126953125,29854400,MSFT
2019-03-22,111.78948161051984,111.87367109972185,109.48820945641481,109.49756622314453,33624500,MSFT
2019-03-25,109.0391690106127,110.39561459673766,108.81465658630007,110.06819915771484,27067100,MSFT
2019-03-26,110.96623524938933,111.0504247163487,109.31043769465538,110.30204772949219,26097700,MSFT
2019-03-27,110.27399066839367,110.58269969185966,108.06626508859208,109.23561096191406,22733400,MSFT
2019-03-28,109.86237184866881,109.99333799891066,108.63689267552031,109.3852767944336,18334800,MSFT
2019-03-29,110.45173330258429,110.6856024767777,109.41335359819583,110.33012390136719,25399800,MSFT
2019-04-01,111.27495575622991,111.42463546097007,110.47980195188099,111.34043884277344,22789100,MSFT
2019-04-02,111.37784940822239,111.77075503158302,110.87269115286203,111.49946594238281,18142300,MSFT
2019-04-03,112.12626871661679,112.65949029700054,111.46208093312985,112.22917175292969,22860700,MSFT
2019-04-04,112.35075143836075,112.47236797841246,110.74173035529608,111.65850067138672,20112800,MSFT
2019-04-05,111.68655854217002,112.47236265262706,111.66785214918987,112.154296875,15826200,MSFT
2019-04-08,112.07945928367472,112.27590853096105,110.98495327574204,112.19171905517578,15116200,MSFT
2019-04-09,110.9756026345385,111.82688989021038,110.92883308000602,111.58366394042969,17612000,MSFT
2019-04-10,112.03268129392232,112.58460907037887,111.82687529689778,112.4349365234375,16477200,MSFT
2019-04-11,112.7623748706345,113.05237039614994,112.182376682482,112.56592559814453,14209100,MSFT
2019-04-12,112.85590904653368,113.17397483732881,112.60333347668178,113.14590454101562,19745100,MSFT
2019-04-15,113.13657603727513,113.73528066890313,112.79044702265932,113.2394790649414,15792600,MSFT
2019-04-16,113.7913911444691,113.80074791035034,112.35075609497136,112.97752380371094,14071800,MSFT
2019-04-17,113.41720047291092,113.98784186792793,112.76236959524611,113.91300201416016,19300900,MSFT
2019-04-18,114.30590432015464,115.55008295117011,113.47333059852848,115.4097671508789,27991000,MSFT
2019-04-22,114.70816187131597,115.99911721939397,114.66138517887902,115.77460479736328,15648700,MSFT
2019-04-23,116.09267164743082,117.47718047793992,115.84009604698912,117.3462142944336,24025500,MSFT
2019-04-24,117.67362521549177,117.72975153850965,116.48556570605587,116.94395446777344,31257000,MSFT
2019-04-25,121.66809015118803,122.89356227212217,120.51745787475438,120.81680297851562,38033900,MSFT
2019-04-26,121.33132848830684,122.0984262551426,120.69521116636285,121.50907135009766,23654900,MSFT
2019-04-29,121.51843761166928,121.78036998882123,121.0039367614205,121.39683532714844,16324200,MSFT
2019-04-30,121.43422137502469,122.26679502065181,121.04132289583175,122.17325592041016,24166500,MSFT
2019-05-01,122.10777604572901,122.22002868522291,119.46037519514202,119.6287612915039,26821700,MSFT
2019-05-02,119.72231854824663,119.74102494306064,117.42103944445549,118.06652069091797,27350200,MSFT
2019-05-03,119.14232640827953,121.07875597125118,119.03942338880083,120.58295440673828,24911100,MSFT
2019-05-06,118.2349136071191,120.26489657469453,117.97298124189926,119.88134765625,24239800,MSFT
2019-05-07,118.3004015479231,118.97394602159717,116.20493540314307,117.42105102539062,36017700,MSFT
2019-05-08,117.3461990456624,118.21619265854247,116.70071784145824,117.41168212890625,28419000,MSFT
2019-05-09,116.2704025152004,117.67361759676865,115.59685813410827,117.40232849121094,27235800,MSFT
2019-05-10,116.85040218816742,119.6755387825415,115.83072883751645,118.92715454101562,30915100,MSFT
2019-05-13,116.10203190610268,117.44912084796728,115.1010719665566,115.39106750488281,33944900,MSFT
2019-05-14,115.87751149168133,117.75781468373503,115.71847501461691,116.68202209472656,25266300,MSFT
2019-05-15,116.6726513085726,118.97305075115383,116.14684019553627,118.32518005371094,24722700,MSFT
2019-05-16,119.01060583834227,121.48002181042364,118.73831246831794,121.05748748779297,30112200,MSFT
2019-05-17,120.47532868826144,122.49405727210429,120.10914284499026,120.24999237060547,25770500,MSFT
2019-05-20,118.79462463973465,119.79928963723597,118.08103576395764,118.51294708251953,23706900,MSFT
2019-05-21,119.64904204542178,119.74293454801881,118.85094502803891,119.15140533447266,15293300,MSFT
2019-05-22,118.88853029155848,120.40961496563558,118.7946306042322,119.8744125366211,15396500,MSFT
2019-05-23,118.49416321147112,118.5786714923512,117.12331238748058,118.47538757324219,23603800,MSFT
2019-05-24,119.16083328504935,119.63968734423895,118.27822773012262,118.53173828125,14123400,MSFT
2019-05-28,119.22655710041143,120.18427236889306,118.35334295993955,118.45662689208984,23128400,MSFT
2019-05-29,117.72424764352209,117.7336390455667,116.4660719840953,117.31111907958984,22763100,MSFT
2019-05-30,117.61156897343257,118.08103874417998,117.16087484155737,118.05287170410156,16829600,MSFT
2019-05-31,116.64447907430339,117.01066497477491,115.79004053084238,116.12805938720703,26646800,MSFT
2019-06-03,116.28763247641237,116.775884930729,111.74316964022256,112.5224838256836,37983600,MSFT
2019-06-04,113.87458253396697,115.75246155243883,113.28305322202273,115.6397933959961,29382600,MSFT
2019-06-05,117.32050284041028,118.18433273647689,116.62568952629525,118.14677429199219,24926100,MSFT
2019-06-06,118.71952472637606,120.15610116107074,117.9308117412543,120.0152587890625,21459000,MSFT
2019-06-07,121.3016071216122,124.17475995566357,120.42838585860932,123.37665557861328,33885600,MSFT
2019-06-10,124.31561855498961,125.89304480265763,123.94004838163633,124.50341796875,26477100,MSFT
2019-06-11,125.70524700534547,126.04326585801829,123.26399814414383,124.033935546875,23913700,MSFT
2019-06-12,123.3766356855517,123.91183803901326,122.72877951194697,123.46115112304688,17092500,MSFT
2019-06-13,123.92125864391642,124.87898115761064,123.52690568582655,124.24050903320312,17200800,MSFT
2019-06-14,124.18413277249127,125.62070905739449,123.60199486874949,124.36253356933594,17821700,MSFT
2019-06-17,124.53153795851239,125.56436270850101,124.43763828711417,124.73810577392578,14517800,MSFT
2019-06-18,125.99631660734836,126.98220612624696,125.41417859662528,126.90708923339844,25934500,MSFT
2019-06-19,126.75682310420598,127.6300298974816,125.63948288969556,127.40469360351562,23744400,MSFT
2019-06-20,129.05725364435972,129.2544372772468,127.43289204108706,128.58778381347656,33042600,MSFT
2019-06-21,128.2403662702879,129.320141028793,128.12769810824025,128.60655212402344,36727900,MSFT
2019-06-24,128.63475455587488,129.9492645650281,128.63475455587488,129.36712646484375,20628800,MSFT
2019-06-25,128.86944776114453,129.18868375607914,124.62543716391279,125.2826919555664,33327400,MSFT
2019-06-26,126.14654161923751,127.4516670966558,125.44233691572948,125.7521743774414,23657700,MSFT
2019-06-27,125.94931785209609,126.48452013316594,125.35778150503504,125.95870208740234,16557500,MSFT
2019-06-28,126.35311876426313,126.38128580830697,125.02921038587301,125.78036499023438,30043000,MSFT
2019-07-01,128.2873211524864,128.35303947390202,126.7286779898957,127.39531707763672,22613500,MSFT
2019-07-02,127.80845318614985,128.24975594230963,127.07608144764667,128.24037170410156,15237800,MSFT
2019-07-03,128.44694678409658,129.32955234604637,127.96807839401461,129.066650390625,13629300,MSFT
2019-07-05,127.6394324289871,128.94455770473394,127.43286460171099,128.6910400390625,18141100,MSFT
2019-07-08,128.07133458593756,128.72860365919703,127.10422810361216,128.59715270996094,16779700,MSFT
2019-07-09,127.69578229692064,128.60655483152837,127.5079972471943,128.12770080566406,19953100,MSFT
2019-07-10,128.75674760873602,130.11820669464362,128.65346371520778,129.4327850341797,24204400,MSFT
2019-07-11,129.76147942898467,130.7192020508454,129.45162757111547,129.9492645263672,22327900,MSFT
2019-07-12,130.37176565481306,130.63466758951597,129.5830455236234,130.418701171875,18936800,MSFT
2019-07-15,130.92573656528842,131.01962192649322,130.00557979382822,130.418701171875,16651500,MSFT
2019-07-16,130.47504985569148,130.5595509790779,128.18403499667505,128.7098388671875,22726100,MSFT
2019-07-17,129.29194857990313,129.50790062374924,127.90232232177488,127.94927215576172,20211000,MSFT
2019-07-18,127.2732608305612,128.27791871447187,126.44698942915373,128.0901336669922,30381800,MSFT
2019-07-19,131.65808055352386,132.0806004076441,128.11827509160875,128.27789306640625,48992400,MSFT
2019-07-22,129.0196785121421,130.69098965497278,128.94456163383649,129.97738647460938,25074900,MSFT
2019-07-23,131.2261843196345,131.4421507282906,129.60182293485272,130.78488159179688,18034600,MSFT
2019-07-24,130.4187470084717,132.1464073213934,130.37181147491395,132.12762451171875,20738300,MSFT
2019-07-25,131.85526489575548,132.02428145300124,130.81305582223808,131.6299285888672,18356900,MSFT
2019-07-26,131.7989745662603,133.02898340655997,131.73325623063093,132.70974731445312,19037600,MSFT
2019-07-29,132.85988162131153,132.86926585449237,130.85993676913284,132.4185791015625,16605900,MSFT
2019-07-30,131.5829830239639,132.59703941914336,131.26374702744815,131.78016662597656,16846500,MSFT
2019-07-31,131.7613637114176,131.91159744934438,126.83193201143268,127.94927215576172,38598800,MSFT
2019-08-01,128.63474629472032,132.3341712177194,128.56901363494185,129.63002014160156,40557500,MSFT
2019-08-02,129.6581576053758,129.87412401501584,127.00095698863781,128.5408172607422,30791600,MSFT
2019-08-05,125.16064003322053,125.75216218439742,122.79450844727305,124.13719940185547,42749600,MSFT
2019-08-06,125.63011888160464,127.39531555257098,125.07614796696842,126.46577453613281,32696700,MSFT
2019-08-07,125.62072729046054,127.3671555822488,123.78041363155013,127.0197525024414,33414500,MSFT
2019-08-08,128.25916670067636,130.5032319747228,127.63006450389935,130.40933227539062,27496500,MSFT
2019-08-09,130.14641623705882,130.86940372790897,128.12770186344318,129.30137634277344,23466700,MSFT
2019-08-12,128.70042120050476,129.44217696936798,126.98216050254373,127.49856567382812,20484300,MSFT
2019-08-13,127.74277020522453,130.32485480782998,126.75688049153996,130.13706970214844,25154600,MSFT
2019-08-14,128.46013182928155,128.98768653652,125.92597176256544,126.21800994873047,32527300,MSFT
2019-08-15,126.60426756924831,126.7832624352343,124.58824661117434,125.93539428710938,28074400,MSFT
2019-08-16,127.06588655409749,128.5543527918804,126.91515252057269,128.24346923828125,24449100,MSFT
2019-08-19,129.86383316034915,130.52327663422912,128.9594432713212,130.39138793945312,24355700,MSFT
2019-08-20,130.2029576634189,130.67399069770917,129.28915242691284,129.3079833984375,21170800,MSFT
2019-08-21,130.5232876793518,131.4088322941226,130.0051483436039,130.74937438964844,14970300,MSFT
2019-08-22,130.62692030627167,131.13562979776628,128.39421333720122,129.7978973388672,18697000,MSFT
2019-08-23,129.24206295545477,130.3348631862218,125.10639295476594,125.6622085571289,38508600,MSFT
2019-08-26,127.16950950647102,127.70647971488354,126.14264652058024,127.60285186767578,20312600,MSFT
2019-08-27,128.48839004886858,128.79927357533785,126.85861978112426,127.87605285644531,23102100,MSFT
2019-08-28,127.06589145796818,127.89489992477131,125.81294170866676,127.70648956298828,17393300,MSFT
2019-08-29,129.29857116216917,130.41963211192012,128.9782721407511,130.1181640625,20168700,MSFT
2019-08-30,131.08850429674501,131.11676513239897,128.37536345044194,129.8732452392578,23940100,MSFT
2019-09-03,128.6956454444926,129.2514609717269,127.8383618771932,128.15866088867188,18869300,MSFT
2019-09-04,129.34568687623496,129.71309210430604,128.5731857237431,129.6565704345703,17995900,MSFT
2019-09-05,131.0508111876561,132.2472391179814,130.7210823142099,131.9363555908203,26101800,MSFT
2019-09-06,131.91748092505452,132.05878505381867,130.19349868021098,131.04136657714844,20824500,MSFT
2019-09-09,131.50300207093187,131.6537360953013,128.55434498368882,129.5529327392578,25773900,MSFT
2019-09-10,128.8746694842137,128.95945199913848,126.71732966141289,128.19638061523438,28903400,MSFT
2019-09-11,128.03622870093727,128.37537312914318,127.26372746871645,128.2340545654297,24726100,MSFT
2019-09-12,129.86381627397438,130.40078647045735,128.94058115580236,129.5529327392578,27010000,MSFT
2019-09-13,129.79785954612535,130.06163689080714,128.65796767263345,129.36451721191406,23363100,MSFT
2019-09-16,127.96082126732702,128.7804140538481,127.80067177885657,128.43185424804688,16731400,MSFT
2019-09-17,129.02538416013576,129.55293889571084,128.526075883836,129.4304656982422,17814200,MSFT
2019-09-18,129.40219503377762,130.63629927677184,128.6202784762406,130.4949951171875,23982100,MSFT
2019-09-19,132.1719132272247,134.12198311818602,131.95524198929385,132.89730834960938,35772100,MSFT
2019-09-20,132.84076144352028,133.44368328988745,130.2406636763351,131.36172485351562,39167300,MSFT
2019-09-23,131.16386880905182,131.5407039018818,130.4196428597447,131.07908630371094,17139300,MSFT
2019-09-24,132.22846645919296,132.53935015725037,128.95007876799843,129.42111206054688,29773200,MSFT
2019-09-25,129.53408767037075,131.8515765819618,128.14924936492994,131.2863311767578,21382000,MSFT
2019-09-26,131.3617193588757,132.05883917954642,130.41965311490762,131.45591735839844,17456600,MSFT
2019-09-27,132.03059228318074,132.22843254021143,128.7333600811412,129.75079345703125,22477700,MSFT
2019-09-30,130.05221270498467,131.154428187552,129.79785086291952,130.97543334960938,17280900,MSFT
2019-10-01,131.56894537371167,132.12476088219773,129.0630462806495,129.12899780273438,21466600,MSFT
2019-10-02,128.3565320907137,128.46957544564953,125.8412168198559,126.8492202758789,30521700,MSFT
2019-10-03,127.13186132965521,128.82758377162605,125.5020904374132,128.3848114013672,24132900,MSFT
2019-10-04,128.82753811604104,130.2406372544254,128.51665458062195,130.1181640625,22897700,MSFT
2019-10-07,129.1949470318979,130.17468947110925,129.0819036975088,129.1761016845703,15303700,MSFT
2019-10-08,129.13848267297053,129.7790810185071,127.76305920344409,127.81016540527344,25550500,MSFT
2019-10-09,129.49643640419197,130.66458938458436,129.03481875481043,130.2312469482422,19749900,MSFT
2019-10-10,130.46670582886725,131.57833664123638,130.24060484806043,131.04136657714844,17654600,MSFT
2019-10-11,132.00231049757377,132.85959418402572,131.4182340572519,131.58779907226562,25446000,MSFT
2019-10-14,131.59722071517555,132.16245177137577,131.43707119717942,131.46533203125,13304300,MSFT
2019-10-15,131.94577241577883,133.57554270369167,131.71025589658038,133.36830139160156,19695700,MSFT
2019-10-16,132.63347276041398,132.82189747010992,131.4464747131802,132.27549743652344,20751600,MSFT
2019-10-17,132.78425802684473,133.22703039090297,130.9660767497996,131.59725952148438,21460600,MSFT
2019-10-18,131.66320364139168,131.88930476734706,128.64859383595387,129.44935607910156,32273500,MSFT
2019-10-21,130.42907789510858,130.47618408562118,129.07250010717596,130.4102325439453,20078200,MSFT
2019-10-22,130.9189209525508,131.89866332588625,128.36591561587957,128.46954345703125,27431000,MSFT
2019-10-23,128.9500553450782,129.48702572615278,127.75362697438571,129.28919982910156,29844600,MSFT
2019-10-24,131.3145635234796,132.28489023791624,130.636274934291,131.83270263671875,37029300,MSFT
2019-10-25,131.26753928208737,132.96326181340945,131.1356505504731,132.57701110839844,25959700,MSFT
2019-10-28,136.03431260901533,137.23074034805379,135.1958745182211,135.83648681640625,35280100,MSFT
2019-10-29,135.7328804333607,136.1285464558704,134.3857184848941,134.5552978515625,20589500,MSFT
2019-10-30,135.20531400331868,136.5995676342314,134.51759548538308,136.23216247558594,18496600,MSFT
2019-10-31,136.5053705867323,136.53363141942768,134.70603528104652,135.0640106201172,24605100,MSFT
2019-11-01,135.90250841433584,136.0532425046183,134.68724895156916,135.393798828125,33128400,MSFT
2019-11-04,136.43942125236043,136.59957074826335,135.80823875387733,136.17564392089844,16912000,MSFT
2019-11-05,136.5713605309958,136.61846672366852,135.57277249541806,136.09091186523438,18250200,MSFT
2019-11-06,136.00605792276184,136.14737644150603,134.90384247552896,135.71401977539062,16575800,MSFT
2019-11-07,135.50678452405998,136.4865413190258,135.44084737187669,135.90245056152344,17786700,MSFT
2019-11-08,135.6386511004124,137.53221285481024,135.431395441973,137.5039520263672,16732700,MSFT
2019-11-11,136.9199295412935,137.93736299621597,136.3452684521649,137.64532470703125,14362600,MSFT
2019-11-12,137.8054119173583,139.02068509478076,137.5981562495,138.54965209960938,18641600,MSFT
2019-11-13,138.23881702579706,138.91710592644566,137.8054601935194,138.77578735351562,16919200,MSFT
2019-11-14,138.5025574183361,139.8120286785835,138.48371207202527,139.4822998046875,19729800,MSFT
2019-11-15,140.30195059810956,141.30055311776167,139.6801976610799,141.28170776367188,23485700,MSFT
2019-11-18,141.37587100065798,141.8280587180266,140.34900799432467,141.63021850585938,21534000,MSFT
2019-11-19,142.13895526723965,142.56288218947344,141.4983427654815,141.67733764648438,23935700,MSFT
2019-11-20,142.08381952029222,142.58481248234878,140.3350751282643,141.43157958984375,25696800,MSFT
2019-11-21,141.22360137854915,141.60171875338148,140.3728625266567,141.29922485351562,18576100,MSFT
2019-11-22,141.85690845374273,142.0743168716405,140.6753190160606,141.40316772460938,15901800,MSFT
2019-11-25,141.7907954679488,143.0669183966426,141.71517197952124,142.95347595214844,22420900,MSFT
2019-11-26,143.07631026041267,144.0782958507739,143.0385057427594,143.7096405029297,24620100,MSFT
2019-11-27,143.99322743088302,144.15392187524418,143.22755972740327,143.98377990722656,15184400,MSFT
2019-11-29,143.77584219059054,143.9648936601184,143.00071241471292,143.09524536132812,11977300,MSFT
2019-12-02,143.5017423007938,143.52065177973307,140.20275219935291,141.3654327392578,27418400,MSFT
2019-12-03,139.41814731664337,141.25196254984613,138.62410801789912,141.13853454589844,24066000,MSFT
2019-12-04,141.92307871885663,141.96088323676742,141.03452109910205,141.64895629882812,17574700,MSFT
2019-12-05,141.8380365403815,142.09326396513643,141.2992246907547,141.72459411621094,17869100,MSFT
2019-12-06,142.726605890285,143.55843533386508,142.04600898499862,143.44500732421875,16403500,MSFT
2019-12-09,142.80223247662772,143.87984186281386,142.65098551134082,143.07635498046875,16687400,MSFT
2019-12-10,143.01016502189213,143.57733387433322,142.50917211917388,142.8589324951172,16476100,MSFT
2019-12-11,143.24645815385242,143.5583995262769,142.10268754532999,143.397705078125,18856600,MSFT
2019-12-12,143.35047657910508,145.04252134219536,142.75496509556822,144.8534698486328,24612100,MSFT
2019-12-13,144.62659591254433,146.413159167457,144.4659014257082,146.07286071777344,23845400,MSFT
2019-12-16,146.62111500128668,147.36787340500365,146.346992515384,147.01812744140625,24144200,MSFT
2019-12-17,146.94246125232232,147.1882410893158,145.99718969145346,146.22406005859375,25425600,MSFT
2019-12-18,145.85545406926653,146.97086796505727,145.74201163546948,145.92161560058594,24129200,MSFT
2019-12-19,145.57179671033026,147.24493113972702,145.33547885852778,147.18821716308594,24958900,MSFT
2019-12-20,148.73851305455636,149.81612225393488,147.73651290100972,148.79522705078125,53477500,MSFT
2019-12-23,149.4663619043782,149.4663619043782,148.66288958502255,148.79522705078125,17718200,MSFT
2019-12-24,148.86142528073012,149.07884821814415,148.521126795762,148.76690673828125,8989200,MSFT
2019-12-26,148.93701486865942,150.04298108714522,148.7857679267206,149.98626708984375,14520600,MSFT
2019-12-27,150.7235804290026,150.81811337522475,149.5609001937233,150.26040649414062,18412800,MSFT
2019-12-30,150.28872078376278,150.31707777483035,148.1523979653502,148.96533203125,16348400,MSFT
2019-12-31,148.19025539743808,149.1355271417693,147.88776151587507,149.06935119628906,18369400,MSFT
2020-01-02,150.0902625907942,151.93353980620552,149.6648931447306,151.82955932617188,22622100,MSFT
2020-01-03,149.6554253847614,151.19620847768044,149.4096455068012,149.93899536132812,21116200,MSFT
2020-01-06,148.48326139124163,150.39271401985718,147.94444966772303,150.3265380859375,20813700,MSFT
2020-01-07,150.60072617609066,150.93156268718585,148.71018237427404,148.95594787597656,21634100,MSFT
2020-01-08,150.23204869357042,151.99971686703032,149.30568631614628,151.3285675048828,27746500,MSFT
2020-01-09,152.98278300469048,153.34199090041147,152.21711516271918,153.21910095214844,21385000,MSFT
2020-01-10,153.90912893108236,154.2872318018375,152.3588696593664,152.51011657714844,20725900,MSFT
2020-01-13,152.90714658550698,154.3723206204449,152.43451073060453,154.34396362304688,21626500,MSFT
2020-01-14,154.44793405712338,154.64644744971824,152.86933213511907,153.25689697265625,23477400,MSFT
2020-01-15,153.72008555883195,154.9678511775123,153.6728335108503,154.2494354248047,21417900,MSFT
2020-01-16,155.35544875508083,157.14201214066856,155.05295481159047,157.07583618164062,23865400,MSFT
2020-01-17,158.25740501659007,158.30467149192543,156.37630891838617,157.95492553710938,34371700,MSFT
2020-01-21,157.55788307477562,158.98525260050442,157.32156514521276,157.3877410888672,29517200,MSFT
2020-01-22,158.2384898999051,158.3235753219564,156.61262128751815,156.63153076171875,24138800,MSFT
2020-01-23,157.09472547499433,157.6713418599453,156.22507713475247,157.59571838378906,19680800,MSFT
2020-01-24,158.34245156321265,158.36136103516702,155.44992257333556,156.00762939453125,24918100,MSFT
2020-01-27,152.3305200644923,154.43848622125867,151.4325148850545,153.398681640625,32078100,MSFT
2020-01-28,154.81662932456064,156.68826363216436,154.14549435848608,156.40469360351562,24899900,MSFT
2020-01-29,158.65443909714912,159.5146400250475,156.62211019371946,158.84349060058594,34754500,MSFT
2020-01-30,164.52455005778435,164.52455005778435,161.44295493874296,163.3240509033203,51597500,MSFT
2020-01-31,162.7852531721158,162.9648426873359,160.29918387299614,160.91360473632812,36142700,MSFT
2020-02-03,161.10266690413363,164.94993007628167,161.07430990386203,164.8365020751953,30107000,MSFT
2020-02-04,167.44542355504944,170.75387441009062,166.66084633572413,170.2623291015625,36433300,MSFT
2020-02-05,173.95834366438353,174.11903811687424,168.64592151325192,170.0543670654297,39186300,MSFT
2020-02-06,171.06583483899962,173.75986517610264,170.20563405922817,173.58026123046875,27751400,MSFT
2020-02-07,172.8429430262262,175.47079730341426,172.49318267512277,173.82601928710938,33529100,MSFT
2020-02-10,173.53300042903595,178.50512495189932,173.22105900121804,178.37278747558594,35844300,MSFT
2020-02-11,180.2160459982191,180.2633124685266,173.45735903159144,174.34591674804688,53159900,MSFT
2020-02-12,175.42354764661337,175.6787750789202,171.89768776529226,174.60116577148438,47062900,MSFT
2020-02-13,173.0603579564026,176.03795827229686,172.86184453761513,173.6558837890625,35295800,MSFT
2020-02-14,173.22102429320978,175.26281445325165,172.65385555196474,175.2061004638672,23149500,MSFT
2020-02-18,175.45187980244407,177.42749418236605,175.34789933909548,176.98321533203125,27792200,MSFT
2020-02-19,178.25333216315812,178.36706995832807,176.7462485247681,177.51400756835938,29997500,MSFT
2020-02-20,177.20124557370298,177.4856045751215,171.65631012999017,174.8031768798828,36862400,MSFT
2020-02-21,173.6183316037425,173.93112500826635,168.00704036902022,169.27716064453125,48572600,MSFT
2020-02-24,159.0214301307952,165.44787749750017,154.7181659403322,161.97872924804688,68311100,MSFT
2020-02-25,165.1160881339019,165.72271383699095,158.90764439039998,159.30575561523438,68073300,MSFT
2020-02-26,160.86022960459255,164.2250980795155,159.43844930371904,161.29623413085938,56206100,MSFT
2020-02-27,154.80348558750697,158.32001499596967,149.74193543338117,149.93150329589844,93174900,MSFT
2020-02-28,144.46236668665765,155.17311496563838,144.07374325016832,153.56175231933594,97012700,MSFT
2020-03-02,156.68966182739558,163.90282763558946,153.84610129007496,163.77960205078125,71030800,MSFT
2020-03-03,164.7369648639986,165.8743863348176,153.79872580292735,155.931396484375,71677000,MSFT
2020-03-04,159.70387209335476,161.79862063132381,156.98352219099715,161.6564483642578,49814400,MSFT
2020-03-05,157.3911109200166,161.9597582663655,157.04988300701586,157.59963989257812,47817300,MSFT
2020-03-06,154.1305064578371,154.60443335618072,147.86519228321035,153.14474487304688,72821100,MSFT
2020-03-09,143.12590557907217,149.5239179145605,142.17805189974058,142.76571655273438,70419300,MSFT
2020-03-10,149.91252432041284,152.6328594420787,144.62349965654747,152.52859497070312,65354400,MSFT
2020-03-11,148.9362624974482,149.4765316073589,143.268086730117,145.6187744140625,56371600,MSFT
2020-03-12,137.72311310044867,145.4670742719519,131.35353657797347,131.80850219726562,93226400,MSFT
2020-03-13,139.80839474524316,153.46696749285394,133.39142234015029,150.54757690429688,92727400,MSFT
2020-03-16,132.69946145781046,141.56189556183733,127.96019497717435,128.35829162597656,87905900,MSFT
2020-03-17,132.69949067274422,139.8083919587841,127.96022314871765,138.92689514160156,81059800,MSFT
2020-03-18,130.80381587118453,138.38664577676045,127.97921578102556,133.0786590576172,81593200,MSFT
2020-03-19,135.32508790671272,142.32023895199598,131.75167511472426,135.26821899414062,85922700,MSFT
2020-03-20,138.38656137899008,139.42920564036973,128.77533091379485,130.18763732910156,84866200,MSFT
2020-03-23,129.86540232404437,133.23977291994353,125.6095493819508,128.8891143798828,78975200,MSFT
2020-03-24,136.25395446330393,141.79890378670194,133.90328159423055,140.60459899902344,82516700,MSFT
2020-03-25,141.14488563874747,146.28225050950442,136.9079788119045,139.25865173339844,75638200,MSFT
2020-03-26,140.66149300884524,148.49077436791936,140.63305855292953,147.96945190429688,64568100,MSFT
2020-03-27,143.83677947196435,146.81303910788503,141.4197499720729,141.8936767578125,57042300,MSFT
2020-03-30,144.4907998422536,152.22528840805572,142.18750815722464,151.87457275390625,63420300,MSFT
2020-03-31,151.0878682333424,156.1873255730772,148.3959672991363,149.4860076904297,77927200,MSFT
2020-04-01,145.02159814322476,149.52390266074318,142.95528427536644,144.17800903320312,57969900,MSFT
2020-04-02,143.94106059364518,147.37228629111345,142.5192800719628,147.16375732421875,49630700,MSFT
2020-04-03,147.01211258227983,149.17321783075897,144.25385488302902,145.80833435058594,41243300,MSFT
2020-04-06,151.9599360318996,157.81766587712184,149.36281127861645,156.6518096923828,67111700,MSFT
2020-04-07,160.74649823995173,161.13512171051497,154.74658285480595,154.964599609375,62769000,MSFT
2020-04-08,157.0309386966601,157.9787925050275,154.97409766807493,156.51910400390625,48318200,MSFT
2020-04-09,157.6849625327283,158.64228968699842,154.81296660681633,156.52857971191406,51385100,MSFT
2020-04-13,155.77974277463417,156.9361253075692,153.83664002908935,156.87924194335938,41905300,MSFT
2020-04-14,160.1872571452114,164.6895617099437,159.2394035526362,164.6421661376953,52874300,MSFT
2020-04-15,162.27252056372882,164.51894325255736,160.41473575433392,162.9170684814453,40940800,MSFT
2020-04-16,165.21091903796932,168.0355192918761,163.88391504970426,167.8080291748047,50479600,MSFT
2020-04-17,170.13971403013997,170.6136408101682,166.6990009789437,169.28665161132812,52765600,MSFT
2020-04-20,167.4193963415168,169.42884146949478,165.86491691998498,165.93125915527344,36669600,MSFT
2020-04-21,164.4525719632538,164.6137053126031,157.44793561492781,159.0687713623047,56203700,MSFT
2020-04-22,162.45263993058774,164.92653858793065,161.91237085947336,164.47157287597656,34620200,MSFT
2020-04-23,165.0308078621168,165.93126598218663,161.99767892251862,162.4810791015625,32790800,MSFT
2020-04-24,163.08772995889328,165.4573645670676,161.80813594834027,165.44789123535156,34277600,MSFT
2020-04-27,167.38146452077441,167.67529682402676,164.26303252623075,164.9739227294922,33194400,MSFT
2020-04-28,166.43362550493845,166.50945553550488,160.55693553548355,160.9550323486328,34392700,MSFT
2020-04-29,164.18720250599264,168.41462148214717,162.9170821472806,168.1776580810547,51286600,MSFT
2020-04-30,170.613666224283,170.99280191954153,167.0402537209176,169.8648681640625,53875900,MSFT
2020-05-01,166.63268339420114,169.32458443172894,164.93601717144193,165.46682739257812,39370500,MSFT
2020-05-04,165.39100504648349,169.6658202264792,164.73698364883285,169.51416015625,30372900,MSFT
2020-05-05,171.20131596449716,174.0733112718267,170.51886020205268,171.33401489257812,36839200,MSFT
2020-05-06,172.58523555056811,174.59468114034433,172.15870419880838,173.021240234375,32139300,MSFT
2020-05-07,174.5662243197236,174.92641337480944,173.05914032044407,174.0259552001953,28316000,MSFT
2020-05-08,175.33398059636073,175.35294172080944,173.79846216732196,175.04962158203125,30877800,MSFT
2020-05-11,173.59936171125372,177.73200352529332,173.31501723341563,177.00216674804688,30892700,MSFT
2020-05-12,177.05906765949712,177.2865432828998,172.79372616350702,172.99276733398438,32038200,MSFT
2020-05-13,173.03064035092157,174.45242044507359,167.3340321839716,170.37664794921875,44711500,MSFT
2020-05-14,168.28189503536728,171.26764207870445,166.5188870410364,171.11598205566406,41873900,MSFT
2020-05-15,169.7226658562342,177.30549477035595,167.77008972494357,173.60887145996094,46610400,MSFT
2020-05-18,176.06381750534854,176.49034876011717,174.3671658161669,175.2676239013672,35264500,MSFT
2020-05-19,175.38129486444961,176.8694314870769,173.92160714685582,174.05430603027344,26799100,MSFT
2020-05-20,175.66071783659345,176.64923929090085,174.83379305536764,176.46864318847656,31261300,MSFT
2020-05-21,176.22150304446987,177.42863394594616,174.21596102062003,174.34902954101562,29119500,MSFT
2020-05-22,174.1208679997052,175.32799853814694,173.50303865959063,174.42501831054688,20826900,MSFT
2020-05-26,177.11499069871292,177.2670731699118,172.13441304570176,172.58114624023438,36073600,MSFT
2020-05-27,171.27893938264498,172.980331004467,167.85717121330865,172.80923461914062,39517100,MSFT
2020-05-28,171.79221042249597,175.03338242380826,171.45003216242014,172.41952514648438,33810200,MSFT
2020-05-29,173.68365684604478,175.14742482016004,171.47851967536127,174.17791748046875,42130400,MSFT
2020-06-01,173.50309629122472,173.94032973105288,172.47657596070565,173.77874755859375,22622400,MSFT
2020-06-02,175.12842338695103,175.84129349571745,172.37199810107265,175.75575256347656,30794600,MSFT
2020-06-03,175.6702420116775,176.73479025045705,174.49162467347008,176.18350219726562,27311000,MSFT
2020-06-04,175.17592802316418,176.6396814066733,173.27494131537807,173.86424255371094,28761800,MSFT
2020-06-05,173.57911125390655,178.43613342107156,172.99930966240385,177.932373046875,39893600,MSFT
2020-06-08,176.73472014676062,179.2155081504002,175.30898024819479,179.034912109375,33211600,MSFT
2020-06-09,178.6927800443984,181.25910962308345,177.98940962513453,180.40367126464844,29783900,MSFT
2020-06-10,181.66785837577257,188.69200596232676,181.55378927395938,187.0951690673828,43872300,MSFT
2020-06-11,183.5687858589512,186.06857351440414,176.85830510903045,177.04840087890625,52854700,MSFT
2020-06-12,181.1069873177415,182.228576955462,176.01234264068265,178.44561767578125,43373600,MSFT
2020-06-15,175.44213519108897,181.37322131344612,174.9003468009955,179.58628845214844,32770200,MSFT
2020-06-16,183.34067171544817,185.89750128714283,181.98147311232987,183.9870147705078,42556700,MSFT
2020-06-17,185.37470840388107,186.60085289114028,184.101050853999,184.6238250732422,25687800,MSFT
2020-06-18,184.39575430738998,186.7624885400783,184.39575430738998,186.6009063720703,23061600,MSFT
2020-06-19,188.7584999974735,189.423842544377,184.74741628179572,185.48880004882812,44441100,MSFT
2020-06-22,186.09711541174806,190.82106925250457,185.5648413739242,190.64048767089844,32818900,MSFT
2020-06-23,192.085235928232,193.85315449194295,191.45790671131317,191.91415405273438,30917400,MSFT
2020-06-24,191.619472943819,193.18778123366354,186.82897814336556,188.0456085205078,36740600,MSFT
2020-06-25,188.00764282127645,190.67852759970847,185.79299092407084,190.42189025878906,27803900,MSFT
2020-06-26,189.84210060037077,189.99418307154866,185.23221490692956,186.6104278564453,54675800,MSFT
2020-06-29,186.08760498304542,188.70146194950837,183.96800866755066,188.6159210205078,26701600,MSFT
2020-06-30,188.08365287961007,194.2808598745895,187.95058437366583,193.43492126464844,34310300,MSFT
2020-07-01,193.0832420355836,196.1343324418635,191.78107062870032,194.56600952148438,32061200,MSFT
2020-07-02,195.49746395135764,197.72162939796362,194.8511354393264,196.0487518310547,29315800,MSFT
2020-07-06,198.49156369076422,200.6777016892989,197.78819326414938,200.26898193359375,31897600,MSFT
2020-07-07,200.03134453942326,204.04242807649197,197.69313876394023,197.9402618408203,33600700,MSFT
2020-07-08,199.67023673032216,202.70229972700125,198.35855066361538,202.29359436035156,33600000,MSFT
2020-07-09,205.6202645828633,205.66779215946096,201.00086550314717,203.70977783203125,33121700,MSFT
2020-07-10,203.04442188603093,203.48165528840798,200.63017471738777,203.09194946289062,26177600,MSFT
2020-07-13,203.861840847215,205.1164992228562,196.27690681431983,196.81869506835938,38135600,MSFT
2020-07-14,195.92521229609352,198.51055554544172,192.02818349282316,198.03530883789062,37591800,MSFT
2020-07-15,199.1853696931352,200.86774686185024,194.8796362894525,197.74061584472656,32179400,MSFT
2020-07-16,195.23135704153594,195.51650798920733,192.2943356382939,193.8246307373047,29940700,MSFT
2020-07-17,194.34740174799845,194.88917548630673,191.4198801082913,192.83612060546875,31635300,MSFT
2020-07-20,194.8511575839136,201.78976268148,192.95967039395572,201.12442016601562,36884800,MSFT
2020-07-21,203.0824697440858,203.34860679664743,197.731186037843,198.41554260253906,37990400,MSFT
2020-07-22,198.84323696936167,201.7897726158241,198.07333955618,201.26699829101562,49605700,MSFT
2020-07-23,196.93275836350443,200.47809519758303,192.14226281240857,192.51295471191406,67457000,MSFT
2020-07-24,190.4978812538678,192.81708741886504,187.7319420405287,191.33432006835938,39827000,MSFT
2020-07-27,191.4959685270476,193.87220279724636,190.9161667849838,193.75814819335938,30160900,MSFT
2020-07-28,193.52997313063014,194.56600751672175,191.75255500922717,192.01869201660156,23251400,MSFT
2020-07-29,192.4749199448213,194.51847502189628,192.00917294201005,193.9576873779297,19632600,MSFT
2020-07-30,191.04920798725416,194.33792212812435,189.69000914080848,193.80563354492188,25079600,MSFT
2020-07-31,194.2808703677026,194.94622743673912,189.15771085707848,194.8606719970703,51044000,MSFT
2020-08-03,201.04840274562122,206.86541871701198,200.02186795595566,205.8198699951172,78983000,MSFT
2020-08-04,203.56721293636207,204.13751489873653,199.8983070536526,202.73077392578125,49280100,MSFT
2020-08-05,204.26104567065477,204.3561008212258,201.09591510463036,202.39808654785156,28806400,MSFT
2020-08-06,201.82776391473723,205.65825113444276,201.07688051454105,205.63925170898438,32656800,MSFT
2020-08-07,204.21358702155246,205.02149800319543,200.4876387762236,201.96090698242188,27820400,MSFT
2020-08-10,201.19094771383908,201.3905577207116,196.13433007915847,197.9402618408203,36716500,MSFT
2020-08-11,196.90426617025983,197.3699987722324,193.08327767210696,193.3114013671875,36446500,MSFT
2020-08-12,195.12680683296387,199.86977468236574,194.61354671761342,198.833740234375,28013100,MSFT
2020-08-13,199.07136664712925,200.88681276479966,197.845221875211,198.3679962158203,22588900,MSFT
2020-08-14,198.42499120038235,199.2139024398772,197.2368744848861,198.5580596923828,17958900,MSFT
2020-08-17,199.22346805457104,200.73474942577576,198.5771248528308,199.8697967529297,20184800,MSFT
2020-08-18,200.1073868408774,201.84679161192986,198.85274301626632,201.01986694335938,21336200,MSFT
2020-08-19,201.50576642003222,202.0869694902149,199.37150942461267,199.80026245117188,27627600,MSFT
2020-08-20,199.6478750598317,204.85012175813844,199.047626449657,204.449951171875,26981500,MSFT
2020-08-21,203.7638570810171,206.04102669041657,202.80154353123604,202.96351623535156,36249300,MSFT
2020-08-24,204.65000551578154,205.34555352569097,202.4014178114079,203.60194396972656,25460100,MSFT
2020-08-25,203.0398003733022,206.38409208408316,203.0398003733022,206.25070190429688,23043700,MSFT
2020-08-26,207.59411583177993,211.60535795675764,207.09866042168693,210.70973205566406,39600800,MSFT
2020-08-27,212.3676361540944,220.23768646081993,209.0423895356834,215.88343811035156,57602200,MSFT
2020-08-28,217.40786085994776,219.75173330507883,215.88340386059215,218.10340881347656,26292900,MSFT
2020-08-31,216.28361517405492,217.90335740203147,213.72060436852902,214.8830108642578,28774200,MSFT
2020-09-01,214.86392605709895,216.7123432061148,213.83490987501472,216.5408477783203,25725500,MSFT
2020-09-02,217.207801074862,221.86694924784757,216.61707521022916,220.7140655517578,34080800,MSFT
2020-09-03,218.446398159846,218.48450340319877,204.8119611811816,207.04148864746094,58400300,MSFT
2020-09-04,204.94537631657883,208.0514701428707,195.50321280100798,204.135498046875,59664100,MSFT
2020-09-08,196.7513191255282,200.11466980997452,192.65431538375026,193.0926055908203,52924300,MSFT
2020-09-09,197.79942927592472,204.69762722495835,196.9419086014435,201.31521606445312,45679000,MSFT
2020-09-10,203.32562487927262,204.60237606499447,194.47420152382745,195.67471313476562,35461500,MSFT
2020-09-11,197.4183414729298,198.78084050234108,191.73971383980165,194.3979949951172,33620100,MSFT
2020-09-14,194.59805053998278,199.32388603691476,194.39795802128066,195.7128143310547,30375800,MSFT
2020-09-15,198.58074640672615,199.87654306102945,197.16108224022523,198.9237518310547,21823900,MSFT
2020-09-16,200.67685071707825,200.70543328613255,194.97916418339267,195.36981201171875,26328100,MSFT
2020-09-17,190.60587304442362,194.68381801574102,190.52012532988843,193.3308563232422,34011300,MSFT
2020-09-18,193.22607051465485,194.0359343629213,186.98528485141622,190.92984008789062,55225300,MSFT
2020-09-21,187.88087836630214,193.1402892819436,187.109119905432,192.97830200195312,39839700,MSFT
2020-09-22,195.37937226358838,198.27586581793489,192.54005839678513,197.62796020507812,33517100,MSFT
2020-09-23,198.08527768743798,198.27584755147745,190.58681585985815,191.12037658691406,30803800,MSFT
2020-09-24,190.4153069509795,195.8652732003476,189.79598401356498,193.59762573242188,31202500,MSFT
2020-09-25,193.94061154993864,199.17142485131276,192.97828333240028,198.009033203125,29437300,MSFT
2020-09-28,200.9246187398699,202.5348382407548,198.2377404994357,199.55259704589844,32004900,MSFT
2020-09-29,199.4668389966685,200.1528498081341,197.04674126220954,197.47549438476562,24221900,MSFT
2020-09-30,197.92331080881587,201.97267338638392,196.78948696094645,200.40057373046875,33829100,MSFT
2020-10-01,203.41138162597977,203.88777718640915,201.34382663832886,202.4300079345703,27158400,MSFT
2020-10-02,198.18054316818606,201.02939371006642,195.8366707318804,196.45599365234375,33154800,MSFT
2020-10-05,197.4373880733873,200.47679424204267,197.2087129579813,200.44821166992188,21331600,MSFT
2020-10-06,198.96186538347163,200.2576474587062,195.15070058306898,196.18923950195312,28554300,MSFT
2020-10-07,197.28492832718817,200.1909441707046,196.96098283340308,199.92416381835938,25681100,MSFT
2020-10-08,200.57204581462975,201.21995131159426,198.48544555341942,200.6387481689453,19925800,MSFT
2020-10-09,201.25805652305527,205.66948389253287,201.25805652305527,205.62184143066406,26458000,MSFT
2020-10-12,208.46116681722611,213.29182486837524,206.5746444335624,210.9479522705078,40461400,MSFT
2020-10-13,212.20562960629036,214.57808461932888,210.02372990076108,212.33901977539062,28950800,MSFT
2020-10-14,212.47238270419098,213.63478883093902,208.7850863651667,210.43341064453125,23421700,MSFT
2020-10-15,206.85095716605545,209.9570509713848,205.81240380006528,209.29010009765625,22733100,MSFT
2020-10-16,209.7569584400469,211.79593084741057,208.96615460733648,209.29010009765625,26057900,MSFT
2020-10-19,210.01418907016932,211.80544079048374,203.6304923205704,204.1068878173828,27625800,MSFT
2020-10-20,205.61236606019617,207.10824084566272,203.03029523259008,204.5166473388672,22753500,MSFT
2020-10-21,203.05889459373088,206.67950475148945,203.05889459373088,204.6595916748047,22724900,MSFT
2020-10-22,203.83061434447285,205.86006425184692,201.70589404020626,204.74530029296875,22351500,MSFT
2020-10-23,204.87867200393134,206.06966089598714,203.09695727371624,206.0220184326172,18879600,MSFT
2020-10-26,203.75436445560234,206.12680477931295,198.2758161171347,200.16233825683594,37111600,MSFT
2020-10-27,201.60107197312493,204.5356704020045,200.400560381581,203.18270874023438,36700300,MSFT
2020-10-28,197.8661428219542,198.9809067591582,192.5591035035503,193.11170959472656,51195600,MSFT
2020-10-29,194.4361114436148,197.57078816372166,193.76914595817738,195.055419921875,31432600,MSFT
2020-10-30,193.89296412093262,194.6456625970207,190.1961304721257,192.91159057617188,36953700,MSFT
2020-11-02,194.64567580398509,195.58894417052068,190.67253889874814,192.77821350097656,30842200,MSFT
2020-11-03,194.26460898474699,198.29491193475644,193.5309556454268,196.6846923828125,27512000,MSFT
2020-11-04,203.91635870169142,208.01336340786992,202.391887100831,206.17446899414062,42311800,MSFT
2020-11-05,211.55777490716312,213.53958256563163,210.70979122748378,212.74876403808594,36080100,MSFT
2020-11-06,211.7673657242911,213.7682330487648,207.73706304101447,213.158447265625,25231900,MSFT
2020-11-09,213.84445234772951,217.35071687203836,207.59414460374276,208.08006286621094,44395000,MSFT
2020-11-10,204.37373939266098,206.2793220443408,199.81939801822156,201.04849243164062,44045100,MSFT
2020-11-11,202.36330501469286,207.74656901719345,202.1822723760831,206.32691955566406,29440800,MSFT
2020-11-12,206.95577733475665,208.76607475027214,204.33560160583502,205.2693328857422,21593900,MSFT
2020-11-13,206.1458902459224,207.15584652138176,204.04975265970353,206.28880310058594,18621100,MSFT
2020-11-16,204.72623524216695,207.4607558021883,204.3927670537816,206.97482299804688,24953300,MSFT
2020-11-17,205.89816337677536,207.40356052717445,203.9735212760541,204.33558654785156,24154100,MSFT
2020-11-18,204.0967850562555,205.54882340937317,201.49840677236205,201.64170837402344,28372800,MSFT
2020-11-19,201.92830793266506,203.50452360075073,200.5431319241308,202.9217987060547,24792700,MSFT
2020-11-20,202.71162400059706,203.75288192230383,200.60999836163293,200.98255920410156,22843100,MSFT
2020-11-23,201.5175090959758,202.79758839493735,198.8522684913318,200.71507263183594,25683500,MSFT
2020-11-24,200.21830495578362,204.66993934014192,199.52095055077086,204.29737854003906,33979700,MSFT
2020-11-25,205.49148995634454,205.66343437093508,202.95998889819435,204.3069305419922,21012900,MSFT
2020-11-27,205.2431262455821,206.59963010957043,204.46933263042834,205.6061248779297,14512200,MSFT
2020-11-30,204.52664324038548,205.1571206288047,201.4124030008416,204.49798583984375,33064800,MSFT
2020-12-01,204.91831538871995,207.6026802551805,203.8101951352775,206.5423126220703,30904500,MSFT
2020-12-02,205.2717418468699,205.83535676314904,203.2847463647257,205.7398223876953,23724500,MSFT
2020-12-03,205.01386669744562,206.7047264846699,204.09678600267054,204.66041564941406,25120900,MSFT
2020-12-04,204.64131550906166,205.74945048271812,203.6478101614718,204.77505493164062,24666000,MSFT
2020-12-07,204.7845697389054,205.90225214353387,203.46628552079312,204.70814514160156,24620000,MSFT
2020-12-08,204.40248092390664,207.24922820799597,203.37077062615214,206.35125732421875,23284100,MSFT
2020-12-09,205.53925857408703,205.60612098805632,201.76588327062407,202.32949829101562,32440600,MSFT
2020-12-10,202.30087296767672,203.55229500263158,200.9539165244717,201.1067657470703,26733300,MSFT
2020-12-11,200.65769375373665,203.78148097746353,199.75972317875414,203.72415161132812,30979400,MSFT
2020-12-14,203.57138686714595,206.54232595336725,203.36122284871206,204.6221923828125,28798400,MSFT
2020-12-15,205.5487884019641,205.78760978755588,202.74980875954856,204.5552978515625,27000600,MSFT
2020-12-16,205.1475937833099,210.26792546149707,205.1189363798678,209.47503662109375,35023300,MSFT
2020-12-17,210.03862496314824,211.0130202858481,208.17582109364878,209.60874938964844,32515800,MSFT
2020-12-18,208.81585693359375,209.8666768292249,206.3607807432557,208.81585693359375,63354900,MSFT
2020-12-21,207.82234604604767,213.98393409003694,207.56441490121594,212.63697814941406,37181900,MSFT
2020-12-22,212.73257439618757,215.5411166802355,211.93013790831756,213.9266815185547,22612200,MSFT
2020-12-23,213.13378105049873,213.56365667587485,210.9270735405994,211.13723754882812,18699600,MSFT
2020-12-24,211.51933959585654,213.6114174296126,211.30917559396767,212.7898712158203,10550600,MSFT
2020-12-28,214.413857010838,215.92321005733746,213.04780555492192,214.90106201171875,17933500,MSFT
2020-12-29,216.19072488267318,217.02181885579938,213.58279875642918,214.12730407714844,17403200,MSFT
2020-12-30,215.15902892927096,215.5411520169771,211.56715936386522,211.76776123046875,20272300,MSFT
2020-12-31,211.78680261581542,213.02867674081537,209.8571217316309,212.474609375,20942100,MSFT
2021-01-04,212.57970992905,213.02869534095603,205.2049037044896,207.9561309814453,37130100,MSFT
2021-01-05,207.54532561749676,208.7489946946385,206.05508254722616,208.15670776367188,23823000,MSFT
2021-01-06,202.68294429919243,206.8097850939476,202.46323269229157,202.75936889648438,35930700,MSFT
2021-01-07,204.46928800171017,209.5323037202311,204.15405663562112,208.5292510986328,27694500,MSFT
2021-01-08,208.90186433865418,210.71691586641606,207.32564880606074,209.79983520507812,22956200,MSFT
2021-01-11,208.7012361864748,209.1215641625514,207.0390340746721,207.7650604248047,23031300,MSFT
2021-01-12,206.81933974373354,207.3925169546865,203.78153842458812,205.3195343017578,23249300,MSFT
2021-01-13,204.4502033865716,207.06767628402105,204.3642166148636,206.6664581298828,20087100,MSFT
2021-01-14,206.25566237009298,207.73635757037783,203.22740957514134,203.49488830566406,29480800,MSFT
2021-01-15,203.97255724393224,204.91828052845557,202.54917664882714,203.14144897460938,31746500,MSFT
2021-01-19,204.19230325087497,207.2778717519121,203.12238801060246,206.76202392578125,30480900,MSFT
2021-01-20,207.9656807925922,215.69393811736836,207.5740101820579,214.30877685546875,37777300,MSFT
2021-01-21,214.6526523255992,216.18111498034452,212.47460251731223,214.91058349609375,30709400,MSFT
2021-01-22,216.92624859688442,219.7825576936173,215.703484235591,215.84677124023438,30172700,MSFT
2021-01-25,218.87503776935245,219.50552978031035,214.19414403672963,219.26670837402344,33152100,MSFT
2021-01-26,221.49251241957313,223.7087673579532,219.7921052743459,221.94149780273438,49169600,MSFT
2021-01-27,227.35798561441428,229.6888849420293,219.84943979215547,222.48602294921875,69870600,MSFT
2021-01-28,225.07487311695797,231.79053068312115,224.5781204522102,228.2464141845703,49111200,MSFT
2021-01-29,225.437858347954,227.377086987308,221.00533366135892,221.5880584716797,42503100,MSFT
2021-02-01,224.54944639154158,231.65677408115855,222.0370404246548,228.9342041015625,33314200,MSFT
2021-02-02,230.51041491917857,231.47524811392537,228.0171189555544,228.80044555664062,25916300,MSFT
2021-02-03,228.85777682234598,234.13094280778196,228.5616260438529,232.1343994140625,27158100,MSFT
2021-02-04,231.80961934520695,232.36368677142988,229.6220070436973,231.1886749267578,25296100,MSFT
2021-02-05,231.3988203649493,232.40187313232684,229.66975580932288,231.3701629638672,18054800,MSFT
2021-02-08,232.27766943528493,232.78396959711438,230.04230480647178,231.62808227539062,22211900,MSFT
2021-02-09,231.05492843301977,233.81570329400722,230.58684780779984,232.86997985839844,23565000,MSFT
2021-02-10,234.0449636571625,234.9238246286542,230.1187393980578,231.9624481201172,22186700,MSFT
2021-02-11,233.83479617171466,234.1882471613524,231.32239050634175,233.55776977539062,15751100,MSFT
2021-02-12,233.0228007069779,234.331551842112,231.87646094509842,234.03541564941406,16561100,MSFT
2021-02-16,234.0736168562319,235.12443679051168,232.05796376520485,232.80308532714844,26728500,MSFT
2021-02-17,231.0604595015452,233.92333243578818,230.69661025502367,233.81800842285156,21653500,MSFT
2021-02-18,231.52010365919267,233.55953878046253,230.62006453624988,233.4254913330078,16925600,MSFT
2021-02-19,233.38716644155568,233.4924904651733,229.96893508329921,230.72535705566406,25262600,MSFT
2021-02-22,227.3263114113373,227.8146239838804,222.51972787444564,224.54002380371094,36446900,MSFT
2021-02-23,220.53771150889756,224.84639771521285,219.0057283470669,223.35272216796875,30228700,MSFT
2021-02-24,220.2313141829066,225.20066806135043,219.26425873805556,224.57830810546875,26339700,MSFT
2021-02-25,222.21332760741032,224.6166119371233,218.19188978232248,219.25469970703125,39542200,MSFT
2021-02-26,221.6866653597495,225.3634069812622,219.7812635364305,222.5005340576172,37819200,MSFT
2021-03-01,225.87090575494236,227.37416554950934,223.2378196722922,226.86669921875,25324000,MSFT
2021-03-02,226.9337206213468,227.2113997050835,223.5250732642781,223.92721557617188,22812500,MSFT
2021-03-03,222.28989251072855,223.64952050590935,217.59820362700248,217.8854522705078,34029500,MSFT
2021-03-04,217.100358745604,222.60590268379033,214.72578318866238,217.0907745361328,44727800,MSFT
2021-03-05,219.76213575150246,223.3527073519188,216.83223166317447,221.7537078857422,41872800,MSFT
2021-03-08,221.5334915341693,223.44846319176875,217.473760970506,217.7227020263672,35267400,MSFT
2021-03-09,222.97933294126645,225.37304781873598,221.82076851213768,223.841064453125,33080500,MSFT
2021-03-10,226.92415117322705,226.92415117322705,222.1750148299451,222.5388641357422,29746800,MSFT
2021-03-11,224.97087205019426,229.001879123352,224.34849750846828,227.04861450195312,29907600,MSFT
2021-03-12,224.06127938672344,225.79434120924878,223.31444152290632,225.72731018066406,22653700,MSFT
2021-03-15,224.97085635878273,225.19107398861252,221.9547675055726,224.8272247314453,26034900,MSFT
2021-03-16,226.2347458255093,229.854041015424,225.909204156804,227.6039581298828,28092200,MSFT
2021-03-17,226.11027106399007,228.40824580326876,223.31441421643075,226.96243286132812,29562100,MSFT
2021-03-18,222.67291862130548,224.23362531391453,220.5377291546,220.91114807128906,34833000,MSFT
2021-03-19,221.1983373581324,222.58668861860275,219.59933808737588,220.55682373046875,46430700,MSFT
2021-03-22,220.48025713428592,226.82837799232317,220.35577930626062,225.9570770263672,30127000,MSFT
2021-03-23,227.39327620756092,230.8019228428521,226.99113398082036,227.4794464111328,31638400,MSFT
2021-03-24,227.73803680966364,227.88165385671942,225.31559854881638,225.44964599609375,25620100,MSFT
2021-03-25,225.29638327764653,226.86665920740955,221.72496578441863,222.46221923828125,34061900,MSFT
2021-03-26,221.70585594983098,226.64648654164532,221.70585594983098,226.42625427246094,25479900,MSFT
2021-03-29,226.53154963057577,226.7326280661036,222.02179993878485,225.23895263671875,25227500,MSFT
2021-03-30,223.60164152452802,223.908043971191,221.27495821173113,221.99307250976562,24792000,MSFT
2021-03-31,223.00803456543431,228.93487436067073,222.51013782873864,225.74644470214844,43623500,MSFT
2021-04-01,228.33164227655556,232.51585059097783,227.92949998956965,232.04669189453125,30338000,MSFT
2021-04-05,232.43925494489872,239.33316461233116,232.38180813268252,238.4810028076172,36910600,MSFT
2021-04-06,237.08307726255737,238.7969705443699,236.38411666707708,237.32244873046875,22931900,MSFT
2021-04-07,237.2745539833188,240.2619050069019,236.68091746198468,239.27569580078125,22719800,MSFT
2021-04-08,242.02368727871396,243.33543813605917,241.28641912944224,242.4832763671875,23625200,MSFT
2021-04-09,242.11942959914686,245.10679523034713,241.70771771793406,244.97274780273438,24326800,MSFT
2021-04-12,243.88123228080784,246.715396883333,243.7950474488846,245.03021240234375,27148700,MSFT
2021-04-13,246.32282985291565,248.17077061108847,245.91108871216403,247.50051879882812,23837500,MSFT
2021-04-14,246.53344753840463,247.82602995681816,244.3120735305234,244.72378540039062,23070900,MSFT
2021-04-15,246.9643001275959,248.87927168685948,246.77282050375777,248.46755981445312,25627500,MSFT
2021-04-16,248.43881933651508,249.9037713098706,246.64832572687448,249.65481567382812,24878600,MSFT
2021-04-19,249.1281882383105,250.36335288181252,246.8589519719727,247.7398223876953,23209300,MSFT
2021-04-20,246.85902307799017,249.1378442074656,245.9206763716912,247.2803192138672,19722900,MSFT
2021-04-21,247.93132571117533,249.59734131890556,246.31317269579569,249.5015869140625,24030400,MSFT
2021-04-22,249.14739994018404,250.6506598285872,244.77169693784316,246.23666381835938,25606200,MSFT
2021-04-23,246.9164410330128,250.39211913765618,246.33235950466667,250.0474090576172,21462600,MSFT
2021-04-26,250.53571276740308,251.28255044757523,249.10906841916076,250.4303741455078,19763300,MSFT
2021-04-27,250.45917751459578,252.00074518441065,249.0612561223329,250.83261108398438,31014200,MSFT
2021-04-28,245.192977920965,245.63344247617863,242.19605697041092,243.73760986328125,46903100,MSFT
2021-04-29,244.59936017389475,245.21215057985066,238.41399468652585,241.77476501464844,40589000,MSFT
2021-04-30,239.12248736573355,242.3204861426284,238.98843995023714,241.458740234375,30945100,MSFT
2021-05-03,242.62692667590488,243.5365499894348,240.44385994358444,241.15240478515625,19626600,MSFT
2021-05-04,240.30021407384137,240.53001592707363,235.31170659255298,237.25540161132812,32756100,MSFT
2021-05-05,238.47143156014027,238.89272768605636,235.3691866512584,235.99154663085938,21901300,MSFT
2021-05-06,235.972362911324,239.23739286323433,234.28719323134123,239.1129150390625,26491100,MSFT
2021-05-07,241.43001956995911,243.4886226435184,240.4916876508421,241.7268524169922,27032900,MSFT
2021-05-10,240.20441954036124,241.02785778102194,236.61384836481838,236.67129516601562,29299900,MSFT
2021-05-11,234.15314965767922,236.11599842229506,232.25733191028016,235.76171875,33641600,MSFT
2021-05-12,231.8743087065827,233.99035851824172,227.94862612817732,228.83908081054688,36684400,MSFT
2021-05-13,231.52011128497193,235.1585609058261,231.15626193986358,232.69781494140625,29624300,MSFT
2021-05-14,235.1393969259098,238.5863375149491,235.0532266984509,237.60012817382812,23901100,MSFT
2021-05-17,236.0680977160774,236.10639071490897,233.16691726968943,234.75633239746094,24970200,MSFT
2021-05-18,235.80001784180902,235.93406526132515,232.57328095548002,232.74563598632812,20168000,MSFT
2021-05-19,229.66504486622338,233.42705466326876,228.98366832095294,233.3214874267578,25739800,MSFT
2021-05-20,234.12761065425127,237.95679107071055,234.0316351278429,236.54603576660156,21800700,MSFT
2021-05-21,237.59212984793598,238.3214941013183,234.87618630622384,235.28884887695312,21863100,MSFT
2021-05-24,237.80323117996468,241.0374189124444,237.53451728413617,240.6727294921875,21411500,MSFT
2021-05-25,241.62281686028,242.5633154271497,240.71110801987922,241.5748291015625,17704300,MSFT
2021-05-26,241.29657763977363,242.74572928938528,240.64399079545984,241.3541717529297,17771600,MSFT
2021-05-27,241.04706068681733,241.3445643730213,239.20444445668525,239.26202392578125,24426200,MSFT
2021-05-28,240.88390278376352,241.92037711076773,239.50193701442453,239.61709594726562,18270200,MSFT
2021-06-01,241.10454867041332,241.16212811766118,237.00665514067137,237.4289093017578,23213300,MSFT
2021-06-02,238.1295578675878,239.22361157042198,235.9318441224372,237.3330078125,19406700,MSFT
2021-06-03,235.3368721591332,236.41172798818602,233.20634389525185,235.80712890625,25307700,MSFT
2021-06-04,237.77446253573572,241.50768232361588,237.53453834719892,240.68234252929688,25281100,MSFT
2021-06-07,239.90497213832194,243.84932608170533,239.74182545986196,243.5806121826172,23079200,MSFT
2021-06-08,244.87622075345962,245.69196883019157,242.3330156367018,242.39060974121094,22455000,MSFT
2021-06-09,243.58062603040793,245.23130558654012,243.00481677554484,243.36949157714844,17937600,MSFT
2021-06-10,244.04127308607627,247.08350993870562,243.4462658042312,246.87237548828125,24563600,MSFT
2021-06-11,247.59219259730162,248.07204104485643,246.26780619603028,247.49624633789062,18999700,MSFT
2021-06-14,247.50578718025523,249.4731830999678,246.45011489255833,249.4156036376953,19150500,MSFT
2021-06-15,249.30041102216592,249.51154547597605,247.29464835477967,247.94723510742188,18038900,MSFT
2021-06-16,248.9453365777258,250.0777717386489,244.16605075768612,247.0067596435547,27220000,MSFT
2021-06-17,245.74960999579773,251.20068175323667,245.69203052064097,250.3849334716797,27565500,MSFT
2021-06-18,249.1660721590066,251.72844608322075,248.3215343320705,248.97412109375,37202200,MSFT
2021-06-21,249.34842044965174,252.8992809067008,247.52500245412696,252.045166015625,26696100,MSFT
2021-06-22,252.13152001835851,255.077795937688,251.82441004310962,254.80908203125,24694100,MSFT
2021-06-23,255.26971815327227,256.0758598739971,253.77259363083766,254.5787353515625,19518700,MSFT
2021-06-24,255.43285975794427,257.0547494132898,254.77066673711718,255.94149780273438,21446900,MSFT
2021-06-25,255.5001368762142,256.47901724976754,254.0893811477132,254.33888244628906,25611100,MSFT
2021-06-28,255.46161742835938,258.0623867810088,255.192903575919,257.8896484375,19590000,MSFT
2021-06-29,258.03363852255484,260.70159408895256,257.1795237173201,260.461669921875,19937800,MSFT
2021-06-30,259.7803139253489,260.42329434263524,258.7342479891088,259.9818420410156,21656500,MSFT
2021-07-01,258.7438091696623,260.88394332062984,258.7342321183935,260.65362548828125,16725300,MSFT
2021-07-02,261.8244857323976,266.7957080842182,261.517375730034,266.4598083496094,26458000,MSFT
2021-07-06,266.8244434060529,268.1104333301389,263.24476455954283,266.4693603515625,31565600,MSFT
2021-07-07,268.13928056771834,269.37729764258523,265.9799627636496,268.6479187011719,23260000,MSFT
2021-07-08,265.7399832123837,267.4962443949508,263.7918002820035,266.2390441894531,24618600,MSFT
2021-07-09,264.60757033893503,266.84365072149694,264.2236975236495,266.73809814453125,23916700,MSFT
2021-07-12,267.9089967844055,268.4943978499109,265.4329623197288,266.1431579589844,18931700,MSFT
2021-07-13,266.3350372176916,271.45023740575635,266.2103012391227,269.6556091308594,26120100,MSFT
2021-07-14,270.97034639354206,272.2275466221714,269.2428749057434,271.1239013671875,23113700,MSFT
2021-07-15,270.6345510501867,271.12400588689286,268.55199569632936,269.7036437988281,22604200,MSFT
2021-07-16,270.7016209659572,272.64980384909137,268.19679766614735,269.434814453125,26186800,MSFT
2021-07-19,267.688182240101,269.0701477729701,263.38875994905754,265.8455810546875,32935600,MSFT
2021-07-20,266.82448300692533,269.6459937608424,265.12583032349374,268.0625,26259700,MSFT
2021-07-21,267.6593827064098,270.17378317649553,266.1142851990735,270.0586242675781,24364300,MSFT
2021-07-22,272.40028518129105,274.8763188626381,271.9972290018453,274.60760498046875,23384100,MSFT
2021-07-23,275.78801102778897,278.30241146815854,274.9530796603886,277.9953308105469,22768100,MSFT
2021-07-26,277.35232595583216,278.01451897326893,275.08745596802055,277.4002990722656,23176100,MSFT
2021-07-27,277.76502450299625,277.9089731585834,271.54620828066527,274.99151611328125,33604100,MSFT
2021-07-28,277.34276730213355,278.4560190983951,272.3907283274344,274.6844177246094,33566900,MSFT
2021-07-29,274.7035639775205,276.9876467259065,274.5500089966287,274.9530944824219,18168300,MSFT
2021-07-30,273.67677665869513,275.1067156613807,272.46754919796103,273.42724609375,20944800,MSFT
2021-08-02,274.8187628216139,275.212242025892,272.30436188036447,273.3408508300781,16267400,MSFT
2021-08-03,273.91671999177777,275.65376915132686,272.5539374181312,275.5481872558594,17879000,MSFT
2021-08-04,274.6843567927207,275.99913642366494,273.17762613038536,274.9626770019531,16191300,MSFT
2021-08-05,275.31773484513803,277.95690020325844,274.56917275143024,277.851318359375,13900200,MSFT
2021-08-06,276.8821288688246,277.83221931412936,276.0279846719422,277.7938232421875,16589300,MSFT
2021-08-09,278.0721021873737,279.7995444289697,276.2102883577603,276.7093200683594,16117600,MSFT
2021-08-10,277.16043936211105,277.5923146609027,273.7055541222731,274.89556884765625,18616600,MSFT
2021-08-11,275.6345110192113,277.0260831007816,274.3389144756151,275.385009765625,13955900,MSFT
2021-08-12,275.0778712144452,278.2832546943312,274.7995509694879,278.12969970703125,14561300,MSFT
2021-08-13,277.81303719840986,281.09518381779094,277.64026951768847,281.0472106933594,18249000,MSFT
2021-08-16,281.37347818942425,282.93778849851935,278.33122675983446,282.7266540527344,22507600,MSFT
2021-08-17,280.605780443635,281.60384409624606,279.34855060574444,281.2679443359375,20075300,MSFT
2021-08-18,280.80642126360254,283.47948483534077,279.1044871600753,279.54681396484375,21813000,MSFT
2021-08-19,277.58530881126427,286.0275778607729,277.5372438390426,285.3544921875,29850500,MSFT
2021-08-20,288.190963446094,294.0755466635113,286.5948135303095,292.6524658203125,40817600,MSFT
2021-08-23,291.5851936801916,293.6524859694501,290.23905191116444,292.93133544921875,22830200,MSFT
2021-08-24,293.287107016583,293.89287816648005,290.3832847329818,290.97943115234375,18175800,MSFT
2021-08-25,292.5948057108051,292.87365880728834,288.86407816857775,290.3929138183594,20006100,MSFT
2021-08-26,289.4120831267804,290.79669430920046,287.4505750714238,287.5851745605469,17666100,MSFT
2021-08-27,287.4890486022759,289.29673726337023,285.4121315880625,288.19097900390625,22605700,MSFT
2021-08-30,289.5371494430567,292.5179110830092,289.47945974336733,291.9121398925781,16348100,MSFT
2021-08-31,292.71018783230056,292.78709763966935,289.9024956924805,290.26788330078125,26285300,MSFT
2021-09-01,291.2198523962285,293.45061873627395,289.8929305328619,290.2198486328125,18983800,MSFT
2021-09-02,290.5756073825475,291.69096108011354,288.6332897832502,289.56597900390625,16285600,MSFT
2021-09-03,289.4120208831666,290.96010540909754,288.710120057489,289.5562744140625,14747900,MSFT
2021-09-07,289.4313599194175,289.5082697285104,286.7294517158089,288.6332702636719,17180400,MSFT
2021-09-08,288.2486872778682,289.04674765844067,286.02754588554353,288.6621398925781,15046800,MSFT
2021-09-09,289.2486315123154,290.51786328819594,285.5755650140941,285.8159484863281,19927000,MSFT
2021-09-10,286.94095249475373,288.3832533102999,284.0178812923482,284.3351745605469,19633400,MSFT
2021-09-13,286.1044357072228,287.0563743400453,282.7679114864811,285.56597900390625,23652900,MSFT
2021-09-14,288.0371068920759,289.7967304480166,286.6332755453167,288.2582702636719,21853400,MSFT
2021-09-15,291.5948576961373,293.5756157110724,290.2102461632535,293.0948486328125,28356300,MSFT
2021-09-16,292.0755085061563,293.5658741180056,289.1909071848878,293.4793395996094,19550800,MSFT
2021-09-17,292.469819016164,292.7871123350573,288.0082870289444,288.335205078125,41372500,MSFT
2021-09-20,284.93140536294595,287.2294860954919,278.383360066102,282.9794921875,38278700,MSFT
2021-09-21,284.3159844038209,286.09482813249366,282.7583040538949,283.460205078125,22364100,MSFT
2021-09-22,285.3159429755358,288.67168664091787,283.18133670640134,287.0947570800781,26626300,MSFT
2021-09-23,287.35439803754895,289.32553070009544,286.0851663082223,288.0370788574219,18604600,MSFT
2021-09-24,286.7583221103223,288.26790832981595,285.5083101876047,287.8352355957031,14999000,MSFT
2021-09-27,284.7486847699523,285.0659780697312,281.67176431973326,282.8544616699219,23571700,MSFT
2021-09-28,278.65247509756944,279.5947887568724,271.87367374951066,272.6140441894531,43186200,MSFT
2021-09-29,274.1333463335849,275.73909166392633,272.1237438163445,273.0756530761719,26353700,MSFT
2021-09-30,274.71984547108286,276.7582926672313,270.78717529668586,271.0756530761719,32343600,MSFT
2021-10-01,271.26797413672585,278.8256468235506,270.4699138080857,277.9794921875,30086300,MSFT
2021-10-04,276.3448372844205,276.68138001851474,269.46987576086445,272.2198486328125,31350700,MSFT
2021-10-05,273.12371126636924,279.22945781834716,273.12371126636924,277.6525573730469,24993000,MSFT
2021-10-06,274.7871145500476,282.3351603741054,274.5275110006599,281.83514404296875,28002600,MSFT
2021-10-07,283.8255329809802,285.229393421509,282.6140203768225,283.50823974609375,20430500,MSFT
2021-10-08,284.82553632433496,285.229393421509,282.46017145140775,283.50823974609375,17685700,MSFT
2021-10-11,281.6525327868535,286.5082674148435,281.4890591068928,282.9121398925781,19298600,MSFT
2021-10-12,283.97947083828177,284.0756301147398,281.10449333744236,281.6141052246094,17974100,MSFT
2021-10-13,283.565937401779,285.8447678202036,282.20054649011644,284.9120788574219,23416300,MSFT
2021-10-14,287.70053210668726,291.6043571503594,286.3736107122371,291.1043701171875,27262900,MSFT
2021-10-15,290.7102062536316,292.73905839342854,288.9602072094581,292.5082702636719,25384800,MSFT
2021-10-18,291.8929101341572,296.3544130437195,291.04675544173375,295.4698181152344,22729300,MSFT
2021-10-19,296.48897556115827,297.402415134152,295.4024375898514,296.37359619140625,17682100,MSFT
2021-10-20,297.3159547433428,297.7871264122316,294.3351931255189,295.585205078125,16537100,MSFT
2021-10-21,295.35437134682337,299.0562532662077,294.5755019170204,298.8062744140625,16918100,MSFT
2021-10-22,298.46011490450775,299.1235756390308,295.960120910737,297.267822265625,17449300,MSFT
2021-10-25,297.46010317986077,297.4985727507945,294.6716608327069,296.2774353027344,17554500,MSFT
2021-10-26,299.03705370094167,300.3831953408259,296.7293781263278,298.1812744140625,28107300,MSFT
2021-10-27,303.8447111727647,313.5562093922769,303.8447111727647,310.7389221191406,52588700,MSFT
2021-10-28,311.854316213441,312.37355280117015,308.9985589964651,311.8735656738281,26297900,MSFT
2021-10-29,311.6620413582326,319.2293097590361,311.4408779594298,318.8639221191406,34766000,MSFT
2021-11-01,318.6139440700778,318.73894820543626,313.8158980182633,316.70050048828125,27073200,MSFT
2021-11-02,317.60426323174084,320.6234937918966,317.3061900673543,320.3157958984375,26487100,MSFT
2021-11-03,321.05621499337065,322.017749048064,317.93122931561726,321.1523742675781,21500100,MSFT
2021-11-04,320.08507064099814,323.59466390839987,316.83508099254163,323.4985046386719,23992200,MSFT
2021-11-05,325.4889184823601,325.75814685735793,321.55624752371233,323.1331481933594,22570100,MSFT
2021-11-08,324.32538640649415,324.6619291544204,321.57541342152103,324.0273132324219,20897000,MSFT
2021-11-09,324.14263606886954,325.69072070181716,321.6618918462256,323.02728271484375,21307400,MSFT
2021-11-10,321.7004414585655,321.75813115179415,317.22931417120816,318.075439453125,25500900,MSFT
2021-11-11,318.5081884888974,320.93124399306816,317.79666260497214,319.6427917480469,16849800,MSFT
2021-11-12,321.0754775053688,324.25815300827657,320.95047337818704,323.76776123046875,23831000,MSFT
2021-11-15,324.5561561818509,324.88307418193443,321.18116285112575,323.1427001953125,16723000,MSFT
2021-11-16,322.7676570356734,327.5657306230466,322.6042127231009,326.4503479003906,20886800,MSFT
2021-11-17,326.4985808420445,329.62928356256526,325.59308293416547,326.6719665527344,19053400,MSFT
2021-11-18,325.76646969293915,329.87975024868393,324.74538130798175,328.7430419921875,22463500,MSFT
2021-11-19,330.06275288893943,332.4324456190178,329.63890158471446,330.5154724121094,21963400,MSFT
2021-11-22,331.9700474366429,336.8346949958714,327.0861445993955,327.3558654785156,31031100,MSFT
2021-11-23,324.6779107140383,326.98983755172486,321.3160273770026,325.2847900390625,30427600,MSFT
2021-11-24,323.9361449609553,325.7471403709016,321.65314542299626,325.5063171386719,21661300,MSFT
2021-11-26,322.07705238453224,325.5256287318422,316.0757258160542,317.5784606933594,24217200,MSFT
2021-11-29,322.6453479674589,326.58521266563037,322.4526776155602,324.2733154296875,28563500,MSFT
2021-11-30,323.0114962502423,325.3811893890692,316.9138335793029,318.4551086425781,42885600,MSFT
2021-12-01,322.82842346064837,326.8260839728482,317.2991304369134,317.9637756347656,33337600,MSFT
2021-12-02,318.1756812750894,321.2485884430419,315.76744866054173,317.3954162597656,30766000,MSFT
2021-12-03,319.8036737217345,320.48763300351385,306.3561099885442,311.1533203125,41779300,MSFT
2021-12-06,312.05884639145665,315.43037261838606,307.51210127524547,314.21661376953125,30032600,MSFT
2021-12-07,319.46652904482426,323.4738023613807,317.9830494801912,322.6261291503906,31021900,MSFT
2021-12-08,323.00180200991804,323.184830047875,318.65734078900067,322.6742858886719,24761000,MSFT
2021-12-09,322.1348363640117,324.1384729979598,319.92888702095325,320.8729248046875,22214200,MSFT
2021-12-10,322.6839669365227,330.4095678226741,322.5009388766094,329.9664611816406,38095700,MSFT
2021-12-13,328.17472556559255,331.17058275210826,326.6334505414845,326.94171142578125,28899400,MSFT
2021-12-14,320.9886267221217,322.3565162798483,312.213008594339,316.2877502441406,44438700,MSFT
2021-12-15,316.54775928331173,322.88624490056276,312.5886384053127,322.3660583496094,35381100,MSFT
2021-12-16,323.38707150321426,324.39854675005074,311.16288148400196,312.973876953125,35034800,MSFT
2021-12-17,309.10147689497717,312.99318902693045,305.6047184390456,311.9142761230469,47750300,MSFT
2021-12-20,308.301990542722,310.95104695993683,305.9130421153367,308.1671447753906,28326500,MSFT
2021-12-21,311.4230722504831,315.70009648431505,308.0611589340678,315.2762451171875,24740600,MSFT
2021-12-22,316.24913921677904,321.36422365049356,313.7927533668709,320.96929931640625,24831500,MSFT
2021-12-23,320.5357502177873,324.0421508973986,320.5164949405719,322.404541015625,19617800,MSFT
2021-12-27,323.1462915394775,329.90862784139654,323.11739392269027,329.8797302246094,19947000,MSFT
2021-12-28,330.55406718206604,331.18984424383433,327.827960266222,328.72381591796875,15661500,MSFT
2021-12-29,328.7719682057402,331.6618479007126,327.21143787403537,329.39813232421875,15042000,MSFT
2021-12-30,329.3595496421258,330.5347684082041,326.38297747008363,326.8646240234375,15994500,MSFT
2021-12-31,326.08434561446063,326.90312120375734,323.5219825277928,323.9747314453125,18000800,MSFT
2022-01-03,323.04038414975616,325.5931052791262,317.67483390975656,322.46240234375,28865100,MSFT
2022-01-04,322.53935638433114,322.8957994595312,314.1490832585769,316.9330139160156,32674300,MSFT
2022-01-05,313.8986934112964,314.1010061399775,304.3813817326678,304.7666931152344,40054300,MSFT
2022-01-06,301.65524488813156,307.0015395240339,300.0561747269668,302.35845947265625,39646100,MSFT
2022-01-07,302.6185824289415,304.88232754930465,298.70761400711353,302.51263427734375,32720000,MSFT
2022-01-10,298.1295907297212,303.1676245403952,293.505795319919,302.734130859375,44289500,MSFT
2022-01-11,301.87678551872176,304.98820330544083,298.5149021278563,303.4180603027344,29386800,MSFT
2022-01-12,307.93588346156525,311.538589841844,305.44092874443083,306.5872497558594,34372200,MSFT
2022-01-13,308.7065085650938,309.10146222236773,292.8410716956861,293.6116943359375,45366000,MSFT
2022-01-14,293.0819317744249,299.4107746285059,292.6002852144012,298.81353759765625,39846400,MSFT
2022-01-18,292.90853854423693,298.42818916600646,290.66404916965183,291.5406494140625,42333200,MSFT
2022-01-19,295.0470782257124,302.3873676008085,291.58885921501854,292.1957092285156,45933900,MSFT
2022-01-20,297.72500596711825,300.21028923440434,290.0860987267936,290.5292053222656,35380700,MSFT
2022-01-21,291.5792327867731,292.9470927232566,284.7591001939449,285.1636962890625,57984400,MSFT
2022-01-24,281.4742645277423,286.20400792942536,265.9170569502406,285.4911804199219,85731500,MSFT
2022-01-25,280.81919810306823,284.1618263856482,274.70231034504417,277.9004211425781,72848600,MSFT
2022-01-26,296.6845769938161,297.17586579012413,282.2737231433276,285.8186340332031,90428900,MSFT
2022-01-27,291.55029488282537,296.019959606394,286.9939079100606,288.83380126953125,53481300,MSFT
2022-01-28,289.2095201733317,297.1566888577396,283.64168680427184,296.94476318359375,49743700,MSFT
2022-01-31,297.60939667442534,300.9134847485598,295.1240841669652,299.56488037109375,46444500,MSFT
2022-02-01,299.01585004253747,299.2277757254821,293.92966304924204,297.4264221191406,40950400,MSFT
2022-02-02,298.2644877997953,303.5529582305001,297.5420178765897,301.9538879394531,36636000,MSFT
2022-02-03,298.12951017170525,299.8056598076775,288.9493300118975,290.1919860839844,43730000,MSFT
2022-02-04,289.19027962588194,297.4649657244344,288.9590986360355,294.7099609375,35096500,MSFT
2022-02-07,294.931467433284,296.5401504808717,288.89160075762936,289.903076171875,28533300,MSFT
2022-02-08,290.19208646707324,294.3438779498826,288.93981702301244,293.3805847167969,32421200,MSFT
2022-02-09,298.4956287595179,300.4800101974915,296.10668068130565,299.78643798828125,31284700,MSFT
2022-02-10,292.8796487217257,297.77316484125447,289.66225322547234,291.28057861328125,45386200,MSFT
2022-02-11,292.06088670264677,293.1205151712114,283.420144959361,284.2100524902344,39175600,MSFT
2022-02-14,282.9865867276755,285.866852917156,280.65543402557785,284.17144775390625,36359500,MSFT
2022-02-15,288.99759771206277,289.75857816176847,286.11733109996294,289.4407043457031,27058300,MSFT
2022-02-16,288.01215873232024,290.4253718858345,283.48496849967387,289.1029357910156,29982100,MSFT
2022-02-17,286.0718591090062,286.4965868814694,279.9326604203937,280.6373291015625,32461600,MSFT
2022-02-18,282.87676387601726,283.65864238707985,276.3707522552186,277.93450927734375,34264000,MSFT
2022-02-22,275.10620482012695,281.4191765053362,274.6235623555302,277.7317810058594,41736100,MSFT
2022-02-23,280.10635117029534,281.5736029979626,270.37629282765295,270.5403747558594,37811200,MSFT
2022-02-24,263.0498031628359,284.9135007247491,262.094151059809,284.36328125,56989700,MSFT
2022-02-25,284.8942092758671,287.2977593325136,281.52534482802724,286.9888610839844,32546700,MSFT
2022-02-28,284.0929935575526,288.7553360718081,282.8284727085798,288.41748046875,34627500,MSFT
2022-03-01,286.1103996346633,289.55647332988616,282.0079393664894,284.71075439453125,31217800,MSFT
2022-03-02,285.10651756719705,291.00442328606925,283.504170648304,289.76885986328125,31873000,MSFT
2022-03-03,292.37516228556973,292.60682123875046,283.84201770674827,285.6471252441406,27314500,MSFT
2022-03-04,284.0736581596549,285.3960935577323,277.20083543278474,279.79742431640625,32356500,MSFT
2022-03-07,278.5136356085561,279.6333695655803,268.8607871426468,269.22760009765625,43157200,MSFT
2022-03-08,268.1561527618495,274.10231170934804,260.6269417825075,266.27386474609375,48159500,MSFT
2022-03-09,273.6004011394195,279.54656067391153,271.0327393319232,278.4847412109375,35204500,MSFT
2022-03-10,273.19487038356175,276.65060617183343,270.8395733141263,275.6756591796875,30628000,MSFT
2022-03-11,277.9634336750457,279.4596429563479,269.7295545935928,270.34735107421875,27209300,MSFT
2022-03-14,270.60798934145595,275.49232901217977,266.2449118112666,266.8433837890625,30660700,MSFT
2022-03-15,270.6176534268287,277.8283334961411,269.0538964529326,277.18157958984375,34245100,MSFT
2022-03-16,279.07349465678493,284.343971257443,273.36868699762886,284.17022705078125,37826300,MSFT
2022-03-17,283.10835163440186,285.34778970055567,279.32442273270993,284.9713439941406,30816600,MSFT
2022-03-18,285.11620984529543,290.55076880569743,282.56787290557435,290.00054931640625,43390600,MSFT
2022-03-21,288.5140418634162,289.72064808863075,284.66253476098274,288.774658203125,28351200,MSFT
2022-03-22,289.39242369934766,294.4119173522232,288.39818135350095,293.5045471191406,27599700,MSFT
2022-03-23,290.0777796338965,292.7033557846491,287.3846264690427,289.0931701660156,25715400,MSFT
2022-03-24,288.75531685150304,293.6396557120755,287.96377622460426,293.5431213378906,24484500,MSFT
2022-03-25,294.63396584716253,294.8945822052207,288.9001703045881,293.13775634765625,22566500,MSFT
2022-03-28,293.7651722801995,300.01056743386323,293.7651722801995,299.9140625,29578200,MSFT
2022-03-29,303.01258292097964,304.8562805932184,298.3212830440557,304.46051025390625,30393400,MSFT
2022-03-30,302.86785052906407,304.9818271718414,300.763506705358,302.96435546875,28163600,MSFT
2022-03-31,303.00296492746145,304.1999383958244,297.2016219305857,297.6070251464844,33422100,MSFT
2022-04-01,298.630215389613,299.36384141537167,294.93318680550044,298.6784973144531,27110500,MSFT
2022-04-04,299.3252319683475,304.17095222292346,298.95841894296694,304.03582763671875,24289600,MSFT
2022-04-05,302.3947841023135,303.93924580373067,299.11282139815006,300.0877685546875,23156700,MSFT
2022-04-06,294.5954112850677,296.3425752515586,286.40978166340653,289.1029357910156,40110400,MSFT
2022-04-07,286.361384397438,293.10871553655596,286.0621484743513,290.9078674316406,31411200,MSFT
2022-04-08,290.0102459043335,290.6666326754491,285.99465651807475,286.66070556640625,24361900,MSFT
2022-04-11,281.66045568500346,282.4519668205672,275.10616374606843,275.3571472167969,34569300,MSFT
2022-04-12,279.1990191393396,280.64694661427023,270.7527755355778,272.2682800292969,30966700,MSFT
2022-04-13,272.91496579941685,278.56185797543264,271.53458622971164,277.63519287109375,21907200,MSFT
2022-04-14,278.0889871884744,278.30135109358486,269.6234472757118,270.11572265625,28221600,MSFT
2022-04-18,269.22773459451554,272.65448572853734,268.6775148871306,270.7818298339844,20778000,MSFT
2022-04-19,269.68128222004106,276.23557450537356,268.74495475070785,275.395751953125,22297700,MSFT
2022-04-20,279.35348107967593,279.64308426283594,275.46338359699905,276.41900634765625,22906700,MSFT
2022-04-21,278.56192980216474,283.11807613900845,270.33771228198214,271.0616760253906,29454600,MSFT
2022-04-22,271.90145264874303,273.36870459899797,263.8895994942571,264.51702880859375,29405800,MSFT
2022-04-25,263.8027323682706,271.351238292918,261.3701954398088,270.97479248046875,35678900,MSFT
2022-04-26,267.86656753140664,268.6966984296061,260.6269305710984,260.83929443359375,46518400,MSFT
2022-04-27,272.30682528051807,280.86889602974276,269.468885848349,273.387939453125,63477700,MSFT
2022-04-28,275.28963271284965,280.8786411356231,271.689109042136,279.57550048828125,33646600,MSFT
2022-04-29,278.59087064005706,279.81680135936267,266.9012842301464,267.8858642578125,37073900,MSFT
2022-05-02,268.0692391635906,275.0482590184196,266.6309742081337,274.5945739746094,35151100,MSFT
2022-05-03,274.1023614203299,274.26647285650915,270.42462737594974,271.998046875,25978600,MSFT
2022-05-04,272.77986042090856,280.7820806094394,267.1233049625317,279.913330078125,33599300,MSFT
2022-05-05,275.62748829742554,276.4093667940325,264.8162844690875,267.7218017578125,43260400,MSFT
2022-05-06,265.2699283325795,269.5557954403699,261.85281170163194,265.1927185058594,37780300,MSFT
2022-05-09,260.68485272752093,262.904996341923,254.1788415540158,255.39508056640625,47726000,MSFT
2022-05-10,262.258232684761,264.24671703897735,255.86805194857527,260.1442565917969,39336400,MSFT
2022-05-11,256.4568440452498,261.939654328253,250.29832265731793,251.5049285888672,48975900,MSFT
2022-05-12,248.74429806988636,250.85827461107095,241.3405637664361,246.48553466796875,51033800,MSFT
2022-05-13,248.41609257198036,253.90856640021337,246.48552263469378,252.05520629882812,34925100,MSFT
2022-05-16,250.9354501012321,256.5920348375694,246.9005663575993,252.4219970703125,32550900,MSFT
2022-05-17,256.87196899135023,259.0149028011125,253.34868474571135,257.5573425292969,28828800,MSFT
2022-05-18,254.46121977706724,255.0417455754485,244.56335973469547,245.83082580566406,31356000,MSFT
2022-05-19,245.65667612599017,249.30429522500646,243.70226967132928,244.92135620117188,32692300,MSFT
2022-05-20,248.8882631085942,250.14607414733115,238.4389150078695,244.36021423339844,39199300,MSFT
2022-05-23,247.19502540033727,253.00989374286016,245.20189490689577,252.18748474121094,33175400,MSFT
2022-05-24,249.51718052656838,252.84546796218024,245.2696951051506,251.1909942626953,29043900,MSFT
2022-05-25,249.7590101930778,255.98989623202482,248.78179230730603,253.9967803955078,28547900,MSFT
2022-05-26,253.7549092585627,258.43776617311875,252.9421849537325,257.2670593261719,25002100,MSFT
2022-05-27,259.7632762741946,264.4654725864212,258.8731329025277,264.36871337890625,26910800,MSFT
2022-05-31,263.6817576729224,265.84902206515727,260.1986330948572,263.0431823730469,37827700,MSFT
2022-06-01,266.26511923779674,268.674267192914,261.27264493032675,263.57537841796875,25292200,MSFT
2022-06-02,255.86413679429918,265.7329565705162,253.10666158963318,265.66522216796875,44008200,MSFT
2022-06-03,261.53391933554974,264.5719880166716,259.69561200341536,261.2533264160156,28059000,MSFT
2022-06-06,263.2270067357878,265.27817182436934,258.54415089491494,260.02447509765625,22400300,MSFT
2022-06-07,257.9830710374571,264.26235216439045,257.30578597515415,263.6528015136719,22860700,MSFT
2022-06-08,262.88845771552224,264.1365839069745,260.8566319339603,261.63067626953125,17372300,MSFT
2022-06-09,259.08602995149107,263.8559613723618,256.0383063846379,256.193115234375,26439700,MSFT
2022-06-10,252.11977283149906,252.11977283149906,244.33114285896366,244.77621459960938,31422800,MSFT
2022-06-13,237.1520369876546,240.9350949240482,233.6882667435192,234.39456176757812,46135800,MSFT
2022-06-14,235.94263445006774,237.76160149558388,233.6689256431726,236.55218505859375,28651500,MSFT
2022-06-15,240.24816456305055,247.01122689050288,238.4195274205562,243.58615112304688,33111700,MSFT
2022-06-16,237.99377410485405,239.38702405079715,235.12988456120002,237.01657104492188,33169200,MSFT
2022-06-17,236.75535358790026,242.3670486857971,236.10710816342058,239.6095733642578,43084800,MSFT
2022-06-21,242.13483565226932,246.4790647181553,241.40918580520898,245.50186157226562,29928300,MSFT
2022-06-22,243.7119356534914,248.82052450027996,242.24128106481916,244.91168212890625,25939900,MSFT
2022-06-23,247.27247956979176,250.9490941058249,245.39546270431345,250.4556427001953,25861400,MSFT
2022-06-24,253.30982219314234,259.2795140264686,253.2227477629766,259.00860595703125,33923200,MSFT
2022-06-27,259.50198159508193,259.58905600976806,254.73205165446396,256.289794921875,24615100,MSFT
2022-06-28,255.40940681520112,258.2442718055391,247.99809948086303,248.1529083251953,27295500,MSFT
2022-06-29,249.22686932972684,253.46466940003842,247.45628183135534,251.81019592285156,20069800,MSFT
2022-06-30,248.70438985080898,251.10388274506582,244.68913309560924,248.4915313720703,31730900,MSFT
2022-07-01,248.0658334178518,251.33607059535083,246.343610863831,251.15223693847656,22837700,MSFT
2022-07-05,247.8433463795469,254.4419309103193,246.46945079470586,254.31614685058594,22941000,MSFT
2022-07-06,255.18692332453952,259.28925531633575,253.88074738510633,257.5670471191406,23824400,MSFT
2022-07-07,256.5124052718838,260.32448856109585,256.4156460435075,259.6859130859375,20859900,MSFT
2022-07-08,256.1931548126402,259.395687723977,254.74185483976467,258.969970703125,19658800,MSFT
2022-07-11,257.0252138128929,257.8766478364502,253.66787209945863,255.9222412109375,19455200,MSFT
2022-07-12,257.2477298377406,257.3057794671245,243.8570592390129,245.43414306640625,35868500,MSFT
2022-07-13,242.0671566016181,245.31806905211855,240.05468558336673,244.5150146484375,29497400,MSFT
2022-07-14,242.43478974627138,246.85640858787121,237.95510651412596,245.83082580566406,25102800,MSFT
2022-07-15,247.4175530084699,251.91657579073376,246.49839956260107,248.3850860595703,29774100,MSFT
2022-07-18,251.3167325510271,252.37134012804827,245.07614676470823,245.99530029296875,20975000,MSFT
2022-07-19,249.2171803481861,251.28771549994482,245.4438068994524,251.1038818359375,25012600,MSFT
2022-07-20,251.46186444630638,256.2705054721165,250.50401605859645,253.75491333007812,22788300,MSFT
2022-07-21,251.35542487841855,256.2898494477531,248.68502415287526,256.241455078125,22404700,MSFT
2022-07-22,256.628472424911,256.7155468615233,250.65880967638628,251.9069061279297,21881300,MSFT
2022-07-25,252.52614987417672,253.00991644481692,248.47218365007052,250.4265899658203,21056000,MSFT
2022-07-26,251.42315927857734,251.44252883940965,241.46726406430727,243.7216033935547,39348000,MSFT
2022-07-27,252.68097341491003,261.28232818719346,250.4459740907152,260.0148620605469,45994000,MSFT
2022-07-28,260.9920476929204,268.81938674780196,259.17308078267786,267.4358215332031,33459300,MSFT
2022-07-29,268.6839646557535,272.8443453449876,267.64869711004144,271.625244140625,32152800,MSFT
2022-08-01,268.80005306751355,272.147709327751,266.8843268988861,268.98388671875,21539600,MSFT
2022-08-02,267.0391429404589,268.8677947225736,263.53667774646465,265.8974609375,22754200,MSFT
2022-08-03,267.77443670567607,274.29559953530566,267.62928313742134,273.2990417480469,23518900,MSFT
2022-08-04,272.65085351031576,274.58591997817257,271.07379914150016,274.4407958984375,18098700,MSFT
2022-08-05,270.0868886929883,274.44078812230066,269.632146904856,273.7248229980469,16774600,MSFT
2022-08-08,274.82784422605897,276.63715644551485,270.251430244991,271.2189636230469,18739200,MSFT
2022-08-09,270.56094022517334,273.8892265551152,268.59681990449013,273.1345520019531,23405200,MSFT
2022-08-10,278.8140935874834,280.4008328998237,277.6240169581476,279.7719421386719,24687800,MSFT
2022-08-11,281.40702349193015,281.7553212542064,277.20793315057733,277.70135498046875,20065900,MSFT
2022-08-12,279.1139854304459,282.4326171875,277.62397604955174,282.4326171875,22619700,MSFT
2022-08-15,281.55214749764076,284.62889583747915,280.6910288186994,283.94195556640625,18085700,MSFT
2022-08-16,282.50994855184035,284.4934088991559,280.9909441965349,283.2065734863281,18102900,MSFT
2022-08-17,280.9280583220521,284.42828191151625,280.6662805490986,282.46002197265625,18253400,MSFT
2022-08-18,281.36438230357066,283.0320727028022,280.2881256209133,281.3450012207031,17186200,MSFT
2022-08-19,280.1136910305551,280.45305241376826,276.87527385505905,277.44732666015625,20570000,MSFT
2022-08-22,273.50097022350445,273.869417859233,268.7887936345998,269.30267333984375,25061100,MSFT
2022-08-23,268.03253173828125,270.37891482482473,267.0241533528703,268.03253173828125,17527400,MSFT
2022-08-24,267.0339265183886,268.79858174374715,266.74303270034477,267.4023742675781,18137000,MSFT
2022-08-25,268.89550229541334,270.5341064037505,266.170965672793,270.3692932128906,16583400,MSFT
2022-08-26,270.59230474229855,271.813993730699,259.82991359676106,259.9365539550781,27549300,MSFT
2022-08-29,257.7646216660064,259.26746916598336,255.82544832955261,257.1634826660156,20338500,MSFT
2022-08-30,258.55975823755864,258.9281764138231,252.7325313512988,254.97227478027344,22767100,MSFT
2022-08-31,257.3187233614418,258.9863846942674,253.38217268617962,253.51792907714844,24791800,MSFT
2022-09-01,250.9969713685728,252.95555596320528,247.64220877512267,252.48043823242188,23263400,MSFT
2022-09-02,253.7408682003107,256.68839066109626,246.73074523815598,248.2723846435547,22855400,MSFT
2022-09-06,248.4081907033707,249.9885925912268,244.2777407898771,245.5478973388672,21328200,MSFT
2022-09-07,246.953747797965,250.95813110475615,245.51876351834204,250.2406463623047,24126700,MSFT
2022-09-08,249.67831493374948,252.50949191714798,247.041022768642,250.65757751464844,20319900,MSFT
2022-09-09,252.5774356163435,257.1635931801204,252.3738306135605,256.4169921875,22084700,MSFT
2022-09-12,257.69677794091064,259.31600091262334,257.09563886057305,258.5403137207031,18747700,MSFT
2022-09-13,250.96784794774865,252.48040101382477,243.93834353048703,244.32618713378906,33353300,MSFT
2022-09-14,245.8193507310912,246.49805856116708,242.26096879830945,244.5491943359375,23913000,MSFT
2022-09-15,242.1737066610615,243.75412313348235,236.5985823888046,237.91722106933594,31530900,MSFT
2022-09-16,236.83126432370605,237.83964287173066,234.69817634172827,237.2966766357422,39791800,MSFT
2022-09-19,235.09568781628073,237.68448252422917,233.52496210004026,237.08334350585938,26826900,MSFT
2022-09-20,234.7078762922614,236.10406881216943,232.3517727501466,235.07630920410156,26660300,MSFT
2022-09-21,236.84097880590735,240.12787756364517,231.634287475008,231.68276977539062,28625600,MSFT
2022-09-22,230.6356459674454,236.44347719720534,230.34478171455967,233.65106201171875,31061200,MSFT
2022-09-23,232.2548385862269,233.79649299504186,228.0468350078117,230.68411254882812,34176000,MSFT
2022-09-26,229.84057996737735,234.10675645335732,229.69513305404854,230.22840881347656,27694200,MSFT
2022-09-27,232.68146460352042,234.44611989699393,227.3681324316485,229.2200469970703,27018700,MSFT
2022-09-28,229.60787725874428,234.96000122532365,227.5911346801097,233.7383270263672,29029700,MSFT
2022-09-29,231.6245958212714,232.652355487679,227.28085099175377,230.27687072753906,27484200,MSFT
2022-09-30,231.0428606260345,233.22443119574095,225.65195971871543,225.81678771972656,35694800,MSFT
2022-10-03,228.25042054527364,234.26185544099243,227.52323048220958,233.41831970214844,28880400,MSFT
2022-10-04,237.63606342718273,242.7457908263603,237.52940827026438,241.31080627441406,34888400,MSFT
2022-10-05,238.50866730601555,242.95906726147314,236.67614880702004,241.62103271484375,20347100,MSFT
2022-10-06,240.38966069294162,242.72636855289312,238.59593389672287,239.28433227539062,20239900,MSFT
2022-10-07,233.5734806664739,233.98072018796898,226.07857799580754,227.1160430908203,37769600,MSFT
2022-10-10,225.962219258619,227.4262900818972,219.83442324055144,222.2777862548828,29743600,MSFT
2022-10-11,220.69739021047423,222.09359787031295,217.29414513566007,218.5546112060547,30474000,MSFT
2022-10-12,218.54488548684702,220.93007581576018,217.1486927519345,218.88424682617188,21903900,MSFT
2022-10-13,213.16368804977824,228.91947533494175,212.465584291104,227.1160430908203,42551800,MSFT
2022-10-14,228.37646088968236,230.02477023152485,221.39543911705044,221.60874938964844,30198600,MSFT
2022-10-17,228.64796881811276,231.69247081215326,227.98864209353195,230.3059539794922,28142300,MSFT
2022-10-18,235.8422913191834,236.51129376308393,228.21163337698803,231.24644470214844,26329600,MSFT
2022-10-19,229.83086912144609,232.32271452181564,227.16450518293112,229.28790283203125,19985700,MSFT
2022-10-20,228.59947785288415,233.9709820712703,227.72684087943537,228.96791076660156,21811000,MSFT
2022-10-21,227.60082203685621,235.60960407563198,227.3681158672251,234.75636291503906,26299700,MSFT
2022-10-24,236.34649831848267,240.30241466092306,233.96132282043843,239.73036193847656,24911200,MSFT
2022-10-25,239.74006238454706,243.4050998483293,238.3535601564571,243.0366668701172,34775500,MSFT
2022-10-26,224.13940416091688,231.05256356203466,223.06316209926047,224.28485107421875,82543200,MSFT
2022-10-27,224.01335747357737,226.58277171119522,218.9133355552526,219.8538360595703,40424600,MSFT
2022-10-28,219.35934514135127,229.40426599695735,219.1751212635659,228.6964569091797,40647700,MSFT
2022-10-31,226.65060686599685,227.77533111378162,224.11998470584146,225.0701904296875,28357300,MSFT
2022-11-01,227.46508792727667,228.57041637850017,220.41618716835114,221.2306365966797,30592300,MSFT
2022-11-02,222.48140020209192,224.2654364159978,213.34787925724922,213.40606689453125,38407000,MSFT
2022-11-03,213.3963618064245,213.70663669340686,207.4721856849331,207.73397827148438,36633900,MSFT
2022-11-04,210.93358993228415,214.85071369781946,206.9388826605208,214.65679931640625,36789100,MSFT
2022-11-07,215.23861235404937,221.46335879760886,214.55019910987951,220.9397735595703,33498000,MSFT
2022-11-08,221.7445195376861,224.6047979139628,218.97150043107274,221.9093475341797,28192500,MSFT
2022-11-09,220.45494942509427,221.6766382807976,217.5074120167321,217.6819305419922,27852900,MSFT
2022-11-10,228.2698114597355,235.92955599741592,227.85289624042093,235.59019470214844,46268000,MSFT
2022-11-11,235.5998964435155,240.4478303320997,234.57212203157073,239.59458923339844,34620200,MSFT
2022-11-14,234.63032541196574,236.491930374749,231.9348751725974,234.20370483398438,31123300,MSFT
2022-11-15,238.18870924194545,239.4879520708681,232.72993053937964,234.61093139648438,31390100,MSFT
2022-11-16,236.06939815763067,237.05145015358517,233.76500614633548,235.0387420654297,24093300,MSFT
2022-11-17,231.19807311445172,236.51666066871482,231.0522311596021,234.9901123046875,23123500,MSFT
2022-11-18,236.76949740720514,236.99314155676598,232.41351054537606,234.5428924560547,27613500,MSFT
2022-11-21,234.74703599252672,237.8973557920272,234.51368886128466,235.34988403320312,26394700,MSFT
2022-11-22,236.8472486173572,238.51963895713513,234.04697919434565,238.2473907470703,19665700,MSFT
2022-11-23,238.32517685687512,241.40742716232413,237.50843223083618,240.726806640625,19508500,MSFT
2022-11-25,240.46427230471662,241.81579547416155,239.900325357093,240.63929748535156,9200800,MSFT
2022-11-28,239.2683124519981,239.8225266855465,234.1344682213795,235.06788635253906,24778200,MSFT
2022-11-29,234.71786413074798,236.06938731272962,231.61617814466862,233.677490234375,17956300,MSFT
2022-11-30,233.9108607052224,248.2622882065125,233.22050747543122,248.07754516601562,47594200,MSFT
2022-12-01,246.84269045988094,249.03040883628205,243.97435155588244,247.63999938964844,26041500,MSFT
2022-12-02,242.9048189819058,248.9720820268652,242.77841272299736,247.96087646484375,21528500,MSFT
2022-12-05,245.03417222631165,246.79408255563942,241.19351410319612,243.27427673339844,23435300,MSFT
2022-12-06,243.8771473447241,244.88835294425144,237.03201078829815,238.3349151611328,22463700,MSFT
2022-12-07,238.05292524127822,239.34611163220632,235.50545353805643,237.60565185546875,20481500,MSFT
2022-12-08,238.062638200754,241.85469212330918,236.33191114744716,240.55177307128906,22611800,MSFT
2022-12-09,237.9265006579388,241.4365734953146,237.40145482814447,238.62657165527344,20609700,MSFT
2022-12-12,240.60043661045466,245.54953887897582,240.32818836078783,245.52037048339844,30665100,MSFT
2022-12-13,254.44622542877917,256.61450802590645,246.06483829010176,249.8082733154297,42196900,MSFT
2022-12-14,250.01243990135845,255.32129440920468,247.27049264402083,250.09994506835938,35410900,MSFT
2022-12-15,246.69684834391964,247.16355744305537,240.49344660406408,242.11721801757812,35560400,MSFT
2022-12-16,241.66997762867638,242.9242630632895,236.76947979184487,237.9168243408203,86102000,MSFT
2022-12-19,238.08210589515767,238.42242358687312,232.1023480969562,233.79417419433594,29696400,MSFT
2022-12-20,232.773266498235,236.1861172059026,231.82039760738525,235.10684204101562,25150800,MSFT
2022-12-21,234.99987114249353,238.82107914890844,233.463604755998,237.6640167236328,23690600,MSFT
2022-12-22,234.58175331390822,235.29155709825014,227.39631414751827,231.59674072265625,28651700,MSFT
2022-12-23,229.57430859844388,232.25790450291396,227.46437751544144,232.1217803955078,21207000,MSFT
2022-12-27,232.09261343652005,232.3162427208361,229.30206179925912,230.40078735351562,16688600,MSFT
2022-12-28,230.33271426152407,233.08437961165026,227.6880046259404,228.0380401611328,17457100,MSFT
2022-12-29,229.12703678909463,235.2234829457409,229.12703678909463,234.3386688232422,19770700,MSFT
2022-12-30,231.61620583114026,233.31776474462188,230.10910782620186,233.181640625,21938500,MSFT
2023-01-03,236.35140592714558,238.94749699304793,230.82862391751698,232.9482879638672,25740000,MSFT
2023-01-04,225.8503455985308,226.42401047503648,219.7052947992431,222.7583770751953,50623400,MSFT
2023-01-05,220.910952034835,221.2512697398711,215.62153242856337,216.15631103515625,39585600,MSFT
2023-01-06,216.82718167517942,219.51077732700102,213.27822252851433,218.70375061035156,43613600,MSFT
2023-01-09,220.18169301907503,224.8391105735464,220.14280677677522,220.83314514160156,27369800,MSFT
2023-01-10,221.45544993887123,224.90718660058684,221.03735973961676,222.51528930664062,27033900,MSFT
2023-01-11,224.88772743214392,229.41873899259986,224.71271707723938,229.2437286376953,28669300,MSFT
2023-01-12,228.74781470305837,233.25937529724501,227.09487499383394,231.90785217285156,27269500,MSFT
2023-01-13,230.4396576846913,232.7440495138857,228.41723190438844,232.60792541503906,21333300,MSFT
2023-01-17,231.38285076871398,234.2414722028024,230.52720494179857,233.6969757080078,29831300,MSFT
2023-01-18,234.883223499019,235.6707999026306,229.00068768790504,229.28265380859375,30028700,MSFT
2023-01-19,227.30882179875937,229.00066284863416,224.2946258083473,225.51002502441406,28623000,MSFT
2023-01-20,228.35890938614477,234.07615156759218,228.0185916995672,233.57054138183594,35389800,MSFT
2023-01-23,234.4261906970003,238.38352255893335,233.0163158336519,235.86521911621094,31934000,MSFT
2023-01-24,235.78746818012206,237.19732842463722,233.78449247373834,235.34019470214844,40234400,MSFT
2023-01-25,227.98941574229838,236.56527872989417,224.50851101400366,233.94973754882812,66526600,MSFT
2023-01-26,236.90558287687787,241.43659421049372,235.30126202491022,241.1351776123047,33454500,MSFT
2023-01-27,242.0977983186481,242.91454300523202,239.9975849790759,241.290771484375,26498900,MSFT
2023-01-30,237.74178578895192,238.80162509755758,235.4957305884033,235.9916229248047,25867400,MSFT
2023-01-31,236.7111417707159,241.08657882687118,236.22498209780977,240.95045471191406,26541100,MSFT
2023-02-01,241.1351911203326,248.11643670951443,238.67522443009082,245.7537078857422,31259900,MSFT
2023-02-02,251.65563166439156,257.36313992217566,250.12908358575305,257.275634765625,39940400,MSFT
2023-02-03,252.3557623051793,256.8867738555353,249.9833008123263,251.19869995117188,29077300,MSFT
2023-02-06,250.31388153410032,251.1500618843591,247.72750865015405,249.66241455078125,22518000,MSFT
2023-02-07,253.31840354990376,261.3303069054437,252.8808478964387,260.15380859375,50841400,MSFT
2023-02-08,265.63764785701306,269.0991022332483,258.84111568990085,259.34674072265625,54686000,MSFT
2023-02-09,266.22098682274134,266.39602683122865,255.5254755531628,256.3227844238281,42375100,MSFT
2023-02-10,254.2906513684381,256.77978626583,253.44473837157508,255.81719970703125,25818500,MSFT
2023-02-13,260.23156430688056,266.9988986544617,259.7551076492649,263.8096923828125,44630900,MSFT
2023-02-14,265.12232910655104,267.3586517330217,261.8261522809417,264.63616943359375,37047900,MSFT
2023-02-15,261.54614998360546,263.89531203662176,259.46016095211655,262.5209045410156,28922400,MSFT
2023-02-16,257.354723160625,260.00605711365523,255.2882479724247,255.5319366455078,29603600,MSFT
2023-02-17,252.84160627305934,253.523916634786,249.53717394877788,251.545166015625,30000100,MSFT
2023-02-21,248.05557870006874,249.04009049318063,245.2385381346892,246.29127502441406,28397400,MSFT
2023-02-22,247.67539109703995,247.91907974541917,244.02006137135174,245.1605224609375,22491100,MSFT
2023-02-23,249.1083064975943,250.35599131241563,244.15655088158258,248.3382568359375,29219100,MSFT
2023-02-24,243.64965318726144,244.66339137207996,241.83660913434213,242.92832946777344,24990900,MSFT
2023-02-27,246.08657375483682,246.4374860355747,243.09406973943646,243.84463500976562,21190000,MSFT
2023-02-28,242.7821510664902,245.14105556625483,242.4507231771338,243.12330627441406,22491000,MSFT
2023-03-01,244.4294802167035,244.59518672884,239.58494822729267,240.05284118652344,27565300,MSFT
2023-03-02,240.32579620114032,245.05334800361368,239.4095243197137,244.7706756591797,24808200,MSFT
2023-03-03,245.82337754163785,249.16677885152734,245.04357084699137,248.84510803222656,30760100,MSFT
2023-03-06,249.9563137281879,253.55316056454095,249.5176771350271,250.3852081298828,24109800,MSFT
2023-03-07,249.82960325303648,251.18452648625785,246.99307854410944,247.73388671875,21473200,MSFT
2023-03-08,247.62668586676327,248.11406323334165,244.47823224326854,247.29527282714844,17340200,MSFT
2023-03-09,249.36177602188675,253.00734939553732,245.22881038258097,245.95013427734375,26653400,MSFT
2023-03-10,244.74141460422547,246.40823683070676,241.3492723748031,242.31427001953125,28333900,MSFT
2023-03-13,241.15429996225072,251.3989810865607,239.5264614444424,247.50970458984375,33339700,MSFT
2023-03-14,250.26831136541318,254.47925951777324,249.40078013128053,254.20632934570312,33620300,MSFT
2023-03-15,253.41670934490338,259.75261418809725,252.6661292714571,258.7388610839844,46028000,MSFT
2023-03-16,258.514689849532,269.57816182335324,256.6334203873444,269.2272644042969,54768800,MSFT
2023-03-17,271.23525555020916,276.1772393298442,269.3442290300633,272.3757019042969,69527400,MSFT
2023-03-20,269.98756773899805,270.47494508940247,263.0375619626868,265.35748291015625,43466600,MSFT
2023-03-21,267.94058331388436,268.0575491212291,262.7158825243108,266.86834716796875,34558700,MSFT
2023-03-22,266.4979179833595,273.9450578612845,265.3087161087697,265.41595458984375,34873300,MSFT
2023-03-23,270.9233512964952,273.9645815107582,268.2525326655101,270.6504211425781,36610900,MSFT
2023-03-24,270.24098860593506,273.54542137989336,268.3304776871036,273.4869384765625,28172000,MSFT
2023-03-27,273.41869458351096,274.35445077052975,268.56440544663616,269.4027099609375,26840200,MSFT
2023-03-28,268.82756793649463,269.16873798129603,265.18196566074795,268.2817077636719,21878600,MSFT
2023-03-29,271.9175790730678,274.0425670542095,271.3814758548116,273.428466796875,25087000,MSFT
2023-03-30,277.054537290587,277.27871183195333,274.3739618829966,276.8790588378906,25053400,MSFT
2023-03-31,276.5671528059377,281.96727225154604,275.8555711889492,281.0217590332031,32766000,MSFT
2023-04-03,279.286723502298,280.992544334595,276.78162637356223,279.97882080078125,24883300,MSFT
2023-04-04,279.9788092952923,283.1175206876223,278.4581943099055,279.9300537109375,25824300,MSFT
2023-04-05,278.6336322553814,279.90080144519544,275.77760817176124,277.1617431640625,22064800,MSFT
2023-04-06,276.06028813189846,284.70635812116194,274.91008465074276,284.2384948730469,29770300,MSFT
2023-04-10,281.90881108908263,282.2889797177499,277.5224147425445,282.08428955078125,23103000,MSFT
2023-04-11,278.53611574215296,278.7603200001052,274.5298887759889,275.6898193359375,27276600,MSFT
2023-04-12,277.6004511479009,279.7644081756239,274.84187817369144,276.333251953125,27403400,MSFT
2023-04-13,276.43070139440715,282.5814016075444,276.02132104979927,282.5229187011719,24222700,MSFT
2023-04-14,279.75465677271774,281.19730473613265,276.5282204280386,278.9163818359375,20987900,MSFT
2023-04-17,282.61054097141687,284.23839393649223,278.9357275284298,281.5090637207031,23836200,MSFT
2023-04-18,284.2092540026853,284.3944597878288,279.7643746535523,281.09002685546875,20161800,MSFT
2023-04-19,278.7700208228647,281.7527671155864,277.3566446923562,281.1679382324219,17150300,MSFT
2023-04-20,278.04871882377137,281.7332896133907,277.8829974713984,278.8869934082031,23244400,MSFT
2023-04-21,277.81480201216493,279.042972509136,275.91401875313767,278.5458679199219,21676400,MSFT
2023-04-24,274.96848374421614,277.75629698549113,271.6835659533402,274.65655517578125,26611000,MSFT
2023-04-25,272.45366159943416,274.4908950976734,268.41816336812605,268.4669189453125,45772200,MSFT
2023-04-26,289.2096786986015,292.0072194183814,285.3399020547386,287.9132385253906,64599200,MSFT
2023-04-27,288.4981481341887,297.4951446738083,287.79632356423065,297.13446044921875,46462600,MSFT
2023-04-28,296.33519048615636,301.13096702652024,295.6528502866571,299.5031433105469,36469600,MSFT
2023-05-01,299.2204771506516,300.8093322076719,297.4464163049507,297.8460693359375,21294100,MSFT
2023-05-02,299.9905392914893,301.3746744145902,296.2377274555762,297.6998596191406,26404400,MSFT
2023-05-03,298.8793194485243,300.8190720296692,296.41319093308664,296.7153625488281,22360800,MSFT
2023-05-04,298.5088929942314,299.9905392914893,295.74059300087464,297.6998596191406,22519900,MSFT
2023-05-05,298.00202238980415,304.09423955747224,296.58861610804354,302.80755615234375,28197100,MSFT
2023-05-08,302.30067989163814,302.36891985995953,298.3626625741606,300.8580322265625,21318600,MSFT
2023-05-09,300.22441891350263,302.21292664070313,298.5770812481338,299.2496643066406,21340800,MSFT
2023-05-10,300.82881170640417,305.0982423493034,299.90281252520236,304.4256591796875,30078000,MSFT
2023-05-11,302.2714311285641,303.2656701896078,298.5283767405059,302.2811584472656,31680200,MSFT
2023-05-12,302.71008236022425,302.80756378679547,298.8598188614768,301.16998291015625,19774700,MSFT
2023-05-15,301.2967160743426,302.07650801921994,299.8248268001941,301.6476135253906,16336500,MSFT
2023-05-16,302.0082102270211,305.79026290466595,302.0082102270211,303.8699951171875,26730300,MSFT
2023-05-17,305.0715994717328,307.1621190650021,303.5574089684494,306.7420654296875,24315000,MSFT
2023-05-18,307.2598588771496,311.6656229362175,306.468583842939,311.1576232910156,27276000,MSFT
2023-05-19,309.4187276052405,311.38227715164794,309.05728471229986,310.98175048828125,27546700,MSFT
2023-05-22,311.2357518358931,315.1335157612651,310.65939292099665,313.756103515625,24115700,MSFT
2023-05-23,312.6326330108963,315.2604571188561,307.96312199673974,307.972900390625,30797200,MSFT
2023-05-24,307.45521463229585,309.1842914063532,305.38419212471825,306.5955505371094,23384900,MSFT
2023-05-25,315.7684295776219,319.3438337465016,312.60333039724634,318.3865051269531,43301700,MSFT
2023-05-26,316.53043497879963,325.69362591247574,316.3936865085404,325.1954345703125,36630600,MSFT
2023-05-30,327.4813284245179,327.9795197443462,322.8801763737934,323.5542297363281,29503100,MSFT
2023-05-31,324.60934766264484,328.1749743960477,319.76397327421006,320.79949951171875,45950600,MSFT
2023-06-01,318.39626537207107,325.8206007034054,317.2142423331167,324.8925476074219,26773900,MSFT
2023-06-02,326.5239875083562,329.6988654721622,324.8632701870316,327.64739990234375,25873800,MSFT
2023-06-05,327.47159843712996,330.734392827561,326.924544875392,328.1749572753906,21307100,MSFT
2023-06-06,327.5791102860381,327.6181940664161,324.4921773165339,325.9672546386719,20396200,MSFT
2023-06-07,323.9841067025186,326.75845825838536,315.045609330463,315.9052734375,40717100,MSFT
2023-06-08,316.4522947423508,319.08989754628954,315.8759358684607,317.7417907714844,23277700,MSFT
2023-06-09,317.47800789711727,322.3624353785323,316.9114274266321,319.2364196777344,22529000,MSFT
2023-06-12,320.9850995006378,324.42375634419443,317.644167004539,324.1795349121094,24260300,MSFT
2023-06-13,326.7389426125968,329.1909351194717,322.7532623015664,326.5631103515625,22951300,MSFT
2023-06-14,326.61191533447175,331.20328940233077,325.11728161658255,329.5425720214844,26003800,MSFT
2023-06-15,329.6793142407834,341.7536041604146,329.40578750574196,340.0538330078125,38899100,MSFT
2023-06-16,343.1993642398401,343.3458910781644,334.04595338902726,334.4171447753906,46552000,MSFT
2023-06-20,331.4669997090526,334.17296167361366,328.09673298112693,330.2361145019531,26375400,MSFT
2023-06-21,328.59499110748806,329.923570971666,324.3943951235906,325.8499450683594,25117800,MSFT
2023-06-22,326.3969713207667,332.2582841920234,325.6350018399905,331.8577575683594,23556800,MSFT
2023-06-23,326.6314360457984,330.1482299651682,325.74249643584824,327.27618408203125,23146900,MSFT
2023-06-26,326.00622657027685,328.3409673865728,320.89710473059927,321.00457763671875,21520600,MSFT
2023-06-27,324.1892578253604,328.38010561548896,321.6884329438187,326.8366394042969,24354100,MSFT
2023-06-28,326.924509469394,330.1677765285819,326.0941508206252,328.0870056152344,20259500,MSFT
2023-06-29,326.97334345829574,328.3409772213773,324.93165630266327,327.30548095703125,16997000,MSFT
2023-06-30,329.94309061938924,334.80799133337183,329.40581549810116,332.6686096191406,26832800,MSFT
2023-07-03,331.3498259032752,333.02029191600536,328.7903904255227,330.17755126953125,12508700,MSFT
2023-07-05,327.3445644884712,333.752931098431,326.99290001201024,330.3338317871094,18172400,MSFT
2023-07-06,329.5034469606341,335.0619274987614,327.7450650936466,333.3816833496094,28161200,MSFT
2023-07-07,331.47678896129895,333.8896972947202,329.21040748776585,329.4253234863281,21214800,MSFT
2023-07-10,326.86590410565805,327.4813467591402,320.017927004541,324.159912109375,32791400,MSFT
2023-07-11,323.40768320181985,325.16606502447587,319.4415308007057,324.78509521484375,26698200,MSFT
2023-07-12,328.8196854554752,333.75294560855826,327.91118903960694,329.40582275390625,29995300,MSFT
2023-07-13,331.711242452727,335.79461674267833,331.1837159282275,334.7395935058594,20567200,MSFT
2023-07-14,339.55563567406386,343.3068725083686,336.35145234816736,337.25994873046875,28352700,MSFT
2023-07-17,337.689815809939,338.9695335941496,334.29027291358,337.7386779785156,20363900,MSFT
2023-07-18,337.8363124834503,358.30207642907544,334.26093764915,351.1805725097656,64738600,MSFT
2023-07-19,353.38833709875524,354.0819174710134,344.29353528638507,346.87249755859375,39732900,MSFT
2023-07-20,345.3974402048797,349.6957307761419,337.3869665581141,338.852294921875,33778400,MSFT
2023-07-21,341.07956227112305,342.20297462021114,331.9749823654145,335.82391357421875,69405400,MSFT
2023-07-24,337.85591126570966,338.90118607619127,334.3977276840243,337.13299560546875,26678100,MSFT
2023-07-25,339.0867373558683,343.7562790203098,337.09391224924093,342.8673095703125,41637700,MSFT
2023-07-26,333.5478606909615,336.70321228068315,325.4103859956427,329.9626770019531,58383700,MSFT
2023-07-27,332.61000460063315,333.4403334728924,321.4441800463063,323.0755920410156,39635300,MSFT
2023-07-28,325.9573926830905,332.1508430764587,325.4689499409115,330.5487365722656,28484900,MSFT
2023-07-31,329.13228102338303,329.89425053304086,325.6545411607463,328.1553955078125,25446000,MSFT
2023-08-01,327.4422614370604,330.7148339075202,325.9867115450311,328.565673828125,18311900,MSFT
2023-08-02,325.9183675778276,325.9183675778276,318.81638974847687,319.9300537109375,27761300,MSFT
2023-08-03,318.4647184532504,322.25503950417715,318.4158860961526,319.1094665527344,18253700,MSFT
2023-08-04,324.2088199611453,327.3934767757319,319.6760561560359,320.2035827636719,23741500,MSFT
2023-08-07,320.77990397221754,323.45656084506595,319.94954529049863,322.47967529296875,17741500,MSFT
2023-08-08,319.4025193112215,321.1511529476865,315.53406053871555,318.5135498046875,22327600,MSFT
2023-08-09,318.92384579160165,319.5490370786911,313.629112676302,314.7818603515625,22373300,MSFT
2023-08-10,318.48424072838094,320.6724848006537,313.75611788086866,315.4656677246094,20113700,MSFT
2023-08-11,312.8573627235517,314.9576606059445,311.83161505156005,313.59002685546875,24355500,MSFT
2023-08-14,313.96118662782794,316.56945373178775,312.6814394341866,316.5499267578125,18836100,MSFT
2023-08-15,315.53404351386234,317.5757308061961,313.482577825794,314.4203796386719,16966300,MSFT
2023-08-16,314.04837487104845,317.59221281010525,313.06942104679297,313.65679931640625,20698900,MSFT
2023-08-17,313.7938817302348,315.09587723168505,309.5549947446499,310.2109069824219,21257200,MSFT
2023-08-18,307.8711973932979,311.679342341884,304.99307058455463,309.8193359375,24755000,MSFT
2023-08-21,311.23877242073405,315.9769051965937,310.3675190796091,315.10565185546875,24040000,MSFT
2023-08-22,318.6494900944686,319.2172702035748,314.69450802744353,315.6734619140625,16084600,MSFT
2023-08-23,317.00482352144604,322.2715996929162,316.6523846218089,320.1178894042969,21166400,MSFT
2023-08-24,325.84476921608996,325.97203798658785,313.2260407459276,313.23583984375,23281400,MSFT
2023-08-25,314.70432613416926,318.5124414479657,312.0905059538923,316.18255615234375,21684100,MSFT
2023-08-28,318.8061314202153,319.2858092722639,314.949050654982,316.88739013671875,14808500,MSFT
2023-08-29,315.1056626837717,322.0562408320529,315.1056626837717,321.49822998046875,19284600,MSFT
2023-08-30,321.7528000842896,322.86879202505213,319.57952117301215,321.8702697753906,15222100,MSFT
2023-08-31,322.2716344766663,323.94563727355137,319.9025529034829,320.8619384765625,26411000,MSFT
2023-09-01,324.33720272503615,325.00288418337306,319.9025429102048,321.74298095703125,14942000,MSFT
2023-09-05,322.07580143984785,327.8026871669536,321.74296073160247,326.530029296875,18553900,MSFT
2023-09-06,326.36359184407087,327.42084870322736,323.2309280293988,325.8741149902344,17535800,MSFT
2023-09-07,324.3176359252016,326.0699418421109,322.1051906191248,322.9666748046875,18381000,MSFT
2023-09-08,323.1428437260037,329.08510023164433,322.52609807587226,327.23486328125,19530100,MSFT
2023-09-11,330.1423875895978,331.29757584054045,328.37048350695864,330.8276672363281,16583300,MSFT
2023-09-12,328.75228709732,329.7018735211136,324.50363099894156,324.7875061035156,17565500,MSFT
2023-09-13,324.3371825636095,329.76059500536803,324.2001445661415,328.9872131347656,16544400,MSFT
2023-09-14,332.01219710477335,333.68619984765456,329.48650927999284,331.5716857910156,20267000,MSFT
2023-09-15,329.82917548465673,330.29905425690873,322.7121612017879,323.2701721191406,37679800,MSFT
2023-09-18,320.9010301881777,323.4463159361462,319.4913343854658,322.134521484375,16834200,MSFT
2023-09-19,319.30533775178856,322.4575698240528,317.6802710436974,321.7331237792969,16505900,MSFT
2023-09-20,322.57502662841824,322.6533297752539,313.76444378232884,314.0189514160156,21436500,MSFT
2023-09-21,312.5407774764578,318.5026021085826,308.3704250255411,312.8050842285156,35560400,MSFT
2023-09-22,314.5574848611761,314.6847536524901,309.4962798834054,310.33819580078125,21447900,MSFT
2023-09-25,309.9269765789233,310.9842634015669,308.3704436389246,310.85699462890625,17836000,MSFT
2023-09-26,308.4977720645104,309.23198754848005,303.4953016985724,305.5707092285156,26297600,MSFT
2023-09-27,305.72732347287354,307.6852314807057,303.17226786279906,306.20703125,19410100,MSFT
2023-09-28,304.4447809531469,308.8403030832105,302.9372138676147,307.0390319824219,19683600,MSFT
2023-09-29,311.06255226407086,312.74635389934775,308.3508611473558,309.1046447753906,24147300,MSFT
2023-10-02,309.6234991428816,315.1154453625428,308.5466440139972,315.0273132324219,20570000,MSFT
2023-10-03,314.0776994982749,314.62594105043695,304.66016977210535,306.7943115234375,21033500,MSFT
2023-10-04,307.420865686593,313.3043876816742,307.3914982671209,312.2471008300781,20720100,MSFT
2023-10-05,312.3743651035606,313.24564832750764,308.27254628304615,312.638671875,16965600,MSFT
2023-10-06,309.8878196065806,322.2618102249638,309.6430811517103,320.3724365234375,25673600,MSFT
2023-10-09,317.91529734513176,323.34847985310256,316.3783324634904,322.87860107421875,19891200,MSFT
2023-10-10,323.99452613848536,324.131594004222,320.7737897972471,321.4786376953125,20557100,MSFT
2023-10-11,324.23924213655874,325.81537310695785,322.2128307107535,325.4237976074219,20063200,MSFT
2023-10-12,323.6127589882386,326.6083551720829,321.8016885159057,324.1903381347656,19313100,MSFT
2023-10-13,325.38474129276136,326.80420669372097,319.4914189840269,320.8326110839844,21072400,MSFT
2023-10-16,324.0826582883067,329.06555964733286,323.6421469834392,325.63922119140625,22158000,MSFT
2023-10-17,322.65339394249423,326.4419405397074,320.51928173209353,325.0714111328125,18338500,MSFT
2023-10-18,325.4923600401383,328.5271229876209,321.3905409680336,323.1624450683594,23153600,MSFT
2023-10-19,325.15953397789394,329.7899967094516,323.9456406942705,324.3470153808594,25052100,MSFT
2023-10-20,324.73853474262626,324.9343374400908,318.6005055684448,319.7948303222656,25027700,MSFT
2023-10-23,318.620060384211,325.7272737717355,317.5628035384839,322.3890380859375,24374700,MSFT
2023-10-24,324.32745327015175,324.8560968034201,320.7053413392681,323.57366943359375,31153600,MSFT
2023-10-25,337.7586697804962,338.91385810810175,330.5144167677778,333.500244140625,55053800,MSFT
2023-10-26,333.3729254857893,334.4399815109655,320.05914822735156,320.9891662597656,37828500,MSFT
2023-10-27,323.4756598852867,329.6332869465478,321.48838509409154,322.86871337890625,29856500,MSFT
2023-10-30,326.39299310170355,332.3058824741977,324.84622935304117,330.2109069824219,22828100,MSFT
2023-10-31,331.7185563552872,331.86539347468425,327.6461042839537,330.9941101074219,20265300,MSFT
2023-11-01,332.6387311841403,340.1081537078223,332.5016633074158,338.78656005859375,28158800,MSFT
2023-11-02,339.9319707829099,341.4885040275744,337.51395325496594,340.9892578125,24348100,MSFT
2023-11-03,342.2716414539088,346.93147136857294,340.02002965992455,345.3749084472656,23637700,MSFT
2023-11-06,346.0112633950899,350.0151812088652,345.91336203130555,349.02642822265625,23828300,MSFT
2023-11-07,351.83603801636735,354.83163466533523,350.10330030774577,352.9422607421875,25833900,MSFT
2023-11-08,354.0680317747925,356.2119431597548,352.9618091115113,355.5560607910156,26767800,MSFT
2023-11-09,354.6749477041347,357.11256296700316,352.77577495327927,353.0988464355469,24847300,MSFT
2023-11-10,353.8820868497546,362.3108966809909,353.47094288255664,361.88995361328125,28042100,MSFT
2023-11-13,360.4703964021509,360.71513487046275,358.1992162461448,358.9627990722656,19986500,MSFT
2023-11-14,363.2017412132651,364.1219603838453,359.6187659081923,362.477294921875,27683900,MSFT
2023-11-15,364.20372057822027,366.0184671527949,360.1131840283514,362.6244201660156,26860100,MSFT
2023-11-16,363.88976551430744,369.17705042836303,363.12463294088235,369.00048828125,27182300,MSFT
2023-11-17,366.4892197868404,367.2347442560865,360.0052164965722,362.8009033203125,40157000,MSFT
2023-11-20,364.1448542442713,371.64904556813445,363.9290460653395,370.2463073730469,52465100,MSFT
2023-11-21,368.5100775469122,369.049583062371,364.0467785330769,365.9596252441406,28423100,MSFT
2023-11-22,370.79563367244174,372.5515261398846,367.82338415552084,370.64849853515625,23345300,MSFT
2023-11-24,370.1383501357465,370.7661665682208,367.9901174917075,370.2364501953125,10176600,MSFT
2023-11-27,369.59884307126106,373.3852898149662,369.02991062580026,371.3939514160156,22179200,MSFT
2023-11-28,371.1389984757335,375.70036771009086,370.952617308365,375.4060974121094,20453100,MSFT
2023-11-29,376.44584793002184,376.97553440384473,370.24629493974936,371.6294250488281,28963400,MSFT
2023-11-30,371.27622416915216,372.8457352264803,368.31379412619617,371.688232421875,30554400,MSFT
2023-12-01,369.579278745005,370.9525899274523,364.23313921740737,367.3721618652344,33040500,MSFT
2023-12-04,362.06521566015255,362.47719398696046,355.98337139108264,362.1044616699219,32063300,MSFT
2023-12-05,359.4657262173714,365.96933781680315,358.6515286841893,365.4200134277344,23065000,MSFT
2023-12-06,366.4206145498899,367.04840106048385,361.0156214613024,361.77093505859375,21182100,MSFT
2023-12-07,361.2117840986747,364.37041416963126,359.3381838764181,363.87994384765625,23118900,MSFT
2023-12-08,362.16331218821597,367.3230398250767,361.2117985281366,367.0974426269531,20154400,MSFT
2023-12-11,361.4570668899954,364.51759731266617,359.12242306000167,364.2232971191406,27708800,MSFT
2023-12-12,363.7818485501349,367.2838138794258,363.3992673247469,367.24456787109375,24838300,MSFT
2023-12-13,368.8533485777596,370.4424978188213,363.70340938140794,367.23480224609375,30955500,MSFT
2023-12-14,366.19500581642444,366.63644114858533,357.18997650221536,358.9556579589844,43277500,MSFT
2023-12-15,359.858129570657,365.30233890168853,359.29898614385536,363.6641845703125,78502300,MSFT
2023-12-18,362.4085541038235,365.89088161939304,361.65321060475327,365.54754638671875,21802900,MSFT
2023-12-19,364.40968123442,366.1459655761719,362.79113493260104,366.1459655761719,20603700,MSFT
2023-12-20,367.852799906723,368.8631677330293,363.46799333439736,363.5562744140625,26316700,MSFT
2023-12-21,365.45926060979707,367.2740068711911,362.98730085105643,366.42059326171875,17708000,MSFT
2023-12-22,366.55795515551875,368.02936637236263,365.60644137118885,367.4407958984375,17107500,MSFT
2023-12-26,367.852803392138,369.7558309565617,366.38139217856946,367.519287109375,12673100,MSFT
2023-12-27,366.5677589576593,367.9116430236214,365.70452628978785,366.9405212402344,14905400,MSFT
2023-12-28,368.2157530058411,369.2849749136942,367.02882298863733,368.1274719238281,14327000,MSFT
2023-12-29,368.8337703402161,369.9716653516636,366.3618101031722,368.8730163574219,18730800,MSFT
2024-01-02,366.73448635273246,368.7356138207432,359.779620180644,363.8014831542969,25258600,MSFT
2024-01-03,361.97695939537715,366.1459576250118,361.48648901542015,363.5366516113281,23083500,MSFT
2024-01-04,363.6053473830013,365.98902639400353,360.17205450864094,360.9273681640625,20901500,MSFT
2024-01-05,361.9376851103461,364.96878822939505,359.5147604251864,360.7409362792969,21004600,MSFT
2024-01-08,362.26139076236115,368.04896487668356,361.9769395114855,367.5486755371094,23134000,MSFT
2024-01-09,364.91979160608497,368.8239167777909,364.1154129764403,368.62774658203125,20830000,MSFT
2024-01-10,369.1966857666869,376.84804200266086,369.1476507008414,375.4747009277344,25514200,MSFT
2024-01-11,378.64317007041507,383.2339660876797,373.1302872544769,377.2992858886719,27850800,MSFT
2024-01-12,378.14285622037966,381.27205974083927,377.31886954764786,381.0660705566406,21661200,MSFT
2024-01-16,386.1571910674611,386.52013440392574,380.2322997601581,382.831787109375,27202300,MSFT
2024-01-17,380.58537452394654,382.6747530191384,377.475779406989,382.0469665527344,22234100,MSFT
2024-01-18,384.2541423864291,386.4808672893111,382.68463107425833,386.3631591796875,23392100,MSFT
2024-01-19,388.21717473718036,391.07171630859375,386.00023875466667,391.07171630859375,29331100,MSFT
2024-01-22,392.3959014424087,392.98447186970276,386.088459710553,388.95281982421875,27016900,MSFT
2024-01-23,388.2072839775827,391.7681035262422,386.42196470997874,391.2972412109375,20525900,MSFT
2024-01-24,393.88696340305137,397.89900754206303,392.8177415608544,394.88751220703125,24867000,MSFT
2024-01-25,396.6140284196201,399.252761812522,394.85813584184393,397.1535339355469,21021200,MSFT
2024-01-26,396.6630311468464,398.4287425690661,394.7600035777077,396.2314147949219,17803300,MSFT
2024-01-29,398.3208550483652,402.16615650559856,396.6238165332186,401.9111022949219,24510200,MSFT
2024-01-30,404.40264755037606,405.1775691973873,398.7033841260815,400.8025817871094,33477600,MSFT
2024-01-31,399.20363992935813,407.4043201802484,389.639467600293,390.0024108886719,47871100,MSFT
2024-02-01,394.17141257606636,400.2238302394902,394.1419855506921,396.0842590332031,30657700,MSFT
2024-02-02,396.113671921669,404.78518434173446,395.86843674032343,403.3824462890625,28256700,MSFT
2024-02-05,402.08766948512715,403.32366460035666,396.29030516570674,397.9186706542969,25352300,MSFT
2024-02-06,398.1442084321405,400.1943708633147,395.2308134118543,397.7616271972656,18382600,MSFT
2024-02-07,399.67450426882596,406.4037434899342,399.63525825649936,406.15850830078125,22340500,MSFT
2024-02-08,406.158553169539,407.63978345515557,404.66753383171147,406.2174072265625,21225300,MSFT
2024-02-09,407.3356331031592,412.799480086422,407.17867899598485,412.53460693359375,22032800,MSFT
2024-02-12,412.54443290280494,412.72099505038886,406.84516963028506,407.345458984375,21202900,MSFT
2024-02-13,397.2221636270064,402.2543946406928,395.70171738557195,398.57586669921875,27824900,MSFT
2024-02-14,401.03278856568113,402.7722538955099,397.5931465072421,402.42828369140625,20401200,MSFT
2024-02-15,401.1015670196542,402.07448469518283,397.3179549607251,399.5487976074219,21825500,MSFT
2024-02-16,400.92465682975353,401.2489827226472,396.48261574205486,397.0919189453125,22296500,MSFT
2024-02-20,396.28600214507156,397.5144455402651,391.1462141740097,395.8437805175781,24307900,MSFT
2024-02-21,393.2690069492409,395.35244235543763,390.3698682526408,395.24432373046875,18518900,MSFT
2024-02-22,403.1161508977741,405.7106076981084,401.52409308986324,404.55096435546875,27009900,MSFT
2024-02-23,408.5016799323737,408.6883757427927,401.9172111140197,403.2635803222656,16295900,MSFT
2024-02-26,404.36425308702184,405.05219339501383,400.33495269298504,400.5118713378906,16193500,MSFT
2024-02-27,400.95415701072204,401.27848291877046,396.88556737137105,400.4529724121094,14835800,MSFT
2024-02-28,401.1408710933735,402.24155173669396,398.3302065928444,400.6888122558594,13183100,MSFT
2024-02-29,401.5929096701564,407.05702360240457,398.91981558888216,406.5066833496094,31947300,MSFT
2024-03-01,404.17753137688453,408.6982091819838,403.79427262351686,408.3345947265625,17823400,MSFT
2024-03-04,406.3101300793095,410.1527047870807,405.2094495475142,407.7646179199219,17596000,MSFT
2024-03-05,406.8211614689715,407.1061687535314,393.7308905561475,395.7062072753906,26919200,MSFT
2024-03-06,396.02071283324057,398.17294829822555,391.5197089331465,395.1558837890625,22344100,MSFT
2024-03-07,399.11635103541613,402.71323699020854,395.30325783772497,402.08428955078125,18718500,MSFT
2024-03-08,400.9246137706761,403.34221201538827,397.357209279769,399.2146301269531,18002200,MSFT
2024-03-11,396.7970720878644,398.68394443475927,394.34018518419236,397.5439453125,16120800,MSFT
2024-03-12,400.5905029088669,408.4034154899357,399.7748296289143,408.118408203125,22457000,MSFT
2024-03-13,410.88979275530687,410.96839994406946,404.3544792559954,407.9415283203125,17115900,MSFT
2024-03-14,412.9928939125644,420.44219256711494,410.7816954714427,417.88702392578125,34157300,MSFT
2024-03-15,412.0592402980969,415.31215606424155,405.6713345351322,409.2387390136719,45079900,MSFT
2024-03-18,407.10616562272253,413.4744273628243,406.6442696787311,410.12322998046875,20106000,MSFT
2024-03-19,410.62445150569954,414.39825657466935,408.383771616104,414.1427307128906,19837900,MSFT
2024-03-20,414.7225113763612,418.61421185332546,413.4056235884817,417.8968200683594,17860100,MSFT
2024-03-21,422.41742129377707,423.3903687989113,419.79348315302326,421.9653625488281,21296200,MSFT
2024-03-22,422.2897491598315,422.446963535343,418.7223444405752,421.3462829589844,17648500,MSFT
2024-03-25,417.9066799433217,420.03927125139006,414.3392748930156,415.5677185058594,18060500,MSFT
2024-03-26,418.2702713092194,418.6437229454669,414.0837561023913,414.3785705566406,16725600,MSFT
2024-03-27,417.12045509904823,417.13029224439015,411.7841036640323,414.162353515625,16705000,MSFT
2024-03-28,413.70042062857715,414.5947310272611,411.89215553357553,413.4645690917969,21871200,MSFT
2024-04-01,416.6388963047316,420.5109524938084,414.9387197575333,417.2481994628906,16316000,MSFT
2024-04-02,412.8650690915943,415.0959414899842,410.6342266844982,414.1721496582031,17912000,MSFT
2024-04-03,412.49163417809825,415.9607570118389,411.86265678472216,413.19921875,16502300,MSFT
2024-04-04,417.66098731056826,421.27754806630895,410.368962888124,410.6736145019531,19370900,MSFT
2024-04-05,412.76683489834704,419.1547408159618,411.10597696046364,418.1817932128906,16554800,MSFT
2024-04-08,417.83780623812595,419.9114041463691,416.0000298565319,417.2677917480469,14272400,MSFT
2024-04-09,419.0859553029516,420.3635245342137,414.34907001434647,418.9287109375,12496900,MSFT
2024-04-10,414.90926057255786,416.71752584552905,412.46221066374153,415.9608154296875,16216600,MSFT
2024-04-11,418.4766034449177,421.9653705491401,415.07625067131136,420.5502014160156,17966400,MSFT
2024-04-12,416.7371538463039,417.84767154999884,412.5309645735886,414.6242370605469,19253800,MSFT
2024-04-15,419.24317632918917,419.45938357073686,406.3002832613404,406.5066833496094,20273500,MSFT
2024-04-16,407.4206432860486,411.18458077665684,406.59513289625886,407.4304504394531,16765600,MSFT
2024-04-17,410.0544389834795,411.65633410094387,403.25376259314334,404.73773193359375,15855500,MSFT
2024-04-18,403.54861503604855,404.78689570186344,396.98382006074763,397.29827880859375,21029900,MSFT
2024-04-19,397.0624207324797,398.48742718931453,390.91036608589934,392.2370910644531,30565800,MSFT
2024-04-22,393.18055056464544,395.90280071692837,388.9252352238132,394.0453796386719,20286900,MSFT
2024-04-23,397.26876128202184,401.1604915950337,396.10911790196513,400.5413513183594,15734500,MSFT
2024-04-24,402.4970231148721,405.3568429660157,399.76496617669443,402.0056457519531,15065300,MSFT
2024-04-25,387.2348667133991,392.9938253486681,381.3383380037112,392.1584777832031,40586500,MSFT
2024-04-26,405.0620486762338,405.8777219430486,398.7625869715763,399.31292724609375,29694700,MSFT
2024-04-29,398.2613746922827,399.31292950505053,392.30588312333157,395.3131103515625,19582100,MSFT
2024-04-30,394.5662074998568,395.2246663994194,382.4586913890698,382.61590576171875,28781400,MSFT
2024-05-01,385.83931510454033,394.79222617325195,383.5789912516123,388.129150390625,23562500,MSFT
2024-05-02,390.80226783236736,393.0331103770738,387.84416635932274,390.9791564941406,17709400,MSFT
2024-05-03,395.3425934548566,400.12860445610875,394.92982324925293,399.6470642089844,17446700,MSFT
2024-05-06,401.7108501382599,406.7916755135943,399.36205183771864,406.4084167480469,16996600,MSFT
2024-05-07,407.5090851826696,407.5189223273103,402.0351340682459,402.28082275390625,20018200,MSFT
2024-05-08,401.13105042212936,405.1210326153664,399.6962067828019,403.4601745605469,11792300,MSFT
2024-05-09,403.48962134136315,405.60253803694064,402.04497067197207,405.2094421386719,14689700,MSFT
2024-05-10,405.8187609135271,408.2166849740278,404.698406069441,407.58770751953125,13402300,MSFT
2024-05-13,410.8012920746048,411.13542506578466,403.73528354862395,406.58526611328125,15440200,MSFT
2024-05-14,404.91462752191757,410.29029755221785,404.45273155985166,409.3763427734375,15109300,MSFT
2024-05-15,411.43396907005973,417.25252925056685,410.81371203905996,416.5338134765625,22239500,MSFT
2024-05-16,415.2736916860826,418.83770651029647,413.846144823867,414.4762268066406,17530100,MSFT
2024-05-17,416.00221762948183,416.37634285020215,411.56198942365705,413.708251953125,15352200,MSFT
2024-05-20,413.7082502471213,420.1667475860199,413.49165301735496,418.7588806152344,16272100,MSFT
2024-05-21,420.2258753914369,426.27088889031637,418.2765300972595,422.4017028808594,21453300,MSFT
2024-05-22,423.43539455106486,425.71950537683756,420.5212017999642,423.8587341308594,18073700,MSFT
2024-05-23,426.27078715380964,426.8910441613392,418.83761804177703,420.3931579589844,17211700,MSFT
2024-05-24,420.58028575397856,424.3904021961967,417.8433006318776,423.50433349609375,11855300,MSFT
2024-05-28,422.98244747510756,424.15403730693197,419.9993311076575,423.6617736816406,15718000,MSFT
2024-05-29,419.1034664398289,424.27223522977,419.1034664398289,422.5296325683594,15517100,MSFT
2024-05-30,417.73500282997145,417.73500282997145,407.8306586642601,408.2540283203125,28394500,MSFT
2024-05-31,410.3017776619535,410.3017776619535,398.2511723788605,408.70684814453125,47995300,MSFT
2024-06-03,409.1006748520027,409.9867435149057,402.5929630717942,407.12176513671875,17484700,MSFT
2024-06-04,406.0486602967713,409.9966250957063,403.3412097338974,409.6323547363281,14348900,MSFT
2024-06-05,411.3453510614717,417.51832644992857,409.85870521580796,417.4494323730469,16988000,MSFT
2024-06-06,417.44944957036887,418.7293231019465,414.0724979392672,417.9515380859375,14861300,MSFT
2024-06-07,419.60560716420275,419.68435613947076,416.4551073364084,417.2919616699219,13621700,MSFT
2024-06-10,418.12876008062784,421.4564371463653,417.3312953641021,421.24969482421875,13982900,MSFT
2024-06-11,418.89671156901073,426.1231387794062,418.67025946007556,425.98529052734375,14551100,MSFT
2024-06-12,428.5844790234761,436.53944727057524,426.54650007534946,434.23565673828125,22366200,MSFT
2024-06-13,434.0289338170149,436.52964196122593,432.57182236972,434.74761962890625,15960600,MSFT
2024-06-14,431.49865916361745,436.2834778568933,429.96279885352675,435.7222900390625,13582000,MSFT
2024-06-17,435.741958721063,443.9627681496181,433.9008973733048,441.4325256347656,20790000,MSFT
2024-06-18,442.7518432687409,443.1752129183503,438.00644366410285,439.4339904785156,17112500,MSFT
2024-06-20,439.3945864733692,439.62103860195157,434.442414629224,438.80389404296875,19877400,MSFT
2024-06-21,440.45787995794916,443.6083496603445,439.60134591371855,442.82073974609375,34187100,MSFT
2024-06-24,442.8404263927747,445.74479433203504,439.5028940256874,440.743408203125,15913700,MSFT
2024-06-25,441.3143898379412,444.4353547941903,439.83759879553867,443.9726257324219,16413400,MSFT
2024-06-26,442.05279974277113,446.5816317625772,441.25533495755695,445.1639099121094,16507000,MSFT
2024-06-27,445.18358463488477,449.1118693221635,444.7799248025884,445.8432312011719,14806300,MSFT
2024-06-28,446.05981801420484,448.33407381119525,439.5028621939787,440.0345153808594,28362300,MSFT
2024-07-01,441.71809469633655,450.2933204774516,438.76451231040363,449.6632385253906,17662800,MSFT
2024-07-02,446.1878533998419,452.47896819642483,446.09921948918884,452.17376708984375,13979800,MSFT
2024-07-03,451.10061852531385,453.88681788882053,450.7954174304016,453.64068603515625,9932800,MSFT
2024-07-05,452.4986178155469,461.10340760685847,451.8685359116121,460.32562255859375,16000300,MSFT
2024-07-08,459.33123257528905,460.46346308739743,457.2735739768986,459.0260314941406,12962300,MSFT
2024-07-09,459.77428381745585,460.09916463101644,450.91353744838284,452.4297180175781,17207200,MSFT
2024-07-10,454.0837171765978,459.24263100795065,451.76021694759896,459.035888671875,18196100,MSFT
2024-07-11,455.81652839633193,457.58866578342753,444.5633568384772,447.6646423339844,23111200,MSFT
2024-07-12,447.3003093014831,449.29889867197954,443.67725577045155,446.5323791503906,16324300,MSFT
2024-07-15,446.28627396172595,450.185024234339,444.44521246679955,446.9360656738281,14429400,MSFT
2024-07-16,447.19208006387777,447.27082904351875,439.74905460392523,442.5647888183594,17175700,MSFT
2024-07-17,435.74195902538145,437.9670004651751,432.38471713490526,436.6575622558594,21778000,MSFT
2024-07-18,437.46494130393756,437.7701424222079,427.67873564964367,433.5563659667969,20794800,MSFT
2024-07-19,426.39883667006126,434.3144456334854,425.31585048613374,430.3467712402344,20940400,MSFT
2024-07-22,434.95437784378936,437.7208974938516,432.1189340633458,436.0865783691406,15808800,MSFT
2024-07-23,437.0316974699668,441.45224583194545,436.24408758502966,437.9670104980469,13107100,MSFT
2024-07-24,433.6351347306288,434.6491968195245,420.9740958851319,422.2638244628906,26805800,MSFT
2024-07-25,422.1653800411885,423.1499075413269,411.0500861973103,411.9263000488281,29943800,MSFT
2024-07-26,411.72938578526725,422.28352110182095,410.8137524352177,418.6899719238281,23583800,MSFT
2024-07-29,424.90231413559286,425.46350195400487,418.1287909882396,420.12738037109375,15125800,MSFT
2024-07-30,421.1020622928212,422.4114705197089,410.90234276735913,416.3763427734375,32687600,MSFT
2024-07-31,413.9937419087569,415.2539356882569,405.83200193737093,411.87701416015625,42891400,MSFT
2024-08-01,414.27930323794226,420.8460843318748,406.69843005351635,410.6562194824219,30296400,MSFT
2024-08-02,406.1077265801338,408.57890014493404,398.0838337068482,402.16961669921875,29437900,MSFT
2024-08-05,383.1484957861814,394.8348298232827,379.6140164017355,389.03594970703125,40709200,MSFT
2024-08-06,393.81095153508136,399.39323499306323,392.3341604668248,393.4269714355469,24946500,MSFT
2024-08-07,402.31727423535324,403.73496598996115,391.3200904199489,392.2652282714844,20650900,MSFT
2024-08-08,396.21315773279025,399.58022417748964,393.7518395528805,396.45928955078125,20203000,MSFT
2024-08-09,397.77859311198716,401.73638233312255,396.03599047899144,399.73779296875,19276700,MSFT
2024-08-12,400.76172633567404,402.43543495594565,397.98535182009545,400.5155944824219,16762900,MSFT
2024-08-13,403.2525628062739,408.5296451452922,403.23288307516907,407.60418701171875,19414300,MSFT
2024-08-14,408.3819407203729,411.25677385836923,406.0683254390975,410.4100646972656,18267000,MSFT
2024-08-15,414.0495635460023,415.34161674551206,411.9388929382302,415.2627258300781,20752100,MSFT
2024-08-16,414.8386210132459,415.56847485047064,411.58380640221424,412.73779296875,22775600,MSFT
2024-08-19,413.22105614207504,415.9728470077707,410.75530126947416,415.755859375,15234000,MSFT
2024-08-20,415.9235063802004,420.0264956299884,415.864330676567,418.98101806640625,16387600,MSFT
2024-08-21,418.27087232284174,420.5590998224222,415.9432144212139,418.330078125,16067300,MSFT
2024-08-22,418.5470128895962,420.943749113419,408.93057044323126,409.8576965332031,19361900,MSFT
2024-08-23,411.26821033098173,413.51697764071497,406.4451792024677,411.080810546875,18493800,MSFT
2024-08-26,410.6665432369522,411.56408163461276,405.7054455704439,407.82598876953125,13152800,MSFT
2024-08-27,407.2046168469379,408.68406980179446,404.6303831532702,408.17120361328125,13492900,MSFT
2024-08-28,409.1969570716752,409.3153084895278,401.7306441001557,404.9755859375,14882700,MSFT
2024-08-29,409.2561363555491,416.26872882049446,404.975589475056,407.4610595703125,17045200,MSFT
2024-08-30,409.90708149754283,411.7711764633265,406.4846126518204,411.4259948730469,24308300,MSFT
2024-09-03,412.18542969380115,414.1284456363182,401.45446023053216,403.8314514160156,20313600,MSFT
2024-09-04,400.3497951691964,405.60677088600426,398.8308818633999,403.298828125,15135800,MSFT
2024-09-05,402.0363961545014,407.4413416778363,400.5668158804491,402.7958679199219,14195500,MSFT
2024-09-06,403.4566777506577,405.0248942566708,395.30981392110493,396.197509765625,19609500,MSFT
2024-09-09,401.6615826272171,403.0522719406784,396.6413094868822,400.16241455078125,15295100,MSFT
2024-09-10,402.6084639940855,410.627073483588,402.11531302402886,408.5262756347656,19594300,MSFT
2024-09-11,409.80842324527,418.1821164133012,403.9695029843538,417.2451477050781,19266900,MSFT
2024-09-12,417.51145302107784,421.5158363092752,414.0002206806835,421.1509094238281,17395700,MSFT
2024-09-13,419.9969049719398,425.914716092092,419.63197810212404,424.69171142578125,15874600,MSFT
2024-09-16,424.7016342113202,427.5914917589124,422.3542307072933,425.4314880371094,13834700,MSFT
2024-09-17,434.1997005769437,435.79750485485505,426.3487157034463,429.18927001953125,18874200,MSFT
2024-09-18,429.041298505566,430.05718819229855,424.5141766919007,424.90869140625,18898000,MSFT
2024-09-19,435.1860014052933,435.452292084435,430.91529729082623,432.6807861328125,21706600,MSFT
2024-09-20,431.2309485866615,433.22326773049826,428.2720426762547,429.3076477050781,55167100,MSFT
2024-09-23,428.33121902605126,430.48135010026584,424.4945200082598,427.57177734375,15128900,MSFT
2024-09-24,427.0687217553129,427.4139334394583,420.2632446802758,423.29119873046875,17015800,MSFT
2024-09-25,423.94218110016,427.1871231515397,422.69946103119116,426.1909484863281,13396400,MSFT
2024-09-26,429.13013688877425,429.33725188250344,423.2517853511596,425.40191650390625,14492000,MSFT
2024-09-27,425.6089779793521,425.93447445668835,421.6144673905514,422.15692138671875,14896100,MSFT
2024-09-30,422.3443332995087,424.52408219664926,419.54323948144145,424.40570068359375,16807300,MSFT
2024-10-01,422.5810498180969,422.6106376703255,413.07308530803846,414.9273376464844,19092900,MSFT
2024-10-02,416.7914652693021,417.0281982052677,411.00187763203274,411.4161376953125,16582300,MSFT
2024-10-03,411.90926344701154,413.8029462214933,408.61501874387466,410.8341979980469,13686400,MSFT
2024-10-04,412.51087911578094,414.00020455197927,409.28568287863294,410.3607482910156,19169700,MSFT
2024-10-07,410.30158600641573,411.3963666559109,403.3974727803463,403.9300842285156,20919800,MSFT
2024-10-08,405.27145839926953,409.966265233936,402.57887338489604,409.0292663574219,19229300,MSFT
2024-10-09,410.1635185105957,414.62162263212304,408.6248898614367,411.7416076660156,14974300,MSFT
2024-10-10,409.54216908706456,411.63312440285347,407.49064417755886,410.143798828125,13848400,MSFT
2024-10-11,410.4396908978323,411.41612015597997,407.589263932771,410.6172180175781,14144900,MSFT
2024-10-14,412.0473616280092,418.2314942204609,411.8007861364326,413.39862060546875,16653100,MSFT
2024-10-15,416.3969398711013,416.69284850861214,409.57174739931537,413.0040588378906,18900200,MSFT
2024-10-16,409.4830140710585,410.6566857580044,404.8572552888869,410.41998291015625,15508900,MSFT
2024-10-17,416.57447660649984,416.7125733271007,409.89722324961605,411.0117492675781,14820000,MSFT
2024-10-18,411.42598973201757,413.9015870376485,410.55803924257515,412.4320068359375,17145300,MSFT
2024-10-21,410.4199513395574,413.22104518863654,408.08242059822123,413.04351806640625,14206100,MSFT
2024-10-22,412.75749822543423,424.68188532771023,412.3136804024992,421.6539611816406,25482200,MSFT
2024-10-23,424.9580432083023,425.17503084101816,416.74216121867397,418.7838134765625,19654400,MSFT
2024-10-24,419.5037748840412,420.144895200207,416.6139175340375,418.9120178222656,13581600,MSFT
2024-10-25,420.91418182997273,426.5952599466425,420.7267820728724,422.2851257324219,16899100,MSFT
2024-10-28,425.74710969864265,426.02327304477956,420.46051551603273,420.7465515136719,14882400,MSFT
2024-10-29,422.1372070838931,427.23640107681365,419.96733089551304,426.0331115722656,17644100,MSFT
2024-10-30,431.44794042425275,432.4934181148105,426.1810914644013,426.6051940917969,29749100,MSFT
2024-10-31,409.6703738017444,410.4594334413064,400.73448031809437,400.7838134765625,53971000,MSFT
2024-11-01,403.40736208449033,409.80845197934053,401.9180365381017,404.74871826171875,24230400,MSFT
2024-11-04,404.18653972407174,404.7980722358363,400.01450160866744,402.8648986816406,19672300,MSFT
2024-11-05,402.7761220934701,409.21667261639857,402.49008610038965,405.82379150390625,17626000,MSFT
2024-11-06,406.77066424480597,414.69066771455005,404.8966664565658,414.4243469238281,26681800,MSFT
2024-11-07,415.5092700597973,421.0029789570154,414.12845339700306,419.6024169921875,19901800,MSFT
2024-11-08,419.49390152577604,420.65773046119216,416.0023846199846,416.7519836425781,16891400,MSFT
2024-11-11,416.7322586188732,418.9908983471605,410.3015812107333,412.2840576171875,24503300,MSFT
2024-11-12,412.52082900640875,418.6260410534634,411.4852239022795,417.2353515625,19401200,MSFT
2024-11-13,415.8643474786666,423.4489813965326,412.4813090867046,419.3755798339844,21502200,MSFT
2024-11-14,419.17832483529844,422.30491523139983,414.24681513135374,421.0424499511719,30246900,MSFT
2024-11-15,414.0692593490907,417.00841966551917,407.97392100075103,409.3152770996094,28247600,MSFT
2024-11-18,409.18708769998454,412.6687324009395,406.4550421174999,410.0649108886719,24727000,MSFT
2024-11-19,407.45119206262405,412.2150474297726,405.9125633985823,412.0671081542969,18133500,MSFT
2024-11-20,411.1596854793811,411.57394553855335,404.9558378403451,409.798583984375,19191700,MSFT
2024-11-21,414.5818472703372,414.85856338751086,405.47983232208855,408.0295715332031,20780200,MSFT
2024-11-22,406.54717570369087,412.50647998528166,406.2408124943726,412.1111755371094,24814600,MSFT
2024-11-25,413.47493016174343,416.1432573462543,409.9863169830385,413.880126953125,27691100,MSFT
2024-11-26,414.6707766023476,424.0099980685231,413.93946191933657,422.9722900390625,23458900,MSFT
2024-11-27,420.12605489536344,422.22122564388053,417.07228524559736,418.0309143066406,18332400,MSFT
2024-11-29,415.16493646523105,419.8987878079345,412.90177557031507,418.49542236328125,16271900,MSFT
2024-12-02,416.6275643373692,427.9235529659965,416.370602899235,425.92724609375,20207200,MSFT
2024-12-03,424.80061260374794,427.3997836787713,422.72522667678595,426.1446838378906,18302000,MSFT
2024-12-04,427.95323167121506,434.5153999624501,427.55792723241916,432.2917785644531,26009400,MSFT
2024-12-05,432.7859063083414,439.44687793021666,431.0564230401268,437.4307861328125,21697800,MSFT
2024-12-06,437.1145598403157,440.87002757046025,436.5907746503493,438.36968994140625,18821000,MSFT
2024-12-09,437.411066762434,443.0738702753144,435.3356806411524,440.79095458984375,19144400,MSFT
2024-12-10,439.1800467406791,444.34871163189086,436.42274787532307,438.1324462890625,18469500,MSFT
2024-12-11,438.84401807874156,445.0701760009867,438.84401807874156,443.7261047363281,19200200,MSFT
2024-12-12,443.8446923743848,450.81205740820604,443.8446923743848,444.2894287109375,20834800,MSFT
2024-12-13,443.1825414368637,446.13747735633456,440.3560560775405,442.0262451171875,20177800,MSFT
2024-12-16,442.0262333394617,446.87867253224385,440.0595735829624,446.29559326171875,23598800,MSFT
2024-12-17,445.7224537683285,449.9522746519603,444.2993336430134,449.1319885253906,22733500,MSFT
2024-12-18,446.02882636391814,447.3432204529913,431.89645846414146,432.26214599609375,24444500,MSFT
2024-12-19,436.44249480171817,437.9842031344139,431.2046434354816,431.90631103515625,22963700,MSFT
2024-12-20,428.03227991601136,438.5376604876813,423.6048219518138,431.48138427734375,64263700,MSFT
2024-12-23,431.61970806424813,432.51904296318025,427.7555447705133,430.1471862792969,19152500,MSFT
2024-12-24,429.55422661934296,434.44620567192754,429.0996280307953,434.1793518066406,7164500,MSFT
2024-12-26,433.9322924323696,435.7705018127553,431.5110338839644,432.9736633300781,8194200,MSFT
2024-12-27,429.5048044431988,430.1175308072659,421.35152651661633,425.4825134277344,18117700,MSFT
2024-12-30,421.0648946073582,422.53741628176584,416.95366258935724,419.84930419921875,13158700,MSFT
2024-12-31,421.1044562623139,421.727075036825,415.72823181420273,416.5583801269531,13246500,MSFT
2025-01-02,420.54116958363784,421.0748471756245,409.98638702094667,413.6726379394531,16896500,MSFT
2025-01-03,416.1433125624827,419.0587393010629,414.62138898974536,418.38671875,16662900,MSFT
2025-01-06,422.9822197752049,429.2281326887413,420.491774572373,422.833984375,20573600,MSFT
2025-01-07,423.9704269151791,425.60107637135604,415.8665512132567,417.41815185546875,18139100,MSFT
2025-01-08,418.4954097350683,421.9642686702226,416.5979364179098,419.58251953125,15054600,MSFT
2025-01-10,419.651700779007,419.73074959963856,410.15435142162687,414.0382995605469,20201100,MSFT
2025-01-13,410.3717691669062,413.5935589908242,407.456372689251,412.2989196777344,17604800,MSFT
2025-01-14,412.9116788431012,414.8190446806072,405.90480416806594,410.7967834472656,16935900,MSFT
2025-01-15,414.2161660512409,423.1304056035061,413.3662329233126,421.3119812011719,19637800,MSFT
2025-01-16,423.6740181923037,424.45473467375496,419.41455019124714,419.602294921875,15300000,MSFT
2025-01-17,429.0007970548674,429.386239236107,423.1502190446997,424.0001220703125,26197500,MSFT
2025-01-21,425.1564304696716,425.84820570918225,420.61035394801814,423.4763488769531,26085700,MSFT
2025-01-22,432.4301508467356,442.02630472978717,430.88844231911156,440.9688720703125,27803800,MSFT
2025-01-23,436.81806704057095,441.5123788470024,436.3239289556834,441.47283935546875,18389300,MSFT
2025-01-24,439.9409915761193,441.41351331157875,436.22506379505893,438.8538818359375,15549500,MSFT
2025-01-27,419.0389699284215,430.0977821935737,418.53493945291683,429.46527099609375,35647800,MSFT
2025-01-28,429.5048071593075,443.1232508667098,426.32255685114393,441.95709228515625,23491700,MSFT
2025-01-29,441.4530338081576,441.64080867155576,435.23676897201045,437.1441345214844,23581400,MSFT
2025-01-30,413.86037732807745,417.9024230144378,408.31616280623206,410.12469482421875,54586300,MSFT
2025-01-31,414.06796458574274,415.7579084081136,410.0456732964256,410.19390869140625,34161900,MSFT
2025-02-03,406.774468051233,410.53979775772405,403.8689337668832,406.1024475097656,25679100,MSFT
2025-02-04,407.85171705562664,409.067307667959,404.9362901326214,407.53546142578125,20532100,MSFT
2025-02-05,407.515689607161,408.97831905399164,405.5885389886856,408.4446716308594,16316700,MSFT
2025-02-06,409.14633744300244,413.2971094519946,409.14633744300244,410.94500732421875,16309800,MSFT
2025-02-07,411.59727657785896,413.7418190108213,403.31551731813784,404.9461669921875,22886800,MSFT
2025-02-10,408.85972888435845,410.5892121947109,406.10246006462063,407.38720703125,20817900,MSFT
2025-02-11,404.8374480391833,407.6540108795472,404.50140761463905,406.6163330078125,18140600,MSFT
2025-02-12,402.43594449354754,405.93445069964594,399.62924369400855,404.2445068359375,19121700,MSFT
2025-02-13,402.22836193070845,406.18146622486773,401.59585076694265,405.72686767578125,23891700,MSFT
2025-02-14,403.0091510093491,404.1160155029715,401.1215398904841,403.6416320800781,22758500,MSFT
2025-02-18,403.2166759889158,405.78620005413757,401.7342617389566,404.83746337890625,21423100,MSFT
2025-02-19,403.09808061190597,410.61884763156144,402.8707662400353,409.90728759765625,24114200,MSFT
2025-02-20,411.24414537664296,415.2249706128277,408.520936591177,412.0759582519531,23508700,MSFT
2025-02-21,413.27415103230015,413.9772255480723,403.9162337604133,404.23309326171875,27524800,MSFT
2025-02-24,404.5301894031576,405.38179653354615,395.4297185716828,400.0641174316406,26443700,MSFT
2025-02-25,397.19236575081766,398.0043843099881,392.835237956153,394.0235290527344,29387400,MSFT
2025-02-26,394.13250979931917,399.66804717869115,390.40913086553707,395.83575439453125,19619000,MSFT
2025-02-27,397.3607146060961,401.78716793671936,388.3493932994261,388.70587158203125,21127400,MSFT
2025-02-28,388.83463352266693,393.7562160246685,382.8039671137811,393.1224365234375,32845700,MSFT
2025-03-03,394.93457905310964,394.93457905310964,382.3979130752632,384.7052001953125,23007700,MSFT
2025-03-04,379.6648014174362,388.75535997703025,377.2881889484286,384.82403564453125,29342900,MSFT
2025-03-05,385.5469260754551,397.7568203379533,385.02209070764377,397.1131286621094,23433100,MSFT
2025-03-06,390.438848896208,398.23217304119834,388.8544303529959,393.0234375,23304600,MSFT
2025-03-07,388.497925986767,390.9537458547577,381.7839796807534,389.478271484375,22034100,MSFT
2025-03-10,382.08101618213806,382.63555806032025,373.5449998926919,376.45635986328125,32840100,MSFT
2025-03-11,375.30770541349494,382.23950999896846,373.2380702422645,376.74359130859375,30380200,MSFT
2025-03-12,379.21921226907705,381.4670864515663,375.2581813231993,379.53607177734375,24253600,MSFT
2025-03-13,379.42714079198,381.5661010325616,373.7727778338423,375.07989501953125,20473000,MSFT
2025-03-14,376.0801044136148,386.42831046600287,375.8127456880931,384.7745666503906,19952800,MSFT
2025-03-17,382.9326924641042,388.88412112316473,381.813696346666,384.9132080078125,22474300,MSFT
2025-03-18,383.2990634136601,383.5961286419255,377.38722360904,379.78363037109375,19486900,MSFT
2025-03-19,381.77404945468027,385.8836128611327,380.25895638414784,384.041748046875,19185500,MSFT
2025-03-20,381.98206039861145,387.97313863322194,379.5460345045817,383.07135009765625,18470500,MSFT
2025-03-21,379.4865916093534,387.92357710345186,379.07067004050685,387.4482727050781,39675900,MSFT
2025-03-24,391.54789342681113,391.54789342681113,386.0123564410982,389.25048828125,21004500,MSFT
2025-03-25,390.082331804945,392.49853282327706,388.8148031404558,391.31024169921875,15775000,MSFT
2025-03-26,391.1518020411883,391.4587795188397,384.784452111458,386.1708068847656,16108400,MSFT
2025-03-27,386.3292739557081,388.41870337339975,383.62585932715103,386.7748718261719,13766800,MSFT
2025-03-28,384.2992097422753,385.3389984995421,373.2578420054409,375.109619140625,21632000,MSFT
2025-03-31,368.91063894364476,373.3965054432232,363.6622546184452,371.7328796386719,35184700,MSFT
2025-04-01,371.0000917512926,379.12021808448793,369.59394254927554,378.4666442871094,19689500,MSFT
2025-04-02,374.2877261088344,381.32844426453147,372.95087209109226,378.4171142578125,16092600,MSFT
2025-04-03,371.13872318254886,373.80251903809335,365.7517184220645,369.4750671386719,30198000,MSFT
2025-04-04,360.5825648601157,370.94065262193254,355.97787229621173,356.3343505859375,49209900,MSFT
2025-04-07,347.4616469003483,367.3856281525139,341.43098078163547,354.3736267089844,50425000,MSFT
2025-04-08,364.6723484414274,370.00982228854286,346.8377957272636,351.1058044433594,35868900,MSFT
2025-04-09,350.0957251156184,389.39905670107095,349.66000929830324,386.68572998046875,50199700,MSFT
2025-04-10,378.33787067807094,380.1599412978202,364.21678559967916,377.6347961425781,38024400,MSFT
2025-04-11,376.93173851590154,386.25003769690613,375.1987873888056,384.6656494140625,23839200,MSFT
2025-04-14,389.38918941494444,390.80525087459347,380.46695659777833,384.0318908691406,19251200,MSFT
2025-04-15,384.7250528209778,388.07212889209285,380.41742551182244,381.9721374511719,17199900,MSFT
2025-04-16,376.9614484928254,377.892263018399,364.4148689208335,367.98968505859375,21967800,MSFT
2025-04-17,370.10883089247193,370.6732850580017,363.31567729138493,364.1969909667969,21120200,MSFT
2025-04-21,359.28536510699473,360.92919678600947,352.2050274305898,355.62139892578125,20807300,MSFT
2025-04-22,359.8398187430779,364.18703397976344,356.3540925801715,363.2463073730469,19485000,MSFT
2025-04-23,372.3963282706759,376.68416126561135,369.38593623911186,370.74261474609375,20545500,MSFT
2025-04-24,372.0398293104223,384.6656149627633,371.53478821384334,383.52679443359375,22232300,MSFT
2025-04-25,383.2297451406492,388.33947870228997,380.8531326101871,388.0325012207031,18973200,MSFT
2025-04-28,388.1414373128656,388.91383718504306,382.8732888048125,387.3492431640625,16579400,MSFT
2025-04-29,387.4878753983452,391.2508732709842,386.5768551213708,390.2012023925781,14974000,MSFT
2025-04-30,386.49757125114587,392.79562598704683,380.69467558939255,391.4092712402344,36461100,MSFT
2025-05-01,426.91004003637113,432.7327609318022,420.7605473528486,421.25567626953125,58938100,MSFT
2025-05-02,427.533877248033,435.1588741169636,425.80092616148227,431.0393981933594,30757400,MSFT
2025-05-05,428.652877068793,435.2182909345157,427.9002714913439,431.9207458496094,20136100,MSFT
2025-05-06,427.9894209087166,433.46554517602334,426.9694566129341,429.0885925292969,15104200,MSFT
2025-05-07,429.6134515274466,433.8517538131467,426.9100367836598,429.12823486328125,23295300,MSFT
2025-05-08,433.66356271096413,439.3476626606329,431.41568853142036,433.9012451171875,23491300,MSFT
2025-05-09,435.7133964534002,436.4461774951318,431.6335394854884,434.4557800292969,15324200,MSFT
2025-05-12,441.5955462250109,444.9921230759706,435.4955548202822,444.8832092285156,22821900,MSFT
2025-05-13,443.41763796979524,446.2794975271711,441.021200788799,444.764404296875,23618800,MSFT
2025-05-14,443.77414887416586,449.47801330220653,443.77414887416586,448.5273742675781,19902800,MSFT
2025-05-15,447.1979616790238,452.57502540604634,446.860659567107,449.5392761230469,21992300,MSFT
2025-05-16,448.4678177382938,450.7595102326154,445.17414935289,450.67022705078125,23849800,MSFT
2025-05-19,447.30711960117503,455.948090917999,447.22773658664954,455.2337951660156,21336500,MSFT
2025-05-20,451.9797648957129,454.70797307292094,450.71983965496236,454.5393371582031,15441800,MSFT
2025-05-21,450.967885651573,454.1524403651085,448.22974686474834,448.9837341308594,19216900,MSFT
2025-05-22,451.34489818162797,456.6028878213618,450.3032004241896,451.2555847167969,18025600,MSFT
2025-05-23,446.4142434023006,450.0948358464348,445.3527151156796,446.6126403808594,16883500,MSFT
2025-05-27,452.86273735527834,457.29731705224054,452.5055743512772,457.03936767578125,20974300,MSFT
2025-05-28,457.56517641086623,458.8548627693229,453.3091629867606,453.7357482910156,17086300,MSFT
2025-05-29,457.89257129241645,458.0612374989779,451.702028016876,455.0453186035156,13974800,MSFT
2025-05-30,456.07706236471586,458.0215223462663,451.9301930198663,456.71197509765625,34770500,MSFT
2025-06-02,453.5174918780263,458.44807895367734,453.2694729574846,458.3092041015625,16626500,MSFT
2025-06-03,457.8131864599202,460.4620419695056,457.20800452370844,459.3013000488281,15743800,MSFT
2025-06-04,460.32309699178137,461.9997072455568,459.35085196524574,460.1941223144531,14162700,MSFT
2025-06-05,461.2755516588244,465.9283895442318,460.35292843866904,463.9739990234375,20131700,MSFT
2025-06-06,466.3648469522318,469.5890928719542,465.06523024972654,466.6525573730469,15285600,MSFT
2025-06-09,465.9780260656937,469.6784495081475,464.90656722268056,469.00384521484375,16469900,MSFT
2025-06-10,467.45614299188406,469.0533703074369,463.2596519580402,467.18829345703125,15375900,MSFT
2025-06-11,466.29544434484353,471.7022694228479,465.9383115986028,468.8748474121094,16399200,MSFT
2025-06-12,471.25575908280854,476.61299175337194,469.76764562448443,475.07525634765625,18950600,MSFT
2025-06-13,472.6348110082228,475.3828499324856,469.0137405811006,471.1962890625,16814500,MSFT
2025-06-16,471.44428961660435,476.8808754060361,471.23596219473825,475.3431701660156,15626100,MSFT
2025-06-17,471.63279762120845,474.9463269378011,470.3232503868908,474.25189208984375,15414100,MSFT
2025-06-18,474.21220825159133,477.1884355000323,470.70025162122124,476.4344482421875,17526500,MSFT
2025-06-20,478.4086860483398,479.62891980922967,473.09114443804276,473.616943359375,37576200,MSFT
2025-06-23,474.42052531416374,483.884936234588,468.76571183115124,482.1488037109375,24864000,MSFT
2025-06-24,485.07541514458467,487.9524285572733,482.9424282150726,486.2261962890625,22305600,MSFT
2025-06-25,488.1409215620263,490.64094135329833,485.5119270894243,488.36907958984375,17495100,MSFT
2025-06-26,489.07347716233096,494.09337765578726,488.9048109762518,493.508056640625,21578900,MSFT
2025-06-27,493.60723706055035,495.34336948151105,489.12306593539506,492.010009765625,34539200,MSFT
2025-06-30,493.1013206195562,496.79184348109624,491.404849352638,493.4683837890625,28369000,MSFT
2025-07-01,492.53586720632853,494.1033336285329,487.0893808236798,488.15087890625,19945400,MSFT
2025-07-02,486.107196925814,489.5893925672679,484.82744098086494,487.198486328125,16319600,MSFT
2025-07-03,489.89694493303733,496.16687121115365,489.52988173373706,494.8870849609375,13984800,MSFT
2025-07-07,493.4386378219278,494.7977767455099,491.3056810299541,493.77593994140625,13981600,MSFT
2025-07-08,493.2997134401056,494.25212791462184,490.1945116420166,492.68463134765625,11846600,MSFT
2025-07-09,496.3354652236218,502.76412671878114,495.77990524850594,499.5200500488281,18659500,MSFT
2025-07-10,499.0637004891913,500.4427003321828,493.80571105535574,497.50616455078125,16492100,MSFT
2025-07-11,494.51996982276876,501.0279839194423,493.85526578992295,499.33154296875,16459500,MSFT
2025-07-14,497.5458219138798,499.9764196247383,497.0597144820079,499.033935546875,12058800,MSFT
2025-07-15,499.03393728805895,504.2720960834484,498.80577924001653,501.811767578125,14927200,MSFT
2025-07-16,501.1768265275145,502.70463167926073,497.9129190668174,501.61334228515625,15154400,MSFT
2025-07-17,501.67285674255714,509.3019216630888,501.61333461976557,507.6451721191406,17503100,MSFT
2025-07-18,510.4030974050004,510.5618634291492,503.40897568442307,506.0082092285156,21209700,MSFT
2025-07-21,502.69466780228106,508.0320701704435,501.54385636100875,506.01812744140625,14066800,MSFT
2025-07-22,506.92095727911294,507.1491456054249,501.26611328125,501.26611328125,13868600,MSFT
2025-07-23,502.7343595827018,502.77405108780124,496.7323137246232,501.861328125,16396600,MSFT
2025-07-24,504.73833906736274,509.5995039044367,503.27998658866585,506.8316345214844,16107000,MSFT
2025-07-25,508.409026924469,514.1829150146133,506.3157616392057,509.6392517089844,19125700,MSFT
2025-07-28,510.0063394772861,510.91903225038106,506.0776975472671,508.4388427734375,14308000,MSFT
2025-07-29,511.4448362580723,513.5182406496896,507.50626407616875,508.5082702636719,16469200,MSFT
2025-07-30,511.08764202727673,511.86149016920456,505.4030674134904,509.1729431152344,26380400,MSFT
2025-07-31,550.8301225339796,551.0484106553389,527.6850421089878,529.2723388671875,51617300,MSFT
2025-08-01,530.7605061500977,531.5541546097426,516.7325410439772,519.956787109375,28977600,MSFT
2025-08-04,524.0838536533402,533.9847498429226,523.9449485218581,531.3954467773438,25349000,MSFT
2025-08-05,532.9232605080902,533.0423047576313,523.0620248277625,523.5679931640625,19171600,MSFT
2025-08-06,526.6930052823053,527.4866537198485,519.8774501718309,520.7802124023438,21355700,MSFT
2025-08-07,522.6254396329194,523.9052559727172,513.4487398823029,516.7127075195312,16079100,MSFT
2025-08-08,518.4587582353118,520.502431840537,515.2940341981842,517.9031982421875,15531000,MSFT
2025-08-11,518.1612057268388,523.4093257403006,515.6016330725902,517.6354370117188,20194400,MSFT
2025-08-12,519.5997169841131,526.7724058726347,518.5580494708657,525.0462036132812,18667000,MSFT
2025-08-13,527.8934364066101,528.4787877679453,515.2544004746543,516.454833984375,19619200,MSFT
2025-08-14,518.4190436500928,521.7821945996749,516.0182375574066,518.3396606445312,20269100,MSFT
2025-08-15,518.627406652342,521.9309749680182,514.9666450837208,516.0479736328125,25213300,MSFT
2025-08-18,517.4567900842618,518.6770238166106,509.9467697824549,513.0023193359375,23760600,MSFT
2025-08-19,510.91900524319027,511.0777107186651,504.5201046206217,505.7304382324219,21481000,MSFT
2025-08-20,505.829663283555,506.9507137373093,500.4426991689255,501.7125549316406,27723000,MSFT
2025-08-21,500.5201238427197,504.4353306174317,499.5562271428435,501.066650390625,18443300,MSFT
2025-08-22,501.07655468445085,507.51578439064156,499.248138173549,504.0378112792969,24324200,MSFT
2025-08-25,503.44159720621536,504.9917771303553,500.9473838488724,501.0865173339844,21638600,MSFT
2025-08-26,501.18583887731603,501.8019624337255,495.37267961289456,498.8804626464844,30835700,MSFT
2025-08-27,498.8407434548062,504.09746017877256,496.75395340313815,503.5509033203125,17277900,MSFT
2025-08-28,503.89867767213724,507.87350408410515,502.3186878124423,506.4326477050781,18015600,MSFT
2025-08-29,505.458793364042,506.39287997665497,501.3150235761296,503.5011901855469,20961600,MSFT
2025-09-02,497.32034095368414,502.81553721257154,493.68337117589067,501.9410705566406,18128000,MSFT
2025-09-03,500.6194673133705,504.5942937991858,499.1587173668126,502.1696472167969,16345100,MSFT
2025-09-04,501.1262158347851,504.95199223037696,499.983459333639,504.77313232421875,15509500,MSFT
2025-09-05,505.86622472604114,508.74796779288187,489.27131242222254,491.884765625,31994800,MSFT
2025-09-08,494.97517595073856,498.04575600626316,491.91457299081776,495.06463623046875,16771000,MSFT
2025-09-09,498.27429847652155,499.0891451753406,494.5677922273047,495.2733154296875,14410500,MSFT
2025-09-10,499.81456783685906,500.06299449245154,493.5939546766565,497.2209777832031,21611800,MSFT
2025-09-11,499.08915061774627,500.00337405269875,494.7466575341409,497.8569641113281,18881600,MSFT
2025-09-12,503.4614629424367,509.32432605160386,500.67909648146514,506.6910095214844,23624900,MSFT
2025-09-15,505.58800862213144,512.2259313574772,503.80926524972944,512.1166381835938,17143800,MSFT
2025-09-16,513.6271130220401,513.9748860992247,505.39922293408733,505.8364562988281,19711900,MSFT
2025-09-17,507.4064717390096,508.07226852063866,502.74598524416496,506.81024169921875,15816600,MSFT
2025-09-18,508.270998935228,509.84107240669834,504.4651158521554,505.2501525878906,18913700,MSFT
2025-09-19,507.34691829589656,516.0319056285313,507.09849160720086,514.6705322265625,52474100,MSFT
2025-09-22,512.3452424901319,514.48167541423,509.3143886623668,511.21240234375,20009300,MSFT
2025-09-23,510.56645428814153,511.35152134239047,504.1173079645634,506.0252380371094,19799600,MSFT
2025-09-24,507.16798604562155,509.2547456727144,503.72976965544393,506.9394226074219,13533700,MSFT
2025-09-25,505.1010467430239,506.8003068435259,501.8615838862597,503.83905029296875,15786500,MSFT
2025-09-26,506.849997214163,510.70558375978015,503.4316440082871,508.2411804199219,16213100,MSFT
2025-09-29,508.28089264453985,513.5971983462931,505.6773863749633,511.3613586425781,17617800,MSFT
2025-09-30,510.0099885223437,514.8990082310244,506.45253207823936,514.6903686523438,19728200,MSFT
2025-10-01,511.5600762745242,517.2341620265153,508.4696637232757,516.439208984375,22632300,MSFT
2025-10-02,514.3823296081488,518.3173691617891,507.4661094259624,512.4942626953125,21222900,MSFT
2025-10-03,513.8456285403139,517.2143082734997,511.75886906280147,514.0940551757812,15112300,MSFT
2025-10-06,515.3461902238155,527.6880704621805,514.9387971845453,525.2435302734375,21388600,MSFT
2025-10-07,524.9652461341774,526.4657528279373,518.1583800775612,520.682373046875,14615200,MSFT
2025-10-08,519.9867481874902,523.6336339322414,519.7979415330736,521.5468139648438,13363400,MSFT
2025-10-09,519.0526847229869,521.0301509722098,514.143772141299,519.1123046875,18343600,MSFT
2025-10-10,516.3697201998212,520.2849266906686,506.42270727517143,507.74432373046875,24133800,MSFT
2025-10-13,513.1600134586593,513.1600134586593,508.45980051307464,510.81488037109375,14284200,MSFT
2025-10-14,507.01894463812107,512.0371813139038,502.8155546768959,510.3379211425781,14684300,MSFT
2025-10-15,511.71919177145384,513.93513816427,506.7903850161382,510.19879150390625,14694700,MSFT
2025-10-16,509.35418580491137,513.5972720757079,504.93217895922305,508.3902587890625,15559600,MSFT
2025-10-17,505.8364332653001,512.235876086287,504.1173098719632,510.3478698730469,19867800,MSFT
2025-10-20,511.3713853844849,515.4356724346321,510.1988187679518,513.5376586914062,14665600,MSFT
2025-10-21,514.2431942660954,515.4257076122852,509.81124074780416,514.4021606445312,15586200,MSFT
2025-10-22,517.8702452376143,521.9245247034462,514.4518919333965,517.2640380859375,18962700,MSFT
2025-10-23,519.1719411998674,520.6525542416625,515.3461346267313,517.2838745117188,14023500,MSFT
2025-10-24,519.4997896375017,522.0436758041421,517.4329238246899,520.3146362304688,15532400,MSFT
2025-10-27,528.4333612309177,531.2157277722118,525.6807743511338,528.1749877929688,18734700,MSFT
2025-10-28,546.5385938392855,550.2351530342114,537.3667019364588,538.6585083007812,29986700,MSFT
2025-10-29,541.5104645203966,542.8321112501552,533.3521116884923,538.1417846679688,36023000,MSFT
2025-10-30,527.1414993194383,531.6032326010347,518.834126044735,522.4512329101562,41023100,MSFT
2025-10-31,525.5515477587454,525.9887810857076,511.85824179468614,514.5512084960938,34006400,MSFT
2025-11-03,516.5385956979154,521.6562086548496,511.3514766558802,513.776123046875,22374700,MSFT
2025-11-04,508.53933673798264,512.3054631947169,504.64399323613884,511.0931701660156,20958700,MSFT
2025-11-05,510.06960470137113,511.5900049686576,503.39189488693165,503.96826171875,23024300,MSFT
2025-11-06,502.47768369906356,502.51744045426454,492.6896676102462,493.9715576171875,27406500,MSFT
2025-11-07,493.8225155697467,496.2372153715257,490.1457889557352,493.6933288574219,24019800,MSFT
2025-11-10,496.8930687697553,503.66020845333964,495.66085193460816,502.8155517578125,26101500,MSFT
2025-11-11,501.62311202080633,506.39292220487647,499.1885488885237,505.47869873046875,17980000,MSFT
2025-11-12,506.1543908722183,508.4498810705414,495.9788447581273,507.9232177734375,26574900,MSFT
2025-11-13,507.09842927280135,510.2683558569415,498.13520636364063,500.12261962890625,25273100,MSFT
2025-11-14,495.0944623167857,508.38031503091224,494.30942559248354,506.96923828125,28505700,MSFT
2025-11-17,505.2501227292945,508.8970088955905,501.7323929449627,504.296142578125,19092800,MSFT
2025-11-18,492.2524466910109,499.8145698875434,483.71651040889276,490.6824035644531,33815100,MSFT
2025-11-19,487.0156083775533,492.0735713081103,479.79134202204426,484.0543518066406,23245300,MSFT
2025-11-20,490.525525238351,491.38172816347884,473.39183555424523,476.308837890625,26802500,MSFT
2025-11-21,476.3785437287191,476.796695003642,466.19388806310616,470.0268249511719,31769200,MSFT
2025-11-24,472.8940649877621,474.7856351712577,465.94500021095376,471.89849853515625,34421000,MSFT
2025-11-25,471.9681767111092,477.0256407210385,462.82888433135173,474.8752136230469,28019800,MSFT
2025-11-26,484.1539406114854,486.14507360501653,479.06661039650686,483.3475341796875,25709100,MSFT
2025-11-28,485.4382224868377,490.44592067381114,484.49242217644115,489.82867431640625,14386700,MSFT
2025-12-01,486.27447583839387,487.68816317334665,482.5012705124726,484.5820007324219,23964000,MSFT
2025-12-02,484.56211884124775,491.312058367048,484.16389832530854,487.82757568359375,19562700,MSFT
2025-12-03,474.2082166599713,482.09308589504883,473.0931871020635,475.6119689941406,34615100,MSFT
2025-12-04,477.6329924690825,479.1860737742951,474.377470578239,478.70819091796875,22318200,MSFT
2025-12-05,480.3807061976695,481.2568095233099,476.7568601661199,481.01788330078125,22608700,MSFT
2025-12-08,482.74025101921535,490.11737199051475,482.2325023858298,488.8430480957031,21965900,MSFT
2025-12-09,486.93155551686203,489.93815525049575,486.33420957194573,489.8385925292969,14696100,MSFT
2025-12-10,481.88404333185355,482.10306917330496,472.9737111601482,476.43829345703125,35756200,MSFT
2025-12-11,474.51683677020293,483.8751552220924,473.750231167373,481.3265075683594,24669200,MSFT
2025-12-12,477.69270598810584,480.31105063829824,474.22812377070755,476.4084167480469,21248100,MSFT
2025-12-15,477.97146396596463,478.588710310573,470.42505317808707,472.7148742675781,23727700,MSFT
2025-12-16,469.8177748762136,475.7712732838117,468.79234263095657,474.2779235839844,20705600,MSFT
2025-12-17,474.79560024235434,477.8718969329872,472.8940646732686,474.00909423828125,24527200,MSFT
2025-12-18,476.06992080908344,487.4293375934554,475.7712630284666,481.8342590332031,28573500,MSFT
2025-12-19,485.1992432324443,485.68709144559693,480.35083955461556,483.7656555175781,70836100,MSFT
2025-12-22,483.9647726311972,486.5632169440421,480.5499868948874,482.7701110839844,16963000,MSFT
2025-12-23,482.8298239351052,485.66716398872717,482.59086732909867,484.6915283203125,14683600,MSFT
2025-12-24,483.5267014178325,486.99128356758627,482.680463867149,485.8563232421875,5855900,MSFT
2025-12-26,484.5521325365998,485.9558848600665,483.8054577080926,485.5476989746094,8842200,MSFT
2025-12-29,482.71034015280554,486.1848877649252,482.0333622504328,484.9404296875,10893400,MSFT
2025-12-30,483.77557941756965,487.5089534635432,483.3474931520442,485.3187255859375,13944500,MSFT
2025-12-31,485.6771523949816,485.97584057107747,481.15727202744546,481.4758605957031,15601600,MSFT
2026-01-02,482.24244872265706,482.5112407273309,468.07552715971417,470.84320068359375,25571600,MSFT
2026-01-05,471.95825856508776,473.9593569778809,467.4184776979013,470.7536315917969,25250300,MSFT
2026-01-06,471.69937935780575,476.617480129593,467.6673473241013,476.3885192871094,23037700,MSFT
2026-01-07,477.63296458601815,487.5288974221053,475.83099176167434,481.3265075683594,25564200,MSFT
2026-01-08,479.10639276886474,480.5201105081445,473.7502403609407,475.9902648925781,18162600,MSFT
2026-01-09,471.9582322108041,477.6927047258898,470.106493184136,477.15509033203125,18491000,MSFT
2026-01-12,474.5566738594685,478.85749783991434,473.57104241242143,475.06439208984375,23519900,MSFT
2026-01-13,472.57548334410274,473.6706125344443,463.88420753037366,468.5832824707031,28545800,MSFT
2026-01-14,464.3919198839424,466.1242261748137,455.1431293963808,457.34332275390625,28184300,MSFT
2026-01-15,462.062293141988,462.19172164087615,453.8787357567712,454.6353759765625,23225800,MSFT
2026-01-16,455.8001683410004,461.1364202404358,454.45617795729186,457.8211669921875,34246700,MSFT
2026-01-20,449.2195254560932,454.77477325819245,447.2881239806389,452.5048828125,26130000,MSFT
2026-01-21,450.5934019351739,450.6829992738946,436.7351029497524,442.1410217285156,37980500,MSFT
2026-01-22,445.6354487179439,450.8323067932568,442.7284117030413,449.1398620605469,25349400,MSFT
2026-01-23,449.8665935761158,469.01134678020316,448.5325382185013,463.8841857910156,38000200,MSFT
2026-01-26,463.2470406576191,472.1474075016215,459.9517180089597,468.19500732421875,29291200,MSFT
2026-01-27,471.5998386603028,480.72916597612596,471.0622242712429,478.4493103027344,29213900,MSFT
2026-01-28,481.06767161592717,481.59532063648624,475.8807787479093,479.49468994140625,36875400,MSFT
2026-01-29,438.0392806211351,440.5381621786467,419.1533835040837,431.57806396484375,128855300,MSFT
2026-01-30,437.2229597325442,437.65104604221966,424.5593524472701,428.38232421875,58566800,MSFT
2026-02-02,428.33251789753194,428.8303011436502,420.37795134689077,421.49298095703125,42219900,MSFT
2026-02-03,420.1390072256922,420.178808008447,406.7486263222299,409.3868713378906,61424100,MSFT
2026-02-04,409.1778088233149,417.9387813848693,407.4256021580933,412.3536682128906,45012400,MSFT
2026-02-05,405.6335909812077,406.4897635323938,390.5806313349955,391.9246520996094,66289200,MSFT
2026-02-06,397.4002746193236,400.0086538663787,391.17798428483076,399.3615417480469,53515300,MSFT
2026-02-09,403.0550898097971,413.05058563481117,399.0927243377603,411.76629638671875,45480500,MSFT
2026-02-10,417.75959730190846,421.80159473973595,410.8702943432265,411.437744140625,44857900,MSFT
2026-02-11,414.3348470778888,414.61360447479314,399.23212070980424,402.57720947265625,42491000,MSFT
2026-02-12,403.20440420967,404.3990960787573,396.24540458526855,400.05841064453125,40802400,MSFT
2026-02-13,402.65686886295305,403.7420326637702,396.2852191820681,399.5407409667969,34091600,MSFT
2026-02-17,397.45004705087115,398.7442713079252,392.78083787972264,395.1004943847656,32078800,MSFT
2026-02-18,396.3648852083561,400.77523739702553,394.5629123207548,397.828369140625,23223400,MSFT
2026-02-19,399.82403795970674,403.55594539020564,395.8127368785549,397.5988464355469,28234000,MSFT
2026-02-20,395.2539159508346,399.2552593187824,394.3059873534157,396.37152099609375,34015200,MSFT
2026-02-23,394.14630950985264,394.50551684604494,382.27203437696886,383.6390686035156,43238300,MSFT
2026-02-24,383.30981969967445,388.5185091169527,380.88504821898124,388.1593017578125,33884700,MSFT
2026-02-25,389.68597856263057,400.60233728073825,389.31678308531696,399.7342224121094,43625500,MSFT
2026-02-26,403.8353349281015,406.6093255926281,397.8782360341113,400.851806640625,34405900,MSFT
2026-02-27,390.03523926255787,395.9624042352165,389.0374004516944,391.8912048339844,51367200,MSFT
2026-03-02,392.01092411942045,400.32293811697235,389.78576315389057,397.6886291503906,35474900,MSFT
2026-03-03,392.2903484387299,405.82103971635513,391.82136299902305,403.0570068359375,38199200,MSFT
2026-03-04,400.4027502952161,410.14166638677375,399.44483360720756,404.32427978515625,35808000,MSFT
2026-03-05,403.54596943015656,410.72040218284053,403.525993165685,409.79241943359375,39001300,MSFT
2026-03-06,408.31564337314285,412.1572983375802,407.6271321747383,408.0761413574219,31123900,MSFT
2026-03-09,404.044890641513,409.3234358422322,402.62794618065146,408.5251770019531,30131900,MSFT
2026-03-10,409.1438479339772,409.31349393117443,402.05918625996463,404.8830871582031,31706400,MSFT
2026-03-11,404.6934855668013,408.1260534422115,400.7220762180728,404.0049743652344,25512100,MSFT
2026-03-12,403.7555185610488,405.2422886286942,400.84181586601125,400.9914855957031,27263900,MSFT
2026-03-13,400.13336309353434,403.9251383935716,393.3979511212616,394.69512939453125,26848000,MSFT
2026-03-16,397.209690545171,399.7641553863696,393.9367805641587,399.08563232421875,27733700,MSFT
2026-03-17,399.4049101655112,403.5259891234105,396.8903674487218,398.5467834472656,26228300,MSFT
2026-03-18,396.271723303423,397.13983817793417,390.1549666521916,390.9432678222656,25908500,MSFT
2026-03-19,389.2569126674818,391.6417315076428,386.2234742615233,388.1792297363281,25138800,MSFT
2026-03-20,385.95408868282834,386.16362631018524,379.29849030352204,381.0447082519531,50853200,MSFT
2026-03-23,383.07032058481127,386.3731646745857,380.85511716508233,382.1722717285156,29680100,MSFT
2026-03-24,381.53362193174286,381.6434000325674,371.04635704379217,371.9344177246094,42733600,MSFT
2026-03-25,376.10542586510894,376.2451074667104,368.831172255135,370.2381286621094,31181200,MSFT
2026-03-26,370.01860155518807,373.9101668945663,364.4007640805619,365.1790771484375,36836600,MSFT
2026-03-27,361.11784971721505,361.6666793192034,355.73951450811694,355.9989318847656,37883400,MSFT
2026-03-30,361.1178525849577,364.5703662773937,355.51000344849933,358.1842041015625,44797000,MSFT
2026-03-31,363.7621155862403,372.09407550142714,362.28533367877645,369.3699951171875,45244400,MSFT
2026-04-01,372.682807332766,373.1817267376728,367.4042619540212,368.57171630859375,29417200,MSFT
2026-04-02,366.41637016886637,372.83249667260446,363.3629859357669,372.6528625488281,24099100,MSFT
2026-04-06,372.682794233078,372.92229624611906,368.70142726638517,372.0741271972656,16146600,MSFT
2026-04-07,369.5396147715723,371.64507045865594,365.7677853538718,371.48541259765625,21443300,MSFT
2026-04-08,384.148004001906,384.167949815935,370.6073237610428,373.52099609375,33064800,MSFT
2026-04-09,371.6949574789129,372.6927962909368,366.2567237727329,372.26373291015625,30435300,MSFT
2026-04-10,372.17393720824543,374.8281921461914,369.23030048358606,370.0684814453125,28111100,MSFT
2026-04-13,372.8025510733858,383.70895264062807,370.2181521550117,383.539306640625,35745800,MSFT
2026-04-14,387.0816509997633,393.83700889302276,385.684652281273,392.2604064941406,37504500,MSFT
2026-04-15,397.1398382929036,413.47445440771634,395.8725939925935,410.3312683105469,45063400,MSFT
2026-04-16,418.95258572248235,419.9105328997013,411.2492993874727,419.35174560546875,41642400,MSFT
2026-04-17,423.9018933176335,430.64726300981,419.78081413338697,421.87628173828125,48568200,MSFT
2026-04-20,420.2398034863272,422.4150847565369,415.40027922801784,417.1664733886719,27582200,MSFT
2026-04-21,419.33177508554746,426.25677891783357,416.2983670043314,423.2433166503906,32048500,MSFT
2026-04-22,425.2689090952171,432.7626880248645,422.7543663498755,431.984375,29378200,MSFT
2026-04-23,418.9825380949446,422.7443793162959,410.5208543154444,414.8514709472656,38308000,MSFT
2026-04-24,416.0688403922519,424.0316048781353,414.9013556123021,423.7023010253906,27457400,MSFT
2026-04-27,421.46715688013995,426.1869149113369,416.1686352924954,423.9018859863281,30867300,MSFT
2026-04-28,423.6524179624475,428.99086152362304,420.9881750222059,428.3222961425781,30438100,MSFT
2026-04-29,423.6623688360089,425.8975483734993,419.38166246548025,423.5426330566406,38288300,MSFT
2026-04-30,409.92216255995794,413.5243765293071,397.1498378648014,406.8987121582031,70909400,MSFT
2026-05-01,411.9078412872606,416.2085240460113,409.5529563541748,413.5443115234375,31372400,MSFT
2026-05-04,410.6505829404435,419.87060358807366,409.91216153093814,412.72607421875,28066500,MSFT
2026-05-05,414.42242364358015,415.8792597859335,407.916495085617,410.4909362792969,25700900,MSFT
2026-05-06,407.11822745622237,417.51572107575487,404.23445872829495,413.0653381347656,30285900,MSFT
2026-05-07,419.2020489501835,427.05506598481406,417.8549909144547,419.8606262207031,34942400,MSFT
2026-05-08,416.48795292910256,417.7252633012779,413.105264767488,414.22283935546875,33383800,MSFT
2026-05-11,406.9885016374445,411.79809190456297,404.6236285818644,411.7681579589844,35657900,MSFT
2026-05-12,413.58422243338293,414.6020070114768,405.76117016707224,406.8887023925781,38594200,MSFT
2026-05-13,402.3286237155428,405.4318878236479,400.1633000811369,404.3342590332031,29667100,MSFT
2026-05-14,403.6058516736889,410.94993067744383,400.013625877668,408.5451354980469,27077500,MSFT
2026-05-15,413.3746572242232,427.24464052002446,412.01761111071977,421.0081481933594,50771200,MSFT
2026-05-18,415.71960624154525,424.2012362508279,414.7117792841577,422.6246643066406,32564100,MSFT
2026-05-19,428.9708919761278,431.7648588737268,415.58987007798993,416.51788330078125,33018700,MSFT
2026-05-20,413.2749005432513,421.18775475321456,410.4110776678385,420.1499938964844,27864000,MSFT
2026-05-21,424.75,426.3399963378906,415.7099914550781,419.0899963378906,31393500,MSFT
2026-05-22,419.5400085449219,424.3999938964844,416.3299865722656,418.57000732421875,22341900,MSFT
