date,open,high,low,close,volume,ticker
2016-05-25,1.1167381809898858,1.1214013791629331,1.0998029713416826,1.1086387634277344,458076000,NVDA
2016-05-26,1.1106020352729864,1.128518918372857,1.1074113526510874,1.1204195022583008,309964000,NVDA
2016-05-27,1.1216469467214012,1.1282737324544974,1.1179653080658774,1.1265556812286377,277416000,NVDA
2016-05-31,1.13146403360464,1.149135495269171,1.130727659308847,1.1466810703277588,412524000,NVDA
2016-06-01,1.141281678806749,1.1599348197549142,1.1378455769750724,1.1488902568817139,387132000,NVDA
2016-06-02,1.1550257495107288,1.1668068003954915,1.1437356537684358,1.156989336013794,329208000,NVDA
2016-06-03,1.1456999106368393,1.1471724258256173,1.1206652798920065,1.1407910585403442,461076000,NVDA
2016-06-06,1.1437362456181375,1.1525720383539713,1.1290100414252158,1.1349005699157715,322512000,NVDA
2016-06-07,1.1417724747458624,1.148153839920615,1.1366183221893553,1.1371091604232788,193400000,NVDA
2016-06-08,1.1373546794265101,1.141527155881611,1.1241011096791087,1.1334277391433716,234616000,NVDA
2016-06-09,1.1295008376139555,1.1645982333282365,1.127046412077696,1.1628801822662354,472168000,NVDA
2016-06-10,1.1491356799911303,1.1594439855218932,1.1324458919935658,1.1339185237884521,400024000,NVDA
2016-06-13,1.1351459011926943,1.1707342544946944,1.1351459011926943,1.1483994722366333,475588000,NVDA
2016-06-14,1.145699448868849,1.156007753236441,1.1329367194422522,1.1506081819534302,298344000,NVDA
2016-06-15,1.1601800322323093,1.172451804345496,1.147417304970541,1.1623889207839966,301036000,NVDA
2016-06-16,1.1537992924849547,1.169016335584172,1.1425091904973186,1.1670528650283813,246456000,NVDA
2016-06-17,1.1685250075793219,1.1687704266667784,1.1420177565658136,1.1466810703277588,471000000,NVDA
2016-06-20,1.1650890701964116,1.1822695790696138,1.1643526957970234,1.1672979593276978,293768000,NVDA
2016-06-21,1.1722066864215968,1.1753973690567083,1.1584621623651783,1.1601803302764893,212508000,NVDA
2016-06-22,1.1626345047187734,1.1702430817499974,1.1572349335859122,1.1591984033584595,202620000,NVDA
2016-06-23,1.1702433222827855,1.1913508900013419,1.1695069478208346,1.1901236772537231,297880000,NVDA
2016-06-24,1.1412816755197244,1.162389241734547,1.1118292738758007,1.1223829984664917,1017684000,NVDA
2016-06-27,1.1130565355237156,1.1216469083929292,1.0939124364896398,1.1103568077087402,449088000,NVDA
2016-06-28,1.131464415735874,1.1326915115875864,1.111093103162439,1.1265556812286377,381920000,NVDA
2016-06-29,1.136373127715617,1.1537991758325634,1.1334278636629698,1.1449633836746216,318932000,NVDA
2016-06-30,1.1469264989154313,1.1609164403171481,1.1375999883477104,1.1537988185882568,430940000,NVDA
2016-07-01,1.1474178422212165,1.1623894650447728,1.1412818947749097,1.1452088356018066,218488000,NVDA
2016-07-05,1.1388267867268944,1.164106818884682,1.1297456976175073,1.162143349647522,371084000,NVDA
2016-07-06,1.1540442134307143,1.1763789885729292,1.1481536872730334,1.1695066690444946,273104000,NVDA
2016-07-07,1.1773613093367645,1.2041139937402718,1.1719617354257246,1.1999415159225464,395400000,NVDA
2016-07-08,1.2127038259699585,1.2539372831053173,1.2080405113514687,1.2480467557907104,481932000,NVDA
2016-07-11,1.2659635825550015,1.2860893549135755,1.2644909507929791,1.276762843132019,448776000,NVDA
2016-07-12,1.290998049215486,1.3076877177870618,1.2747991017939364,1.2959067821502686,436760000,NVDA
2016-07-13,1.2983616195015282,1.3057247804227072,1.293452884565233,1.2954163551330566,324604000,NVDA
2016-07-14,1.3022884374076804,1.320450741617809,1.2914891757268292,1.3086696863174438,316892000,NVDA
2016-07-15,1.2919802267698222,1.2993433875450398,1.2723452874138688,1.2934528589248657,428616000,NVDA
2016-07-18,1.3094059748593612,1.3113694449360838,1.295170611994597,1.300079345703125,252992000,NVDA
2016-07-19,1.299343005278214,1.3187325197428414,1.2968885800640768,1.3135783672332764,382652000,NVDA
2016-07-20,1.3179961985047837,1.3378766690338497,1.3125966266627895,1.3307589292526245,296460000,NVDA
2016-07-21,1.3278135698886875,1.3319860458065305,1.3017972720208357,1.3062151670455933,361308000,NVDA
2016-07-22,1.3108780528805968,1.3418030738830566,1.3013060086377646,1.3418030738830566,315768000,NVDA
2016-07-25,1.3499033287139732,1.3697836866769555,1.3440128002656229,1.3665930032730103,312528000,NVDA
2016-07-26,1.3786191684677858,1.3970268901676983,1.3766556984389249,1.389909267425537,514508000,NVDA
2016-07-27,1.4019352777158962,1.4043897024212253,1.3675741510751687,1.375918984413147,446676000,NVDA
2016-07-28,1.379110303553777,1.3891731920218673,1.3746924072628597,1.3788648843765259,221916000,NVDA
2016-07-29,1.3840185120012727,1.4051260746549183,1.359229429021627,1.4014445543289185,409588000,NVDA
2016-08-01,1.4073354053995235,1.4124895584525865,1.3832825741184487,1.3923636674880981,301120000,NVDA
2016-08-02,1.3989905542873249,1.39972692879621,1.362175105779861,1.3754286766052246,282748000,NVDA
2016-08-03,1.3737102882053471,1.3818097036138695,1.366101710993272,1.3791098594665527,299828000,NVDA
2016-08-04,1.3857364001061212,1.4110164353222876,1.3830366734659358,1.4046350717544556,272712000,NVDA
2016-08-05,1.4208341394378217,1.4291789738882095,1.4139619366002585,1.4284427165985107,371588000,NVDA
2016-08-08,1.4480776508552957,1.4515137522791324,1.4264791318577121,1.441696286201477,305064000,NVDA
2016-08-09,1.4488138086692952,1.4593676483465243,1.4416961872133967,1.4453777074813843,372344000,NVDA
2016-08-10,1.4581409709114124,1.460349860475973,1.4313882917992526,1.436051607131958,375740000,NVDA
2016-08-11,1.4436603073246297,1.471394665437053,1.4407150429698912,1.4652587175369263,681064000,NVDA
2016-08-12,1.5192548778738748,1.555579491852224,1.4880844178613561,1.5472346544265747,1425744000,NVDA
2016-08-15,1.5489525067039827,1.558524555853406,1.5248996742541585,1.5457618236541748,573304000,NVDA
2016-08-16,1.5435529894888143,1.546007298135411,1.5317720505115422,1.5364353656768799,287652000,NVDA
2016-08-17,1.5364350881050357,1.5398711898095812,1.488820268408481,1.5008466243743896,595212000,NVDA
2016-08-18,1.4986379018269622,1.5266176738400163,1.4927473742311825,1.5241633653640747,331684000,NVDA
2016-08-19,1.5234268050895654,1.5396256369687815,1.5168000208692893,1.5280901193618774,291560000,NVDA
2016-08-22,1.53275381820398,1.5366808761186472,1.514591511819855,1.534471869468689,244748000,NVDA
2016-08-23,1.5500855099369955,1.5569703775990622,1.5424629108830736,1.5468889474868774,339764000,NVDA
2016-08-24,1.552298594243971,1.5530362083902245,1.5159069329659607,1.5230376720428467,298448000,NVDA
2016-08-25,1.5235297920310267,1.5242674063031463,1.494023110661911,1.5129565000534058,406032000,NVDA
2016-08-26,1.5168905790283782,1.5338568773674361,1.5048419429695545,1.525250792503357,300024000,NVDA
2016-08-29,1.531398172984275,1.5375453099679355,1.5218084845209232,1.524267315864563,274652000,NVDA
2016-08-30,1.5223000593517733,1.5304144012138627,1.5112350264036314,1.5154151916503906,285544000,NVDA
2016-08-31,1.5183657577477245,1.5225458054012815,1.5038582921431158,1.5082842111587524,388544000,NVDA
2016-09-01,1.5095137566569634,1.5584456774995803,1.5082842825392786,1.5527902841567993,428492000,NVDA
2016-09-02,1.5559870862310063,1.557708303361296,1.5200872806573953,1.5375453233718872,323148000,NVDA
2016-09-06,1.542955263665243,1.5520530939102173,1.535086790717464,1.5520530939102173,306812000,NVDA
2016-09-07,1.5471345970318073,1.5547571949927625,1.5203327443692718,1.5291846990585327,397988000,NVDA
2016-09-08,1.527709683613212,1.54270901142826,1.5102516418106435,1.5402500629425049,315808000,NVDA
2016-09-09,1.523283650696419,1.53188973525855,1.4507463172467168,1.463532567024231,697760000,NVDA
2016-09-12,1.444107609619431,1.4967278475298356,1.409437158562436,1.4937771558761597,598260000,NVDA
2016-09-13,1.4900883023524625,1.5073005858409405,1.4637781930657612,1.4721384048461914,471768000,NVDA
2016-09-14,1.47558103500222,1.4900885011965546,1.4632866456547649,1.4851707220077515,319048000,NVDA
2016-09-15,1.4876298802477632,1.543200804651556,1.4841873288053937,1.5414795875549316,515212000,NVDA
2016-09-16,1.5468890207613921,1.555249234354075,1.5274637737596153,1.5451678037643433,902444000,NVDA
2016-09-19,1.5613962693004808,1.6046727940513361,1.554265530919253,1.565576434135437,417128000,NVDA
2016-09-20,1.583526566847884,1.583526566847884,1.5427089841488797,1.5513150691986084,331112000,NVDA
2016-09-21,1.5559870502363018,1.5977882377177022,1.5557411788303943,1.5948375463485718,336212000,NVDA
2016-09-22,1.60418157036573,1.6090993508661204,1.5896741003022083,1.5987719297409058,308732000,NVDA
2016-09-23,1.6007388510466563,1.6054106420293768,1.5899196889703469,1.597050428390503,276132000,NVDA
2016-09-26,1.5788547144221534,1.588444402637627,1.562134286520408,1.5820512771606445,230040000,NVDA
2016-09-27,1.5759041841155679,1.6386059710277767,1.5751665698309079,1.6361470222473145,402752000,NVDA
2016-09-28,1.63860580556222,1.6432777139740262,1.6211476461810748,1.6420482397079468,319788000,NVDA
2016-09-29,1.639343181702375,1.662456849001382,1.62409810166393,1.6572930812835693,336684000,NVDA
2016-09-30,1.6663911694053284,1.7013074861147193,1.6565556103532124,1.6848329305648804,429932000,NVDA
2016-10-03,1.6848325246019176,1.709175544977784,1.6801606175904986,1.6831111907958984,242596000,NVDA
2016-10-04,1.6855705860850212,1.713847789741322,1.6668829530780558,1.6794233322143555,281624000,NVDA
2016-10-05,1.6936853633889741,1.7108976551980057,1.6725388937517243,1.67770254611969,305440000,NVDA
2016-10-06,1.6575392024952602,1.6678665042588137,1.6292618824654979,1.655817985534668,360212000,NVDA
2016-10-07,1.6668831775766555,1.6713092150295348,1.6390977129680984,1.64376962184906,286260000,NVDA
2016-10-10,1.6523751218945595,1.6612271936600296,1.6344252242718496,1.6499162912368774,287876000,NVDA
2016-10-11,1.6445073761908362,1.6469662077548952,1.6135252308401073,1.6260656118392944,388540000,NVDA
2016-10-12,1.6194263199672863,1.6420481290424291,1.6059024556992094,1.6334420442581177,419920000,NVDA
2016-10-13,1.6142627574976405,1.6179510630001672,1.566314316968322,1.6068860292434692,390116000,NVDA
2016-10-14,1.6265573826546933,1.6376224180059447,1.6130335156971278,1.6226232051849365,330636000,NVDA
2016-10-17,1.622376449845972,1.6376215257968747,1.6110655492214085,1.6132785081863403,195328000,NVDA
2016-10-18,1.6356547297731847,1.6472115037600994,1.6290157344455762,1.6378676891326904,269372000,NVDA
2016-10-19,1.6268031576038768,1.642048239857645,1.6184428263930704,1.6344256401062012,199060000,NVDA
2016-10-20,1.6536053646588813,1.6708176562615262,1.6302459349294969,1.6654080152511597,312084000,NVDA
2016-10-21,1.6595063713202896,1.6636864196062466,1.644998903520843,1.660735845565796,279508000,NVDA
2016-10-24,1.6720465596629759,1.7406495966872488,1.6718005710426822,1.738682508468628,339836000,NVDA
2016-10-25,1.7357320666264064,1.7777791256110813,1.727371852560591,1.767205834388733,397460000,NVDA
2016-10-26,1.7524522634765616,1.7937617027899555,1.7507310466092623,1.7743364572525024,333792000,NVDA
2016-10-27,1.7878604889378613,1.7913029229961683,1.7308142210804152,1.7379449605941772,388664000,NVDA
2016-10-28,1.7463050766705002,1.7728610602800632,1.7317976107821755,1.7349941730499268,290856000,NVDA
2016-10-31,1.740649807811178,1.7613045297346759,1.739666204958014,1.7497477531433105,252388000,NVDA
2016-11-01,1.7561407479825468,1.76573043540363,1.679177377231153,1.6978650093078613,473224000,NVDA
2016-11-02,1.7108971255888197,1.7340106769853654,1.6877834569431645,1.6907341480255127,295848000,NVDA
2016-11-03,1.6986028964744142,1.7000782422570309,1.638605931228137,1.6710633039474487,309664000,NVDA
2016-11-04,1.6599978096474863,1.6899963425903755,1.6371301322213223,1.6614731550216675,328780000,NVDA
2016-11-07,1.7101595623721082,1.7635175267363237,1.7089300880920375,1.7524524927139282,487580000,NVDA
2016-11-08,1.7590914526273365,1.7647469638470723,1.7335190681853736,1.7497477531433105,429884000,NVDA
2016-11-09,1.7022906947440415,1.743354258493116,1.6897504352045496,1.720240592956543,456532000,NVDA
2016-11-10,1.757862097969507,1.7581079693708466,1.6415564831992848,1.6663912534713745,869280000,NVDA
2016-11-11,1.9550647343476006,2.1827580049192545,1.9302298535828928,2.1630868911743164,2175344000,NVDA
2016-11-14,2.166038125381929,2.168497073841809,2.0561257556054975,2.056617498397827,1348796000,NVDA
2016-11-15,2.072599419971623,2.150300380084593,2.0637473495225374,2.1193184852600098,626092000,NVDA
2016-11-16,2.147596537710146,2.275950555332797,2.1232535101094805,2.2530829906463623,987984000,NVDA
2016-11-17,2.2698032717026035,2.330783831085794,2.228985573023228,2.271770477294922,832988000,NVDA
2016-11-18,2.271770351596788,2.319472680964328,2.257262885338537,2.295621633529663,576060000,NVDA
2016-11-21,2.3135712448271484,2.319964368727947,2.2720158222228664,2.2862775325775146,436436000,NVDA
2016-11-22,2.2941459345550115,2.304964977354501,2.271524129066489,2.3027520179748535,330368000,NVDA
2016-11-23,2.3079243774522435,2.3456017310368176,2.2845300926463836,2.3140809535980225,443236000,NVDA
2016-11-25,2.325161182200956,2.3419066366960855,2.3002890050244607,2.318758487701416,195564000,NVDA
2016-11-28,2.311617791613449,2.333042155005901,2.304968737874744,2.317528009414673,278736000,NVDA
2016-11-29,2.314819739336495,2.325655220276857,2.2786200550817064,2.2963504791259766,444568000,NVDA
2016-11-30,2.3049681861314415,2.3187587693163314,2.268029685989779,2.2704923152923584,440500000,NVDA
2016-12-01,2.2680306093469653,2.269754403590708,2.0875239882970913,2.1581997871398926,1035524000,NVDA
2016-12-02,2.123969213679646,2.186764853396434,2.096142159430926,2.1781458854675293,478292000,NVDA
2016-12-05,2.2160692072122785,2.2805886365220336,2.1916897416438545,2.2626118659973145,602284000,NVDA
2016-12-06,2.27073892212742,2.3081701440007603,2.2549784200149245,2.299797296524048,498796000,NVDA
2016-12-07,2.2862533576644997,2.3468325029073456,2.2680302252812816,2.3411686420440674,480804000,NVDA
2016-12-08,2.3441240042338714,2.3793387230120433,2.291424987119524,2.302013874053955,381544000,NVDA
2016-12-09,2.319743842677057,2.3214676363048974,2.2338000484687153,2.261134624481201,382312000,NVDA
2016-12-12,2.2126223703710672,2.215085000418731,2.1557369314262704,2.2062196731567383,601332000,NVDA
2016-12-13,2.2185333523359945,2.2727100577897574,2.217548393917561,2.245129108428955,387796000,NVDA
2016-12-14,2.27886553760865,2.391405331471339,2.2549785436325194,2.375152349472046,983980000,NVDA
2016-12-15,2.3862334088059267,2.4610958470627207,2.378845754711902,2.4308061599731445,746548000,NVDA
2016-12-16,2.4583863021880252,2.4798106585895274,2.406672265576015,2.4726693630218506,1089528000,NVDA
2016-12-19,2.4551858133707114,2.522906489801455,2.437947639397064,2.502713441848755,744656000,NVDA
2016-12-20,2.5753589112696167,2.6135287273494283,2.564030957005395,2.589888095855713,848056000,NVDA
2016-12-21,2.6014629024423797,2.6090969147712464,2.553935269234529,2.6061418056488037,576136000,NVDA
2016-12-22,2.630521354088135,2.681004097844642,2.623379820603028,2.637662887573242,718612000,NVDA
2016-12-23,2.6196859382841367,2.704891158543826,2.6169771859675524,2.703413486480713,647692000,NVDA
2016-12-27,2.7595596566550897,2.8900759727649925,2.7388738967485207,2.8890910148620605,1194272000,NVDA
2016-12-28,2.945238332383251,2.953364824205012,2.6765716231925087,2.690361976623535,2295764000,NVDA
2016-12-29,2.583240153860452,2.7455238834489046,2.5315260887803857,2.744046211242676,2175368000,NVDA
2016-12-30,2.7420757581730837,2.756112467138603,2.6177157632723804,2.6285510063171387,1212932000,NVDA
2017-01-03,2.570927455936927,2.6194402934600385,2.447306262251479,2.5120720863342285,1501996000,NVDA
2017-01-04,2.5463004367596986,2.598014477471715,2.500250255520853,2.5706799030303955,1199220000,NVDA
2017-01-05,2.574128227404968,2.6058953557767706,2.4884305356087104,2.505422353744507,984296000,NVDA
2017-01-06,2.5327569134700934,2.5672330284627556,2.492124458408783,2.5389134883880615,822856000,NVDA
2017-01-09,2.5487639242401046,2.6595796959789495,2.5487639242401046,2.6418490409851074,916248000,NVDA
2017-01-10,2.6548999466556698,2.6888833389568987,2.6012157545785337,2.621901512145996,880920000,NVDA
2017-01-11,2.6103280487227205,2.6152530736855737,2.564770334857432,2.589642286300659,525664000,NVDA
2017-01-12,2.566740481063856,2.578314559782131,2.502467155788635,2.547286033630371,625616000,NVDA
2017-01-13,2.551226891223352,2.585703015982227,2.5379290144226365,2.5470407009124756,457820000,NVDA
2017-01-17,2.5364508920435815,2.5413759171939216,2.476610345173752,2.489908218383789,580612000,NVDA
2017-01-18,2.4684834796373702,2.542114367579101,2.4406564224381517,2.535219192504883,654424000,NVDA
2017-01-19,2.53817458944981,2.621655770531802,2.5359583164740607,2.589642286300659,644872000,NVDA
2017-01-20,2.612298148907688,2.6300288036621366,2.5394060834042795,2.5613229274749756,492024000,NVDA
2017-01-23,2.556151156841739,2.6078652064109096,2.553688527136232,2.587918281555176,369904000,NVDA
2017-01-24,2.598015467163241,2.6492370485007815,2.5832399206815104,2.643080472946167,428052000,NVDA
2017-01-25,2.685436991716824,2.6915935678797105,2.6184551339800644,2.6544086933135986,522760000,NVDA
2017-01-26,2.657116682028508,2.707599417804198,2.627565829490248,2.700211763381958,458800000,NVDA
2017-01-27,2.7071073946600213,2.7553738657213387,2.680511646382181,2.7524187564849854,471996000,NVDA
2017-01-30,2.73148660592703,2.7337028789279216,2.657363229767831,2.7093234062194824,496004000,NVDA
2017-01-31,2.682974110712364,2.7100623363803122,2.664504620414469,2.6886379718780518,362756000,NVDA
2017-02-01,2.7231128876763746,2.8102879867418133,2.7053824744872688,2.8061017990112305,590004000,NVDA
2017-02-02,2.7900962352529155,2.8501831460499534,2.7595604181916995,2.8415639400482178,483240000,NVDA
2017-02-03,2.8430410205312056,2.854122619663753,2.804871198435376,2.8166913986206055,372744000,NVDA
2017-02-06,2.807333471356001,2.8893372074333343,2.807333471356001,2.8888447284698486,506768000,NVDA
2017-02-07,2.923075674729594,2.9777448544151137,2.903375099058158,2.9336647987365723,746224000,NVDA
2017-02-08,2.9156870014808316,2.9380963221716416,2.8659428656237522,2.920858383178711,449580000,NVDA
2017-02-09,2.9270143271620377,2.9319395861223514,2.846734625812673,2.8659424781799316,842568000,NVDA
2017-02-10,2.9533642917420075,2.972326024291052,2.7728577100279783,2.797976016998291,1651092000,NVDA
2017-02-13,2.7923122515689043,2.806841440131201,2.66450466360983,2.6689374446868896,1180724000,NVDA
2017-02-14,2.659332313010997,2.7125240226208978,2.617468556640418,2.6787867546081543,850632000,NVDA
2017-02-15,2.681742421991077,2.7039053845312697,2.6536690073178244,2.6842048168182373,373020000,NVDA
2017-02-16,2.693808706538544,2.6950400212524057,2.6019546955580246,2.6411097049713135,647176000,NVDA
2017-02-17,2.6275651437714855,2.6450494347256877,2.5805300079909426,2.6406166553497314,563740000,NVDA
2017-02-21,2.6652429629674677,2.7391202059340043,2.6649966060713837,2.735180139541626,551952000,NVDA
2017-02-22,2.7472624740568654,2.7566320904268933,2.712003078738976,2.7309889793395996,433772000,NVDA
2017-02-23,2.601293662991342,2.623238163170763,2.457791074465518,2.4777629375457764,1592888000,NVDA
2017-02-24,2.393436926616721,2.514995029507312,2.3596570700919877,2.501680374145508,1029904000,NVDA
2017-02-27,2.519926342641819,2.5894584533933114,2.5041459504158925,2.57441782951355,715400000,NVDA
2017-02-28,2.584034484044283,2.593897437253338,2.484914202779895,2.502173900604248,625360000,NVDA
2017-03-01,2.5591300866397257,2.5734311747977947,2.493049926292389,2.534473419189453,504804000,NVDA
2017-03-02,2.5216529702451873,2.535707396762479,2.4383128475757117,2.4410250186920166,754332000,NVDA
2017-03-03,2.4304221822791034,2.4353534226811244,2.372478520321904,2.4269702434539795,864692000,NVDA
2017-03-06,2.3907248946443334,2.41883374378547,2.3465892186287927,2.408231258392334,883568000,NVDA
2017-03-07,2.4082301190817503,2.4540917429893123,2.395408569589691,2.43461275100708,603400000,NVDA
2017-03-08,2.482941305616891,2.4977354987385874,2.4279567110681763,2.43017578125,638712000,NVDA
2017-03-09,2.4141487679898432,2.4521200963053884,2.4015736460201955,2.429682493209839,478060000,NVDA
2017-03-10,2.4560653376858927,2.4679004559642,2.4257374208961475,2.443983316421509,499740000,NVDA
2017-03-13,2.454339751784692,2.5211597052129413,2.453599983293661,2.5112969875335693,774136000,NVDA
2017-03-14,2.5241188417871245,2.5334882248139032,2.477270750924404,2.5095713138580322,522016000,NVDA
2017-03-15,2.521160081571732,2.5394059826721627,2.4735722206404644,2.528557062149048,615036000,NVDA
2017-03-16,2.5391587529260926,2.5601170539383644,2.52510432963847,2.5596237182617188,523100000,NVDA
2017-03-17,2.5771305780682443,2.616581685056258,2.559624212537732,2.6153488159179688,1119688000,NVDA
2017-03-20,2.632854760257934,2.702633543331177,2.616827699169849,2.698688268661499,748568000,NVDA
2017-03-21,2.6814279461252783,2.7112627561365596,2.6035124343956006,2.6114025115966797,913484000,NVDA
2017-03-22,2.600308142679572,2.6693474085715985,2.5963631022375098,2.6646625995635986,616764000,NVDA
2017-03-23,2.656770695490428,2.676742788812396,2.6308811626153044,2.6404972076416016,533940000,NVDA
2017-03-24,2.6868528939057086,2.694742972201354,2.6239779947807866,2.649867534637451,439500000,NVDA
2017-03-27,2.603266536955835,2.6730453243443573,2.5539529519922666,2.669100284576416,506644000,NVDA
2017-03-28,2.6703331366689587,2.6848806617769374,2.644936693481473,2.655292510986328,432444000,NVDA
2017-03-29,2.662689059501374,2.675017512457791,2.6444431654599048,2.6466622352600098,349992000,NVDA
2017-03-30,2.653813536866218,2.7122503175500228,2.6481425263365828,2.697456121444702,525532000,NVDA
2017-03-31,2.687839708748993,2.7095377817359005,2.6727990819003176,2.6858670711517334,440808000,NVDA
2017-04-03,2.6863595281420984,2.7036192196755744,2.648634404275748,2.672305107116699,445232000,NVDA
2017-04-04,2.549514457192124,2.5746644643279857,2.474064670930227,2.4849135875701904,1271280000,NVDA
2017-04-05,2.466173982692195,2.524117633918473,2.453352430817463,2.4664206504821777,747048000,NVDA
2017-04-06,2.4715994582397514,2.4965028028379663,2.4264773424488473,2.4844210147857666,635120000,NVDA
2017-04-07,2.4908322852554723,2.5083386538120687,2.458778387556478,2.4738190174102783,429068000,NVDA
2017-04-10,2.474557603450188,2.4812148125912907,2.40650479973788,2.410696506500244,756332000,NVDA
2017-04-11,2.380615214082827,2.4385588747554636,2.3756839737901276,2.4193265438079834,618148000,NVDA
2017-04-12,2.4193270380649654,2.433627896495652,2.3941770255116652,2.399354934692383,414092000,NVDA
2017-04-13,2.3751911832368933,2.396889019589436,2.3544793128967285,2.3544793128967285,506892000,NVDA
2017-04-17,2.367300967814718,2.4469424757415257,2.3621230587989563,2.4466960430145264,497292000,NVDA
2017-04-18,2.4323943241814665,2.454339058817344,2.406504785762517,2.4481747150421143,370116000,NVDA
2017-04-19,2.4656811681667965,2.489844738269566,2.4511336455122814,2.4577910900115967,380828000,NVDA
2017-04-20,2.472338449526173,2.501433492915335,2.4511334837715757,2.496748685836792,404016000,NVDA
2017-04-21,2.4863930052822307,2.5098170441575296,2.47455788707079,2.5071048736572266,341896000,NVDA
2017-04-24,2.5386654409499294,2.551486995457035,2.517707374887696,2.538419008255005,371820000,NVDA
2017-04-25,2.552966667190996,2.597102341923252,2.5315152643133234,2.582554817199707,388440000,NVDA
2017-04-26,2.5961162911606848,2.598581794111588,2.5628295322933545,2.5648021697998047,327004000,NVDA
2017-04-27,2.5721993487676835,2.613129522681103,2.5541998825262846,2.6047463417053223,319700000,NVDA
2017-04-28,2.5978420282823707,2.604745906218431,2.566034574032472,2.5717058181762695,348248000,NVDA
2017-05-01,2.582554324193687,2.6345803034173407,2.575403779550921,2.6294021606445312,307732000,NVDA
2017-05-02,2.602527240174056,2.603760109303401,2.5288031711719876,2.551487445831299,629972000,NVDA
2017-05-03,2.5445834142499137,2.580089243550584,2.529789455876309,2.5704731941223145,336904000,NVDA
2017-05-04,2.5766373605397486,2.587732947135197,2.552720217662704,2.56061053276062,209788000,NVDA
2017-05-05,2.549021225267428,2.568006887194975,2.533487266726486,2.560856342315674,228428000,NVDA
2017-05-08,2.5726919422869488,2.5741712438808233,2.522638593602529,2.5339808464050293,365240000,NVDA
2017-05-09,2.539652258837496,2.587239877282431,2.531268843036143,2.538172721862793,847672000,NVDA
2017-05-10,2.818026579335899,3.0036924086865953,2.8113693709350223,2.990624189376831,2129096000,NVDA
2017-05-11,2.960050647498926,3.2159884116789885,2.9565987084732877,3.119086980819702,1939792000,NVDA
2017-05-12,3.122292203160472,3.1955229195883312,3.101333903062861,3.1533596515655518,962620000,NVDA
2017-05-15,3.1945360651081427,3.3141214969998423,3.190097691139821,3.3116557598114014,1087540000,NVDA
2017-05-16,3.3626961605026904,3.3888326051798145,3.288232806481456,3.3732986450195312,1120700000,NVDA
2017-05-17,3.306479106762389,3.32521834026824,3.144977022001207,3.1491687297821045,1271368000,NVDA
2017-05-18,3.193057012142317,3.289958429036576,3.132647852753852,3.2810819149017334,1156032000,NVDA
2017-05-19,3.3822814402707335,3.411653821110822,3.33760566767575,3.356858253479004,1018372000,NVDA
2017-05-22,3.400547139244241,3.4427545816658585,3.3896865602427098,3.428438663482666,836608000,NVDA
2017-05-23,3.4481851030504123,3.4504065103704042,3.3497007502526044,3.382282018661499,681248000,NVDA
2017-05-24,3.479285268818402,3.482000531442211,3.4081988223715887,3.4202935695648193,815996000,NVDA
2017-05-25,3.455589996476661,3.456330544074336,3.367719292605427,3.412642002105713,608228000,NVDA
2017-05-26,3.404496258857719,3.5859146262382837,3.3842564317356194,3.5010058879852295,779140000,NVDA
2017-05-30,3.54691640860263,3.61084478262804,3.530872700874734,3.5757954120635986,989652000,NVDA
2017-05-31,3.620716953837603,3.6283686496116174,3.5061889156233286,3.5629594326019287,887316000,NVDA
2017-06-01,3.5787565193642243,3.579743994493723,3.517790110880338,3.563206434249878,503340000,NVDA
2017-06-02,3.560244010609572,3.5864077433172987,3.539510566521937,3.5454344749450684,487456000,NVDA
2017-06-05,3.5291446198367225,3.6661339141001066,3.5175437280399082,3.653298854827881,817376000,NVDA
2017-06-06,3.6486087714552715,3.694765642068078,3.6234325105695175,3.63676118850708,758728000,NVDA
2017-06-07,3.6611976820184116,3.699455934297944,3.645647594676547,3.680696964263916,612612000,NVDA
2017-06-08,3.787820015530549,3.9492454948072333,3.7465998108740264,3.9477646350860596,1161744000,NVDA
2017-06-09,4.06624150169554,4.159048621071574,3.5234668329465664,3.6925439834594727,3692928000,NVDA
2017-06-12,3.600724402102928,3.744378142342247,3.507670347403907,3.701676845550537,1697532000,NVDA
2017-06-13,3.811020957196211,3.820153747336484,3.5950466419000247,3.7369728088378906,1672504000,NVDA
2017-06-14,3.7399354205405553,3.802629618386425,3.665393403885584,3.7448718547821045,1184640000,NVDA
2017-06-15,3.6273820399125714,3.791275620010038,3.6160278403876838,3.760915994644165,963824000,NVDA
2017-06-16,3.770541718900664,3.81842637541501,3.7083411451138577,3.742403268814087,924960000,NVDA
2017-06-19,3.786585404414543,3.8882786259416813,3.7828831378486933,3.8830952644348145,778176000,NVDA
2017-06-20,3.925303180150317,3.9921935033983718,3.873222631142318,3.8774185180664062,1095444000,NVDA
2017-06-21,3.9050630168780067,3.9398656891180552,3.843109133423435,3.9361631870269775,682652000,NVDA
2017-06-22,3.944308370154155,3.9576372830747117,3.8850697510569243,3.9090120792388916,469132000,NVDA
2017-06-23,3.9166636492813636,3.932460660943958,3.781895548011734,3.796952247619629,1088588000,NVDA
2017-06-26,3.829780381112145,3.865323600159204,3.6611970771122415,3.7554852962493896,1063960000,NVDA
2017-06-27,3.7379605116248737,3.7465994476442868,3.6123251948139403,3.61800217628479,999492000,NVDA
2017-06-28,3.685632743215561,3.750301647426116,3.5975151321326035,3.7456119060516357,994948000,NVDA
2017-06-29,3.717227078382043,3.7201887975477743,3.556295234042989,3.6204705238342285,1064424000,NVDA
2017-06-30,3.637748960646314,3.6513245682001023,3.541979866346891,3.568143606185913,731060000,NVDA
2017-07-03,3.5802372534566467,3.5950467895793357,3.4205395902627656,3.439051628112793,709072000,NVDA
2017-07-05,3.502486491319689,3.5597506293901833,3.4834808329655487,3.530871868133545,820188000,NVDA
2017-07-06,3.5017466769585623,3.5883832084352996,3.449665892855239,3.5414857864379883,746284000,NVDA
2017-07-07,3.5982553743971706,3.6407097353800637,3.575300289290965,3.6224443912506104,654972000,NVDA
2017-07-10,3.696000279646235,3.8011488569280885,3.669836540307806,3.7937440872192383,958492000,NVDA
2017-07-11,3.7974459975910055,3.8552037572573274,3.7554852501286358,3.8475520610809326,757956000,NVDA
2017-07-12,3.90728366709906,4.023292552093915,3.8643356868927388,4.011198043823242,1145208000,NVDA
2017-07-13,4.023293667939867,4.104746837609256,3.918392022579218,3.9647955894470215,1369132000,NVDA
2017-07-14,3.9810861695600277,4.072906062238126,3.974175020153437,4.071425437927246,941948000,NVDA
2017-07-17,4.105486515687816,4.134365510432065,3.992439341908543,4.0541462898254395,930792000,NVDA
2017-07-18,3.9931801703744516,4.1109173290578065,3.9813323526820366,4.0963544845581055,776640000,NVDA
2017-07-19,4.1054867452455035,4.131897407055427,4.063032615046507,4.075127124786377,687044000,NVDA
2017-07-20,4.095613696570663,4.134612250832255,4.0457545649310775,4.134365558624268,699596000,NVDA
2017-07-21,4.1138793512517235,4.178795190334689,4.0995631979194975,4.149175643920898,648332000,NVDA
2017-07-24,4.1563343227689025,4.1659604996578565,4.090431238120775,4.101044654846191,652524000,NVDA
2017-07-25,4.078088992341296,4.095614027042287,4.037609339992196,4.081297874450684,496556000,NVDA
2017-07-26,4.138807577117208,4.194343914376975,4.093637960041056,4.128440856933594,640404000,NVDA
2017-07-27,4.153371762981916,4.164972889298499,3.8890191357259996,3.9921932220458984,782856000,NVDA
2017-07-28,3.956403965005867,4.08203954934704,3.9314746256825965,4.057603359222412,513348000,NVDA
2017-07-31,4.071177200798729,4.107214033421808,3.9645477976363614,4.011198043823242,559672000,NVDA
2017-08-01,4.001818196248784,4.06179734774254,3.9739269162759743,4.060069561004639,431384000,NVDA
2017-08-02,4.091172342955125,4.095121302838862,3.9805934628344675,4.057603359222412,478444000,NVDA
2017-08-03,4.057108263021993,4.112891299534103,4.040077086044703,4.109189033508301,442420000,NVDA
2017-08-04,4.131898216728335,4.197801302664501,4.109190287685617,4.127208709716797,589096000,NVDA
2017-08-07,4.156333644870676,4.254570818984175,4.146706998765068,4.254077434539795,717412000,NVDA
2017-08-08,4.292088860545572,4.3086261847999285,4.164232138983174,4.20347785949707,755336000,NVDA
2017-08-09,4.157320108647277,4.250621066970394,4.138561145954875,4.248152732849121,530784000,NVDA
2017-08-10,4.249388652795477,4.261730329176486,4.056122661458354,4.066242694854736,1328088000,NVDA
2017-08-11,3.87865281473805,3.924562763321472,3.774244785592866,3.84952712059021,1497196000,NVDA
2017-08-14,3.941099277453114,4.16028223746726,3.929498388410841,4.156579971313477,1279020000,NVDA
2017-08-15,4.161762527028934,4.187926018817087,4.087220538468147,4.121529579162598,764532000,NVDA
2017-08-16,4.136586540667119,4.160035007923356,4.044026132485258,4.07636022567749,596632000,NVDA
2017-08-17,4.067968607540246,4.084999312758989,3.9833065826558847,3.985527753829956,525444000,NVDA
2017-08-18,4.03983086869939,4.056862047678545,3.940359057008289,3.986268997192383,601204000,NVDA
2017-08-21,4.010705982383172,4.022059947045532,3.884330098934856,3.928265333175659,623672000,NVDA
2017-08-22,3.964827316852518,4.0216475847857405,3.945557779368937,4.015718460083008,450456000,NVDA
2017-08-23,3.9823673017681447,4.107124872522273,3.973720289584098,4.096007823944092,579520000,NVDA
2017-08-24,4.128125403029625,4.132572601493176,4.054506315685935,4.080939769744873,469700000,NVDA
2017-08-25,4.105150022756562,4.11527896591181,4.040423927316598,4.046847343444824,357200000,NVDA
2017-08-28,4.065868698780349,4.078715056545875,4.010283451602476,4.075503349304199,389496000,NVDA
2017-08-29,4.0167081291021915,4.090574591680294,4.008555403725338,4.06883430480957,324096000,NVDA
2017-08-30,4.088596607443365,4.104160853579683,4.0582102570273095,4.093043804168701,384400000,NVDA
2017-08-31,4.113300278212827,4.189884117175052,4.105889227759074,4.18593168258667,612684000,NVDA
2017-09-01,4.198532594072303,4.246706323647156,4.189885580188464,4.211131572723389,445432000,NVDA
2017-09-05,4.159746364821523,4.164687381255728,4.04067097868552,4.098726272583008,695364000,NVDA
2017-09-06,4.1315826609190855,4.145417126803286,4.061421751476795,4.096254825592041,397672000,NVDA
2017-09-07,4.113055122051129,4.147641295447271,4.075010331315374,4.115278720855713,352868000,NVDA
2017-09-08,4.103665994352666,4.118488567777649,4.019670626275912,4.043880939483643,498856000,NVDA
2017-09-11,4.089584878587986,4.185685409338567,4.084149573401331,4.17506217956543,567444000,NVDA
2017-09-12,4.19976726883674,4.19976726883674,4.124912717795177,4.1901326179504395,411488000,NVDA
2017-09-13,4.164934172556755,4.23781251368928,4.132571599593752,4.208908557891846,580960000,NVDA
2017-09-14,4.169874673196361,4.263010886896249,4.145417446607477,4.1849446296691895,513712000,NVDA
2017-09-15,4.270420465813453,4.449528217315674,4.265232542496617,4.449528217315674,1364792000,NVDA
2017-09-18,4.5737940842629525,4.723503673862385,4.566876849929093,4.633331775665283,1684460000,NVDA
2017-09-19,4.58293448008823,4.69015207323598,4.560947289509564,4.628390789031982,874280000,NVDA
2017-09-20,4.632096448835762,4.67952897699628,4.550818479622288,4.5910868644714355,724920000,NVDA
2017-09-21,4.48732742430737,4.513514429282278,4.387768271682297,4.465587615966797,1075600000,NVDA
2017-09-22,4.45422382704277,4.503879950540513,4.412226136438774,4.422107696533203,491232000,NVDA
2017-09-25,4.391227329193932,4.392462818783473,4.203720344325838,4.2244720458984375,874580000,NVDA
2017-09-26,4.359110143046139,4.414201085197903,4.208412507519705,4.2481865882873535,1125620000,NVDA
2017-09-27,4.338605958860897,4.354664021722817,4.2677038556038775,4.341323375701904,713720000,NVDA
2017-09-28,4.348488482909472,4.352441389956523,4.292656321376752,4.340089321136475,435244000,NVDA
2017-09-29,4.424084615084365,4.440142209971211,4.378875214843203,4.416426181793213,619092000,NVDA
2017-10-02,4.466575894961104,4.495727227601511,4.3726989536586816,4.422107696533203,503480000,NVDA
2017-10-03,4.428283866895473,4.461141197884425,4.387027374487955,4.431248664855957,390332000,NVDA
2017-10-04,4.437425417656295,4.4905401681053965,4.400862554496504,4.468306064605713,427848000,NVDA
2017-10-05,4.492763302297276,4.496221919319482,4.435942559673739,4.465835094451904,437364000,NVDA
2017-10-06,4.438165886901295,4.492268737526768,4.42210782119383,4.478928089141846,318800000,NVDA
2017-10-09,4.515737147732425,4.6130731644327705,4.496961667646053,4.5799689292907715,563492000,NVDA
2017-10-10,4.729183560446871,4.766734515620653,4.6261658142774476,4.667422294616699,974876000,NVDA
2017-10-11,4.683975400037437,4.718562038369327,4.638025273878244,4.7170796394348145,529508000,NVDA
2017-10-12,4.720538149386886,4.770194271759322,4.692128016857599,4.719303131103516,528292000,NVDA
2017-10-13,4.781559209630894,4.817380872798987,4.734620966032641,4.807251930236816,628728000,NVDA
2017-10-16,4.837143384132633,4.892728629837149,4.773899705855443,4.889763832092285,576640000,NVDA
2017-10-17,4.869012350868152,4.913727458847176,4.85073115835991,4.885317325592041,478596000,NVDA
2017-10-18,4.894210603966962,4.894951332137726,4.775875980279424,4.88111686706543,567316000,NVDA
2017-10-19,4.803544131974498,4.89149192316755,4.7543823128166025,4.886551380157471,570772000,NVDA
2017-10-20,4.903597680129109,4.930772316612992,4.855423497087323,4.864317417144775,451620000,NVDA
2017-10-23,4.886058413022966,4.912492327887612,4.837143489972931,4.857401371002197,428696000,NVDA
2017-10-24,4.8665419878409555,4.9100220787988045,4.840602361645024,4.908292770385742,407244000,NVDA
2017-10-25,4.868765684317784,4.921633517896593,4.722762103989005,4.784276008605957,828160000,NVDA
2017-10-26,4.811944918704698,4.846036794074794,4.787981512340976,4.834425926208496,322744000,NVDA
2017-10-27,4.886553702006832,4.987100985853059,4.860613600673474,4.986854076385498,572192000,NVDA
2017-10-30,4.986853108517952,5.0913528083685415,4.971041952838556,5.035768032073975,504056000,NVDA
2017-10-31,5.067636994221044,5.135821221795055,5.0619547789227095,5.109140396118164,411908000,NVDA
2017-11-01,5.171890594772702,5.187207463440395,5.0545440426778105,5.118775844573975,502576000,NVDA
2017-11-02,5.089129837014909,5.133844945800292,5.031074079941591,5.087647438049316,342308000,NVDA
2017-11-03,5.118775045454971,5.155584812164307,5.072824917826681,5.155584812164307,353640000,NVDA
2017-11-06,5.1187757516075,5.187454278695054,5.106423681590806,5.178807735443115,389944000,NVDA
2017-11-07,5.201535282518944,5.25959103879726,5.189430123935168,5.238097667694092,427700000,NVDA
2017-11-08,5.233649745598894,5.237355742114901,5.119762328697105,5.167194843292236,522988000,NVDA
2017-11-09,5.071094503097845,5.097281032992229,4.9500424694778555,5.072329521179199,978564000,NVDA
2017-11-10,5.264037246027529,5.402135463733808,5.228215592651567,5.339632987976074,1253256000,NVDA
2017-11-13,5.3396329405273395,5.365078273283198,5.237603286503175,5.252920150756836,582376000,NVDA
2017-11-14,5.2620598024361085,5.3065279904275755,5.218332813737976,5.291211128234863,529292000,NVDA
2017-11-15,5.236121764681548,5.237357254277296,5.133598274691764,5.187453746795654,501948000,NVDA
2017-11-16,5.261566649500042,5.291706087770025,5.218827764051205,5.227721214294434,441768000,NVDA
2017-11-17,5.284789859200453,5.320117228691367,5.206476686698081,5.221546173095703,515664000,NVDA
2017-11-20,5.237108783386629,5.300846745384006,5.200299023036559,5.288741588592529,396100000,NVDA
2017-11-21,5.328516997821582,5.349021790880776,5.296648244513089,5.3374104499816895,399176000,NVDA
2017-11-22,5.364604845726202,5.364604845726202,5.2807981754865265,5.3134307861328125,356640000,NVDA
2017-11-24,5.329747499893531,5.364605256835053,5.305272804268917,5.363615989685059,180752000,NVDA
2017-11-27,5.3722685480146595,5.373504424552337,5.290686550669087,5.293900489807129,422896000,NVDA
2017-11-28,5.299092009792155,5.308486274657715,5.148042528939202,5.209105014801025,512752000,NVDA
2017-11-29,5.191799523116271,5.194518828512013,4.727526340591868,4.855832099914551,1396788000,NVDA
2017-11-30,4.924558332358532,5.010589667152647,4.861518260215559,4.961887836456299,823768000,NVDA
2017-12-01,4.927277851021323,4.947549809155839,4.7581815604906845,4.88698148727417,811548000,NVDA
2017-12-04,4.945570644202645,4.95175143988543,4.561149012075899,4.6145477294921875,1240844000,NVDA
2017-12-05,4.509234357414842,4.763867830148602,4.464241096150372,4.6412482261657715,981488000,NVDA
2017-12-06,4.590815037919522,4.700579336849954,4.5695542877198765,4.678824424743652,467032000,NVDA
2017-12-07,4.7455723344184895,4.786116241951885,4.700084450441946,4.74631404876709,542600000,NVDA
2017-12-08,4.7962527901116925,4.815288871788571,4.725548960552822,4.733954429626465,466876000,NVDA
2017-12-11,4.748045244567887,4.8152885207259875,4.732223574606322,4.812321662902832,372748000,NVDA
2017-12-12,4.768811991788607,4.792050335544757,4.694399592654997,4.7178850173950195,455016000,NVDA
2017-12-13,4.75892212827652,4.760158004473663,4.5952644882047915,4.6026811599731445,554280000,NVDA
2017-12-14,4.596254836752093,4.680803225981473,4.563622224388892,4.609851837158203,438164000,NVDA
2017-12-15,4.653855800100561,4.755956350678538,4.588837670049454,4.735684394836426,670036000,NVDA
2017-12-18,4.776228569287417,4.895387155363427,4.746562816916544,4.892420768737793,477704000,NVDA
2017-12-19,4.883025644275852,4.888217173603362,4.819738025449358,4.848167896270752,373100000,NVDA
2017-12-20,4.887474858485402,4.89662156816002,4.809601456615475,4.865225315093994,288820000,NVDA
2017-12-21,4.868688175419352,4.89365703306271,4.834325052090789,4.842730522155762,300904000,NVDA
2017-12-22,4.805893806940852,4.836795901043944,4.72802039777307,4.827401638031006,466276000,NVDA
2017-12-26,4.772025135062332,4.8887114794144155,4.742111834544471,4.88104772567749,355080000,NVDA
2017-12-27,4.867697995878677,4.943593342851408,4.853112203687597,4.874372482299805,329488000,NVDA
2017-12-28,4.898106056099769,4.9290081539900426,4.873878916976199,4.880059242248535,240248000,NVDA
2017-12-29,4.90626573509298,4.90626573509298,4.783646106719971,4.783646106719971,279964000,NVDA
2018-01-02,4.840009108801232,4.9319741433273965,4.808365773535016,4.928265571594238,355616000,NVDA
2018-01-03,5.04569409396009,5.283022431580959,5.037041544979342,5.252614498138428,914704000,NVDA
2018-01-04,5.333948798451929,5.390561458402305,5.2580529787285135,5.28030252456665,583268000,NVDA
2018-01-05,5.295137522253876,5.362380342670096,5.218252883177355,5.3250508308410645,580124000,NVDA
2018-01-08,5.448656992429337,5.562376462665713,5.403663271892022,5.488211631774902,881216000,NVDA
2018-01-09,5.493651661986156,5.53320631155976,5.405148098200573,5.486729621887207,497000000,NVDA
2018-01-10,5.394271149905821,5.533207076130742,5.339883617109075,5.529746055603027,582664000,NVDA
2018-01-11,5.562377460431114,5.593774190913666,5.518125446278881,5.539633750915527,406032000,NVDA
2018-01-12,5.527767235721763,5.562130352331942,5.471896286108399,5.512439727783203,359916000,NVDA
2018-01-16,5.538890466591612,5.624427141300367,5.3569389559224625,5.441486835479736,702348000,NVDA
2018-01-17,5.456074430360988,5.565344110977287,5.362132258485765,5.555455684661865,538408000,NVDA
2018-01-18,5.536172317788228,5.602920961181686,5.505023139482716,5.5485334396362305,408632000,NVDA
2018-01-19,5.638766790715722,5.7129316262650836,5.611820350109823,5.688704490661621,609380000,NVDA
2018-01-22,5.696616081971822,5.778939315000226,5.63901462125564,5.7772088050842285,550944000,NVDA
2018-01-23,5.830607924745259,5.929000387141968,5.812066947907038,5.906256675720215,475228000,NVDA
2018-01-24,5.9094685723917335,5.945315111556883,5.773746639871391,5.829370498657227,579972000,NVDA
2018-01-25,5.883759466256507,5.927022687812408,5.828136065229593,5.842968940734863,409884000,NVDA
2018-01-26,5.886726367645368,6.015773375702054,5.87387108303846,6.015526294708252,516356000,NVDA
2018-01-29,6.00093935199318,6.13369490720129,5.948282347142214,6.102545261383057,455116000,NVDA
2018-01-30,5.96064269155992,6.091914811329977,5.89389406017952,6.000444412231445,570832000,NVDA
2018-01-31,6.075847869742229,6.162373853434625,6.043215256146576,6.076589584350586,478576000,NVDA
2018-02-01,5.896614405666831,6.103782374746491,5.885242550829288,5.945563316345215,519224000,NVDA
2018-02-02,5.859037766125038,5.883017823518851,5.714910340786968,5.773005962371826,718464000,NVDA
2018-02-05,5.611821184350919,5.765837040825689,5.0679440710422625,5.283022880554199,1165204000,NVDA
2018-02-06,5.053109964207849,5.579681378190461,5.043221068926663,5.576714992523193,1114800000,NVDA
2018-02-07,5.675602779461113,5.808852512114168,5.604404321683094,5.656319618225098,802932000,NVDA
2018-02-08,5.781906606178712,5.815033378045082,5.377212450372198,5.37746000289917,1144000000,NVDA
2018-02-09,5.889939618088343,5.905761287357009,5.37745927526838,5.7374067306518555,1674604000,NVDA
2018-02-12,5.818493150673497,5.821460008132088,5.563118490129852,5.6372833251953125,1093172000,NVDA
2018-02-13,5.600943078650049,5.797233345312291,5.568557554081794,5.751003742218018,625524000,NVDA
2018-02-14,5.710708570582896,5.997232959743334,5.69958379494978,5.968308448791504,744988000,NVDA
2018-02-15,6.051618628517798,6.140122172799909,5.970778837160471,6.093892574310303,698900000,NVDA
2018-02-16,6.066701158630165,6.180420672673594,6.0189881148811955,6.028135299682617,637656000,NVDA
2018-02-20,6.0506302700600525,6.226648576040035,6.046921698036113,6.157675266265869,686240000,NVDA
2018-02-21,6.222199492266209,6.22912153215286,5.9668243163662575,5.970532417297363,892292000,NVDA
2018-02-22,6.004422736254703,6.076159916939098,5.924522097205232,5.99007511138916,534364000,NVDA
2018-02-23,6.049938197992208,6.083580493927002,5.99922728365795,6.083580493927002,415300000,NVDA
2018-02-26,6.12983904616464,6.134291626814092,6.037322375181566,6.0996599197387695,469312000,NVDA
2018-02-27,6.072944557152353,6.15729825704066,6.063792159718406,6.086797714233398,455436000,NVDA
2018-02-28,6.097679799344355,6.1372590225719925,5.974736784113579,5.986363410949707,523116000,NVDA
2018-03-01,5.984137927134577,6.038064781515423,5.643014183931714,5.7441887855529785,1040120000,NVDA
2018-03-02,5.636582230098282,5.8577316352340345,5.487912648839647,5.85129976272583,913428000,NVDA
2018-03-05,5.801082934384353,5.868862461194918,5.67764497674849,5.829283237457275,620776000,NVDA
2018-03-06,5.914626352576446,6.0096167807084235,5.871583954901183,5.990321636199951,636808000,NVDA
2018-03-07,5.887416176470867,6.034601887566719,5.886179531894835,5.9824066162109375,581208000,NVDA
2018-03-08,6.009864286952542,6.009864286952542,5.921800195990279,5.9660797119140625,411912000,NVDA
2018-03-09,6.013574965861866,6.081601739121654,5.997496227771388,6.06873893737793,505524000,NVDA
2018-03-12,6.110048794961251,6.2584706508537735,6.101885338103513,6.178322792053223,605060000,NVDA
2018-03-13,6.2211181886825155,6.295576825782928,6.086301302729314,6.127612113952637,619772000,NVDA
2018-03-14,6.170654039390379,6.197864932110579,6.0907534181582,6.153090953826904,505496000,NVDA
2018-03-15,6.166696819670506,6.249070735097421,6.125880477813714,6.167933464050293,401952000,NVDA
2018-03-16,6.184261655515845,6.215182963793425,6.146661238962244,6.196135520935059,399456000,NVDA
2018-03-19,6.139238572709406,6.168180580127958,5.862678467454943,5.9616265296936035,713772000,NVDA
2018-03-20,5.964594575809371,6.212707135028757,5.964594575809371,6.173870086669922,554696000,NVDA
2018-03-21,6.167439412804749,6.23373507357065,6.1182128440574095,6.148639678955078,438688000,NVDA
2018-03-22,6.085311601035697,6.131817165746001,5.945299966079538,5.98265266418457,551196000,NVDA
2018-03-23,5.996258584660206,5.998732345338732,5.75185688020973,5.762988567352295,735620000,NVDA
2018-03-26,5.887414715693695,6.048947539807527,5.8354671635996045,6.04771089553833,611424000,NVDA
2018-03-27,6.128602015284877,6.184260453732798,5.438438793995544,5.578697681427002,1409000000,NVDA
2018-03-28,5.544313401106364,5.674430015326414,5.367938449142277,5.475544452667236,945904000,NVDA
2018-03-29,5.543818906172546,5.825573829805033,5.459465682004875,5.728852272033691,916628000,NVDA
2018-04-02,5.6583515525170665,5.804547383696589,5.380307043444752,5.468123435974121,922092000,NVDA
2018-04-03,5.635097451831041,5.6981766914158465,5.4755434427697205,5.574491500854492,667432000,NVDA
2018-04-04,5.3187112502757286,5.606898015277474,5.293726879443016,5.596508502960205,789168000,NVDA
2018-04-05,5.654886897744761,5.667997402999201,5.404795529024068,5.476285457611084,701240000,NVDA
2018-04-06,5.373626039455656,5.481726950993578,5.270719882651327,5.299909591674805,662988000,NVDA
2018-04-09,5.362991080732623,5.490881644087578,5.308569283326123,5.328606605529785,499524000,NVDA
2018-04-10,5.558909006710869,5.664783439018401,5.501766207757249,5.637820243835449,761676000,NVDA
2018-04-11,5.622977224644422,5.664288039378789,5.5638556151568945,5.596508502960205,460244000,NVDA
2018-04-12,5.689518346483145,5.82111927762748,5.64523884014969,5.803308486938477,593920000,NVDA
2018-04-13,5.866883361640991,5.875294053120208,5.678387337811307,5.726624488830566,503036000,NVDA
2018-04-16,5.733304783081678,5.759773507364102,5.632130173502592,5.726378440856934,350792000,NVDA
2018-04-17,5.778574331982905,5.897312044382676,5.722915881851223,5.876038074493408,447224000,NVDA
2018-04-18,5.825573335218507,5.9183372448355,5.758041503434041,5.847094535827637,391364000,NVDA
2018-04-19,5.73280884023235,5.766203900903141,5.610360756261043,5.665771484375,471996000,NVDA
2018-04-20,5.657114045005151,5.741467260658246,5.626440448654156,5.657608985900879,386200000,NVDA
2018-04-23,5.6754190170536285,5.726624396807766,5.512154598463563,5.53812837600708,427508000,NVDA
2018-04-24,5.563855434743755,5.659834803298917,5.406527932413079,5.4718337059021,414596000,NVDA
2018-04-25,5.442148248859253,5.481233002124547,5.202199155015307,5.359526634216309,588492000,NVDA
2018-04-26,5.521308393485615,5.579440600481532,5.455260433967374,5.571277141571045,375824000,NVDA
2018-04-27,5.677150164373744,5.696939775045615,5.5564332090002555,5.598733425140381,400848000,NVDA
2018-04-30,5.615061018278359,5.664782525559266,5.544066017229242,5.563360691070557,327844000,NVDA
2018-05-01,5.555196895059056,5.621492071160562,5.4965697630116805,5.618771076202393,253788000,NVDA
2018-05-02,5.615308039139775,5.6598343129891235,5.5720179378167884,5.598239421844482,268248000,NVDA
2018-05-03,5.6301514394729795,5.789705491284045,5.584882507939317,5.763484001159668,443144000,NVDA
2018-05-04,5.734787532480522,5.916852143235824,5.71747168175459,5.913636207580566,400660000,NVDA
2018-05-07,6.0182740356452396,6.2087493396978095,6.008378994063602,6.151606559753418,687616000,NVDA
2018-05-08,6.151854521820691,6.196876211427336,6.102875192570566,6.194155216217041,506616000,NVDA
2018-05-09,6.214191537651338,6.3294660393741395,6.186980644211815,6.327239513397217,596760000,NVDA
2018-05-10,6.380176903393178,6.443998319077037,6.362366111171555,6.434845924377441,994080000,NVDA
2018-05-11,6.253028900048545,6.426435602156817,6.19761817238412,6.296318531036377,1214456000,NVDA
2018-05-14,6.334414221915159,6.3942780050058285,6.2931034084385375,6.316850662231445,523140000,NVDA
2018-05-15,6.253275810922347,6.255997277719239,5.973994717322679,6.074427127838135,963528000,NVDA
2018-05-16,6.035838336202746,6.147649686384115,5.998980100987584,6.085559844970703,553828000,NVDA
2018-05-17,6.087290712605682,6.22136542319621,6.071211504605322,6.127612113952637,519784000,NVDA
2018-05-18,6.179558158298435,6.242884616442196,6.078878068611847,6.083825588226318,483716000,NVDA
2018-05-21,6.181292414731934,6.185002820135822,5.949011316922657,6.041775226593018,640624000,NVDA
2018-05-22,6.05513284111137,6.080364444637207,5.943073796434276,6.0036797523498535,518264000,NVDA
2018-05-23,5.947491525217017,6.1284313321656025,5.946748890896969,6.127193450927734,442956000,NVDA
2018-05-24,6.1234821349016215,6.173234396564979,6.070264560370706,6.1309075355529785,437372000,NVDA
2018-05-25,6.143530811872501,6.186599831292713,6.107887664533281,6.170263290405273,292112000,NVDA
2018-05-29,6.152192961725743,6.221252284671248,6.106401272598585,6.1531829833984375,352684000,NVDA
2018-05-30,6.186846230716806,6.270756346495725,6.162093801735284,6.2620930671691895,390996000,NVDA
2018-05-31,6.230163334903064,6.316796610120592,6.219520011125515,6.2422919273376465,493868000,NVDA
2018-06-01,6.287094661538182,6.382886480200845,6.278431379761643,6.376698017120361,421968000,NVDA
2018-06-04,6.410856418879275,6.577687149398921,6.378678582333933,6.555657863616943,642024000,NVDA
2018-06-05,6.558874487191297,6.598726050744188,6.514072814720706,6.561102390289307,391712000,NVDA
2018-06-06,6.471004055886703,6.566300620016918,6.454667515524764,6.563082695007324,371356000,NVDA
2018-06-07,6.559370667837532,6.571251875158037,6.417044511671145,6.507390975952148,369448000,NVDA
2018-06-08,6.434617510416353,6.534616784346957,6.415805681676533,6.4920430183410645,360456000,NVDA
2018-06-11,6.4794190905362585,6.521002834266948,6.438082734200153,6.450953960418701,265372000,NVDA
2018-06-12,6.477440471285103,6.511598351668126,6.4271929644497385,6.499469757080078,319160000,NVDA
2018-06-13,6.500954316758097,6.575953779485196,6.4858551859758435,6.49501371383667,338208000,NVDA
2018-06-14,6.540062971338033,6.663329414513491,6.525211228602961,6.606646537780762,430016000,NVDA
2018-06-15,6.549467467711949,6.620754217353846,6.5185270496548515,6.5658040046691895,432260000,NVDA
2018-06-18,6.521745785467801,6.5791712953958426,6.494518535226833,6.5615973472595215,356268000,NVDA
2018-06-19,6.458380925227257,6.525707609834143,6.312342539855125,6.439816951751709,594932000,NVDA
2018-06-20,6.480906153328913,6.545757077164398,6.442539851446378,6.4927873611450195,369780000,NVDA
2018-06-21,6.524716469044076,6.543033051924125,6.356400494559876,6.364073753356934,359516000,NVDA
2018-06-22,6.384867383570901,6.398233861319005,6.1962547307836795,6.2116007804870605,434160000,NVDA
2018-06-25,6.105166022742275,6.10887872335628,5.830167459104419,5.91878080368042,665816000,NVDA
2018-06-26,6.032144468757382,6.080411448241831,5.938332715310094,5.9898176193237305,478884000,NVDA
2018-06-27,6.033382092386166,6.099718268112569,5.829175125029291,5.834620952606201,453892000,NVDA
2018-06-28,5.824721026252735,5.973730419916381,5.817047766228988,5.961849212646484,338012000,NVDA
2018-06-29,6.026947145172465,6.039570513021553,5.8625912545835215,5.863829135894775,392300000,NVDA
2018-07-02,5.794275726817951,5.999720142627472,5.773731238025654,5.996007442474365,357572000,NVDA
2018-07-03,6.0306578014797845,6.036598402266102,5.853925990341621,5.86234188079834,222732000,NVDA
2018-07-05,5.917541010449429,6.013084950434021,5.8786799439543,6.008134841918945,306216000,NVDA
2018-07-06,5.983630347791446,6.130411819321849,5.962343226824989,6.12199592590332,296352000,NVDA
2018-07-09,6.196252848651623,6.205906150696636,6.090807744144969,6.169519901275635,303880000,NVDA
2018-07-10,6.181896142852078,6.290558696266897,6.141549807869426,6.268529415130615,360016000,NVDA
2018-07-11,6.175709642314842,6.210362770736958,6.1163036048576895,6.126947402954102,367508000,NVDA
2018-07-12,6.172243706398811,6.266549778100942,6.162342543784297,6.218530178070068,345508000,NVDA
2018-07-13,6.237094613728223,6.237094613728223,6.12917420751609,6.171253204345703,246988000,NVDA
2018-07-16,6.143529891967773,6.196500066231124,6.131153912466004,6.143529891967773,197036000,NVDA
2018-07-17,6.094273554163843,6.294519983644975,6.068778485957057,6.279420852661133,362136000,NVDA
2018-07-18,6.2719951808340175,6.285856429863127,6.1791739121311835,6.23016357421875,277640000,NVDA
2018-07-19,6.2113524050045354,6.271995848071747,6.196253745183028,6.238332271575928,235752000,NVDA
2018-07-20,6.2358574129907876,6.274718486063104,6.199223771098906,6.2101149559021,222352000,NVDA
2018-07-23,6.18363049262612,6.1853631491040195,6.021749861447796,6.1734819412231445,301584000,NVDA
2018-07-24,6.221499832106269,6.308133104225714,6.13857925938327,6.156153678894043,354620000,NVDA
2018-07-25,6.1655601902637835,6.246995502268984,6.107639430235458,6.234371662139893,319112000,NVDA
2018-07-26,6.214322216849172,6.344766672079411,6.197490430567395,6.307885646820068,325124000,NVDA
2018-07-27,6.344520418150784,6.3514510438312675,6.1841250613346,6.2380852699279785,295420000,NVDA
2018-07-30,6.252192964897575,6.258133567294519,6.007887048649165,6.042788028717041,340340000,NVDA
2018-07-31,6.032393588684353,6.135610813746627,5.993532512122562,6.060858726501465,283988000,NVDA
2018-08-01,6.092292587606934,6.147490190342073,6.036847125370651,6.1007080078125,283556000,NVDA
2018-08-02,6.029421473661982,6.207390739420515,5.970511169517146,6.203430652618408,269668000,NVDA
2018-08-03,6.227936027377469,6.263827033302697,6.211104712070844,6.24006462097168,214288000,NVDA
2018-08-06,6.227441446083827,6.291302341066617,6.180907113917033,6.287837028503418,207508000,NVDA
2018-08-07,6.336598592891304,6.378677586179732,6.30986611707568,6.360113143920898,258132000,NVDA
2018-08-08,6.361352207312171,6.441549649661923,6.32645121934082,6.396500110626221,262100000,NVDA
2018-08-09,6.414320490147372,6.4170431678978685,6.3403110555152455,6.347984313964844,204280000,NVDA
2018-08-10,6.266054529394272,6.339073945757565,6.25491595835196,6.306648254394531,256396000,NVDA
2018-08-13,6.3153114297514374,6.460360238297473,6.313578773665132,6.339568614959717,375208000,NVDA
2018-08-14,6.445015116000861,6.485114074187494,6.361847133742483,6.471004962921143,466220000,NVDA
2018-08-15,6.49179610544892,6.5257070684503535,6.334123913204223,6.41283655166626,591136000,NVDA
2018-08-16,6.48263766555961,6.485112956093847,6.312093783023849,6.372241973876953,801260000,NVDA
2018-08-17,6.260855446171797,6.261598080390827,6.0328860975747745,6.059866428375244,1143188000,NVDA
2018-08-20,6.019273912852223,6.267292074334021,5.9088782218015945,6.13461971282959,854388000,NVDA
2018-08-21,6.150957292472519,6.274719006718994,6.131155437077622,6.270263671875,673988000,NVDA
2018-08-22,6.237589239755417,6.510359821530588,6.23412392761254,6.505409240722656,749856000,NVDA
2018-08-23,6.4667964629265065,6.670260830245761,6.4529352124201,6.604914665222168,720684000,NVDA
2018-08-24,6.61333067995877,6.752686294113966,6.6088753453738045,6.738082408905029,531512000,NVDA
2018-08-27,6.767785573312139,6.903428499740345,6.736350368782899,6.829171657562256,505776000,NVDA
2018-08-28,6.823228443072103,6.846000828485472,6.671496419114037,6.791545391082764,475384000,NVDA
2018-08-29,6.783869654946075,6.922063400202053,6.763066407189008,6.897049903869629,420108000,NVDA
2018-08-30,6.865845095127688,6.9770442259925725,6.843308241633879,6.880209445953369,346608000,NVDA
2018-08-31,6.860148825277337,6.964165538297042,6.850242246717524,6.951287269592285,306592000,NVDA
2018-09-04,6.938159959694549,7.06372294254184,6.909679259186631,7.026079177856445,391720000,NVDA
2018-09-05,7.008494923759812,7.043910038146073,6.814330365217973,6.895314693450928,393156000,NVDA
2018-09-06,6.87896937821182,6.881446022457157,6.721210965993721,6.754149436950684,322796000,NVDA
2018-09-07,6.66201985508963,6.8584135222788385,6.6171936846657875,6.732850551605225,295420000,NVDA
2018-09-10,6.755388894724343,6.833649068285126,6.7115532777255975,6.803929805755615,220140000,NVDA
2018-09-11,6.757618211686132,6.845289454343617,6.736814962046396,6.75613260269165,243112000,NVDA
2018-09-12,6.716258018283195,6.735823178153974,6.48667832841631,6.642208099365234,419092000,NVDA
2018-09-13,6.708085383515175,6.810616002102062,6.690749345634735,6.719973087310791,305536000,NVDA
2018-09-14,6.810369023935188,6.912156610127286,6.773467823622677,6.846031665802002,386936000,NVDA
2018-09-17,6.820523378015662,6.869559807635637,6.7648000551812215,6.784117221832275,205528000,NVDA
2018-09-18,6.788079574792285,6.890857722488368,6.705361633265959,6.712048053741455,299520000,NVDA
2018-09-19,6.693473148469908,6.753654232335474,6.643446164059408,6.735822677612305,224860000,NVDA
2018-09-20,6.613728496840794,6.656078036168585,6.540669129054632,6.594658851623535,430584000,NVDA
2018-09-21,6.6065448740006465,6.652114087170015,6.491383519001496,6.524569511413574,435128000,NVDA
2018-09-24,6.493612518071677,6.583760386082952,6.406436812150973,6.58029317855835,293912000,NVDA
2018-09-25,6.646420306032426,6.672424371033029,6.56073018055796,6.647410869598389,280388000,NVDA
2018-09-26,6.652361973667572,6.692730378037955,6.59465753166051,6.610507488250732,268548000,NVDA
2018-09-27,6.645675884543633,6.666974650087891,6.590943598014401,6.622395992279053,214428000,NVDA
2018-09-28,6.7543984748710395,6.98199658940961,6.726412815712354,6.959707260131836,709396000,NVDA
2018-10-01,7.037471375725969,7.233121549404895,6.998836575370029,7.166254043579102,622060000,NVDA
2018-10-02,7.138765315395407,7.2504590181159045,7.07264036466385,7.0949296951293945,383964000,NVDA
2018-10-03,7.165263336901111,7.172693270054652,6.997103292825695,7.1011199951171875,320552000,NVDA
2018-10-04,7.064962336908496,7.089232792272537,6.8398404008149924,6.916862487792969,391220000,NVDA
2018-10-05,6.892096013348278,6.954258228447809,6.625862647195452,6.683319568634033,426636000,NVDA
2018-10-08,6.6001055589481545,6.71551443759899,6.441108593142441,6.582026481628418,408612000,NVDA
2018-10-09,6.56147174817955,6.656077396879092,6.508473066511357,6.576331615447998,273500000,NVDA
2018-10-10,6.470333754612757,6.516150973299993,6.082500072685271,6.084729194641113,684940000,NVDA
2018-10-11,5.997551628096201,6.131040055205502,5.801653941343127,5.823200225830078,725436000,NVDA
2018-10-12,6.080269681554064,6.180076120397769,5.9351415548962905,6.105778217315674,608236000,NVDA
2018-10-15,6.092406625842798,6.092406625842798,5.828402346595804,5.829392910003662,449760000,NVDA
2018-10-16,5.9420766181979765,6.099339987005121,5.8927926724875395,6.088195323944092,408712000,NVDA
2018-10-17,6.150357509750816,6.188497264606114,5.970557292886565,6.019593715667725,329668000,NVDA
2018-10-18,6.088938234268209,6.1273250388130425,5.871741306766248,5.9321699142456055,524020000,NVDA
2018-10-19,5.987397325998699,6.006962009537349,5.639189133767482,5.675594806671143,613608000,NVDA
2018-10-22,5.727854032046628,5.827908042656615,5.623589771797496,5.726367950439453,368844000,NVDA
2018-10-23,5.459142841407292,5.552262888146131,5.36701383045677,5.474745750427246,626436000,NVDA
2018-10-24,5.436358037810588,5.4829178213294165,4.924694992215334,4.938563823699951,884288000,NVDA
2018-10-25,4.840986500866575,5.19464312196533,4.79665536662568,5.147340297698975,951720000,NVDA
2018-10-26,4.911321728580598,5.073042902016682,4.782787028563581,4.910826683044434,664784000,NVDA
2018-10-29,5.051990686523184,5.055457893772575,4.359041447810386,4.597041606903076,758016000,NVDA
2018-10-30,4.6200737682276225,5.0373785951125045,4.597041404355104,5.027472019195557,807192000,NVDA
2018-10-31,5.192166977113558,5.264978822018619,5.0524871402980365,5.221390724182129,745772000,NVDA
2018-11-01,5.257796113970379,5.411097252238637,5.131242548855407,5.401686191558838,566528000,NVDA
2018-11-02,5.392275011504151,5.498025326155822,5.206035401165426,5.322682857513428,452960000,NVDA
2018-11-05,5.30955581546362,5.332836176667664,5.083938864720117,5.244669437408447,379332000,NVDA
2018-11-06,5.236744649352382,5.320948666439074,5.1899368749067065,5.227086067199707,299012000,NVDA
2018-11-07,5.29370624457511,5.384349162280916,5.230057947812317,5.294696807861328,483812000,NVDA
2018-11-08,5.235506905956611,5.236249946602723,5.048029201015198,5.1015238761901855,511352000,NVDA
2018-11-09,5.012614021861589,5.183993770495799,4.978932504644819,5.093598365783691,413240000,NVDA
2018-11-12,5.002213113030679,5.024254923068485,4.67233136506613,4.694125652313232,617116000,NVDA
2018-11-13,4.791950011125851,5.0574398781904035,4.785758163668603,4.936087131500244,644712000,NVDA
2018-11-14,5.109201023774201,5.1235653745236975,4.7756050500639295,4.883584022521973,526580000,NVDA
2018-11-15,4.877639759111964,5.084435092938538,4.8417291214457245,5.01236629486084,840708000,NVDA
2018-11-16,4.04476261586943,4.226543941041897,4.002412617228449,4.0722527503967285,1963520000,NVDA
2018-11-19,4.0068719707034255,4.007614538980579,3.58188932837737,3.583622932434082,1697820000,NVDA
2018-11-20,3.3201135112430618,3.820384104822775,3.301539150693231,3.6920969486236572,1692032000,NVDA
2018-11-21,3.8293000694747925,3.8461408270095885,3.5566277914460134,3.5838701725006104,1025496000,NVDA
2018-11-23,3.5491989839535623,3.7047285664516023,3.536320712694744,3.5910532474517822,411968000,NVDA
2018-11-26,3.712157501168981,3.8008192945273653,3.6296870827835495,3.7904176712036133,814832000,NVDA
2018-11-27,3.7644137879820803,3.888490949404143,3.7285033840811654,3.8072588443756104,738060000,NVDA
2018-11-28,3.9248963229057217,3.9694749798310367,3.7923989105841724,3.9642741680145264,804524000,NVDA
2018-11-29,3.9665057654387845,4.0036916624209065,3.870813893285422,3.9010584354400635,549172000,NVDA
2018-11-30,3.9107263735194358,4.062197315560244,3.8604013185875687,4.05153751373291,729564000,NVDA
2018-12-03,4.278866320012619,4.330430918288647,4.148467256683473,4.215402126312256,890804000,NVDA
2018-12-04,4.170780025419611,4.175738270348914,3.879737762458066,3.89486026763916,812112000,NVDA
2018-12-06,3.7542976227579477,3.9290717595963147,3.738679574801594,3.9241137504577637,692308000,NVDA
2018-12-07,3.9283276146791746,3.938491875291798,3.6100157025727757,3.659348964691162,681676000,NVDA
2018-12-10,3.614477862291416,3.7894999864279595,3.6107591785362323,3.764709234237671,629472000,NVDA
2018-12-11,3.856435534057963,3.864616451080266,3.5946461893442807,3.6737284660339355,671912000,NVDA
2018-12-12,3.6794294035097543,3.7875166385107444,3.5901831212465294,3.691329002380371,654136000,NVDA
2018-12-13,3.7381836710207472,3.8023914357571926,3.6551349520666765,3.6910812854766846,471384000,NVDA
2018-12-14,3.6494328250648613,3.733225325873302,3.607040915630101,3.630592107772827,471820000,NVDA
2018-12-17,3.6005953431535125,3.6727360149747184,3.5014325656201577,3.5594427585601807,662868000,NVDA
2018-12-18,3.603322051940638,3.7267795629854747,3.5760524136350282,3.6427392959594727,564372000,NVDA
2018-12-19,3.6090241135172154,3.6625720761072693,3.382189588551147,3.4337542057037354,745364000,NVDA
2018-12-20,3.4253252500893248,3.515315316189248,3.2894723634968916,3.3492178916931152,749588000,NVDA
2018-12-21,3.3757435961027555,3.408715261858569,3.1846076575707007,3.212125301361084,863740000,NVDA
2018-12-24,3.135770806690033,3.222290209428647,3.086437301537026,3.150397300720215,463840000,NVDA
2018-12-26,3.1965076078473897,3.30062839531516,3.085445466071388,3.2996368408203125,695100000,NVDA
2018-12-27,3.247328292083691,3.2817872916399278,3.103294487493364,3.2517905235290527,637044000,NVDA
2018-12-28,3.272366709105406,3.405988478380253,3.2304705796899307,3.3132712841033936,628728000,NVDA
2018-12-31,3.3566552955081495,3.389130951728482,3.27881259232379,3.3095531463623047,465140000,NVDA
2019-01-02,3.2386509415605036,3.433009523099247,3.224024452501034,3.3769826889038086,508752000,NVDA
2019-01-03,3.3167422733245417,3.3507054977541753,3.165519334999033,3.1729564666748047,705552000,NVDA
2019-01-04,3.2460882235070763,3.4144167407610677,3.2153479125742086,3.37623929977417,585620000,NVDA
2019-01-07,3.4335068053701305,3.5919191215172344,3.3821899531021677,3.554980993270874,709160000,NVDA
2019-01-08,3.6365415129519585,3.6387728650754028,3.3938409502867053,3.466477632522583,786016000,NVDA
2019-01-09,3.5177948629578344,3.582002870990999,3.4672220312150595,3.5346527099609375,617260000,NVDA
2019-01-10,3.5153154560127566,3.60902397316226,3.4548261413772305,3.6003472805023193,523156000,NVDA
2019-01-11,3.578035639733323,3.7124011996404653,3.550270223301125,3.68959379196167,874764000,NVDA
2019-01-14,3.6372862396391064,3.7547939824421785,3.6137350424169785,3.7295074462890625,730168000,NVDA
2019-01-15,3.7622302794111397,3.801647525137596,3.697030962334933,3.715376138687134,617012000,NVDA
2019-01-16,3.7426454425624702,3.775616871967183,3.684387484891723,3.6898412704467773,470104000,NVDA
2019-01-17,3.6568700231702356,3.8011515963552576,3.629600148348307,3.7612385749816895,493436000,NVDA
2019-01-18,3.8110677598638243,3.916428100042887,3.7595031475952823,3.890397787094116,651336000,NVDA
2019-01-22,3.8601542808171283,3.871805875768449,3.6578624682051086,3.6881070137023926,661552000,NVDA
2019-01-23,3.7433890151460876,3.8321395112396033,3.669760786512093,3.7009968757629395,591020000,NVDA
2019-01-24,3.7855339283477747,3.930559063641579,3.780823689667241,3.9129579067230225,708972000,NVDA
2019-01-25,3.8534599692729863,3.9883210734512042,3.750826750296248,3.970223903656006,1154572000,NVDA
2019-01-28,3.3851649554475904,3.511349386205719,3.247576937011936,3.4213593006134033,2511528000,NVDA
2019-01-29,3.375247928204983,3.423589870614671,3.247823965057454,3.2624504566192627,1153932000,NVDA
2019-01-30,3.338558023729748,3.4203671788864196,3.2589799843642315,3.4059886932373047,974228000,NVDA
2019-01-31,3.402765635236416,3.5993556057019305,3.380949782690653,3.56365704536438,842852000,NVDA
2019-02-01,3.5822498677131627,3.639020494598922,3.5346519465207686,3.58795166015625,625048000,NVDA
2019-02-04,3.6038177877095725,3.7354562123743165,3.581754165068187,3.698270320892334,528592000,NVDA
2019-02-05,3.7101697053492084,3.754049180499091,3.6764544905665915,3.7173590660095215,542424000,NVDA
2019-02-06,3.750578513726454,3.8574264238034544,3.7451247279340616,3.792970657348633,702464000,NVDA
2019-02-07,3.7466116929059834,3.748842808368346,3.611750610187095,3.6546382904052734,637120000,NVDA
2019-02-08,3.5874559982311216,3.6838916413500185,3.5730775132556327,3.673231840133667,461604000,NVDA
2019-02-11,3.629104539625841,3.683396048547904,3.5822501621722687,3.630592107772827,495180000,NVDA
2019-02-12,3.669017642850428,3.7632221770531866,3.6546389204194045,3.7476038932800293,591060000,NVDA
2019-02-13,3.7771045173246294,3.8631281274147784,3.7634695803135063,3.7899956703186035,605372000,NVDA
2019-02-14,3.789004063817399,3.859161620302548,3.745868137747768,3.830900192260742,827264000,NVDA
2019-02-15,4.039638343207284,4.06244551744206,3.8777553525571617,3.9005627632141113,1516748000,NVDA
2019-02-19,3.889902335586985,3.9637785833052037,3.870813611202492,3.883208751678467,551892000,NVDA
2019-02-20,3.9124615126387052,3.9977413414428553,3.901305934134855,3.930558681488037,540988000,NVDA
2019-02-21,3.9432023168388324,3.9677448275400224,3.8470144373521085,3.8616409301757812,448548000,NVDA
2019-02-22,3.9134535280622336,3.9652659150615186,3.8998185898320425,3.946424961090088,401740000,NVDA
2019-02-25,4.029969201056762,4.097399627054653,3.9253524124782073,3.9340293407440186,656020000,NVDA
2019-02-26,3.9293197991010156,3.985346650438618,3.86114534060757,3.8946127891540527,488464000,NVDA
2019-02-27,3.880233372464804,3.906759223526521,3.7956971020218964,3.8527157306671143,500256000,NVDA
2019-02-28,3.8465124489245444,3.8688470752041852,3.805813975406926,3.828148365020752,324944000,NVDA
2019-03-01,3.8780285749412227,3.924682975256033,3.81971057454771,3.882495641708374,357188000,NVDA
2019-03-04,3.920961030205286,3.943791944150779,3.834104204905719,3.8906853199005127,409992000,NVDA
2019-03-05,3.875050838071082,3.922449791756113,3.820703376411174,3.884232997894287,362924000,NVDA
2019-03-06,3.8752991412784,3.88373651390848,3.7705747590328067,3.7733044624328613,403524000,NVDA
2019-03-07,3.749729058125882,3.759407506394355,3.657909114121381,3.7040672302246094,450104000,NVDA
2019-03-08,3.6147291513486937,3.7489849385711005,3.593387100897167,3.738313913345337,422416000,NVDA
2019-03-11,3.7618889634089263,4.021714400158295,3.714738037001707,3.9988837242126465,859728000,NVDA
2019-03-12,4.0266777127384925,4.079536070908694,3.950491917364302,4.033130168914795,579576000,NVDA
2019-03-13,4.070602498606583,4.213791933021078,4.063157465934027,4.184508800506592,768900000,NVDA
2019-03-14,4.193691715792876,4.205603580882713,4.100878946410553,4.108572006225586,519384000,NVDA
2019-03-15,4.151750793825906,4.256723419501709,4.148276540430737,4.2140398025512695,661484000,NVDA
2019-03-18,4.245556356360159,4.299407760456572,4.165648050280749,4.192698001861572,486992000,NVDA
2019-03-19,4.287247683533354,4.404876735512573,4.270372939225768,4.360455513000488,854972000,NVDA
2019-03-20,4.389491623226425,4.4428465182643775,4.2932045970185815,4.327947616577148,719148000,NVDA
2019-03-21,4.3510258861708415,4.590998377395191,4.346062531082183,4.564692974090576,824312000,NVDA
2019-03-22,4.537395842991622,4.58603540155432,4.390980169089334,4.404877185821533,747644000,NVDA
2019-03-25,4.364178797359979,4.428452501002684,4.246301705276111,4.31256103515625,525212000,NVDA
2019-03-26,4.454260896302469,4.510345483093209,4.332909563202776,4.389242649078369,703508000,NVDA
2019-03-27,4.414803205645676,4.461209104969056,4.31057512314032,4.380060195922852,474372000,NVDA
2019-03-28,4.4061171395403385,4.464435374742539,4.345565726024359,4.398672580718994,480264000,NVDA
2019-03-29,4.465429084674269,4.480319152760244,4.415052393645264,4.45599889755249,456896000,NVDA
2019-04-01,4.547818792273322,4.553774724450476,4.47610005369348,4.523499011993408,483824000,NVDA
2019-04-02,4.547570053796223,4.5857868453896415,4.504637933024534,4.541365623474121,440920000,NVDA
2019-04-03,4.590999249680457,4.7398966173094035,4.586035893648766,4.68083381652832,783504000,NVDA
2019-04-04,4.665446386163067,4.714334435344545,4.609113778357138,4.67189884185791,457376000,NVDA
2019-04-05,4.715079386959449,4.75602635620326,4.678599721268177,4.738654613494873,481744000,NVDA
2019-04-08,4.708132188891862,4.784566268743381,4.684060430821694,4.759501934051514,424192000,NVDA
2019-04-09,4.7259980061346845,4.737165316776078,4.654527312696067,4.696714878082275,439972000,NVDA
2019-04-10,4.695971111140945,4.793002196387266,4.691504280805379,4.76719331741333,444772000,NVDA
2019-04-11,4.769675068980152,4.801191854240975,4.703912268394467,4.753296375274658,374600000,NVDA
2019-04-12,4.7920098293763855,4.795980608365704,4.706642104424839,4.715327739715576,471708000,NVDA
2019-04-15,4.707633860863195,4.71259721540242,4.543846947721112,4.583552837371826,440092000,NVDA
2019-04-16,4.622762636497848,4.689518003159528,4.590005254146283,4.670657634735107,394964000,NVDA
2019-04-17,4.705649340765735,4.72649486463403,4.625493000178169,4.647827625274658,351004000,NVDA
2019-04-18,4.654528784894651,4.6885267790091465,4.595465985340152,4.623260021209717,380988000,NVDA
2019-04-22,4.599683567259181,4.692744336178638,4.568167259490763,4.677110195159912,279936000,NVDA
2019-04-23,4.6902635940141915,4.762975380866028,4.6805853819298555,4.731706619262695,346856000,NVDA
2019-04-24,4.7421292496106355,4.784813349232688,4.681329801891096,4.744114875793457,318204000,NVDA
2019-04-25,4.703911987709547,4.726246611732647,4.5587374048909775,4.638397216796875,499296000,NVDA
2019-04-26,4.484537687357756,4.489004991984418,4.300649740171459,4.419519424438477,868988000,NVDA
2019-04-29,4.427460004612761,4.478085191279062,4.355244741377716,4.450291156768799,391920000,NVDA
2019-04-30,4.418029665796931,4.517294409433283,4.398921267730033,4.491734027862549,362920000,NVDA
2019-05-01,4.54409765614986,4.586285243582065,4.478334359859445,4.478582859039307,354280000,NVDA
2019-05-02,4.4882588817007285,4.587771631336801,4.445078738633551,4.546080589294434,394684000,NVDA
2019-05-03,4.554518016057555,4.564444251387635,4.480069121090112,4.541613578796387,336824000,NVDA
2019-05-06,4.3552440090825275,4.475354735160598,4.318019794360678,4.463194847106934,422176000,NVDA
2019-05-07,4.414803865661272,4.414803865661272,4.247790693614883,4.295934200286865,555220000,NVDA
2019-05-08,4.268388759410136,4.396192102920152,4.256476894047728,4.316035747528076,419168000,NVDA
2019-05-09,4.247046870530723,4.256725084011528,4.104601952296911,4.223471164703369,660248000,NVDA
2019-05-10,4.192698903881633,4.258213684866091,4.069858452869945,4.189472675323486,569500000,NVDA
2019-05-13,4.057450068746482,4.080529244233169,3.916245785820489,3.9321281909942627,656912000,NVDA
2019-05-14,3.9718327803188993,4.056456401002324,3.9331197091641124,4.021217346191406,524880000,NVDA
2019-05-15,3.965630152884189,3.9966504146683235,3.9063195694990247,3.9601707458496094,502320000,NVDA
2019-05-16,3.954711392581166,4.017992759668049,3.9122757887302653,3.975308656692505,781088000,NVDA
2019-05-17,3.933368524408908,4.0626609276761165,3.845022849271758,3.8844804763793945,1022068000,NVDA
2019-05-20,3.7857125513092895,3.840804563253504,3.741043301264618,3.765859603881836,572064000,NVDA
2019-05-21,3.8266589547037935,3.8638831687512023,3.787945639561651,3.8480007648468018,361848000,NVDA
2019-05-22,3.809288471143611,3.835345379011772,3.7661080804872102,3.7770273685455322,325868000,NVDA
2019-05-23,3.7147383773241556,3.7147383773241556,3.596116973178139,3.655924081802368,591844000,NVDA
2019-05-24,3.6747840242344525,3.710023089205994,3.5953722334997824,3.6020727157592773,357584000,NVDA
2019-05-28,3.61969176301694,3.652449145970368,3.554921310965735,3.5569067001342773,428356000,NVDA
2019-05-29,3.509259257907362,3.5442500534442893,3.4479633001229124,3.482706069946289,559800000,NVDA
2019-05-30,3.4859362848892492,3.521712423887185,3.417862226175406,3.456122875213623,394300000,NVDA
2019-05-31,3.4071789982563945,3.4745076560908896,3.3637010206051516,3.3654401302337646,389720000,NVDA
2019-06-03,3.376620553494657,3.415378061068025,3.2943853005049557,3.323701858520508,478644000,NVDA
2019-06-04,3.387799723945976,3.557984843263483,3.365688156802378,3.552767515182495,641836000,NVDA
2019-06-05,3.6265568274442597,3.6320227028941674,3.47376299308284,3.510035991668701,511616000,NVDA
2019-06-06,3.514259416547438,3.5967432137193844,3.511774906305069,3.5721471309661865,408140000,NVDA
2019-06-07,3.5781097579801444,3.649164948157457,3.558979313986619,3.614879608154297,348856000,NVDA
2019-06-10,3.671028349531437,3.7562452035078784,3.671028349531437,3.6876742839813232,402780000,NVDA
2019-06-11,3.7475491318653398,3.785312926813548,3.7058104998942736,3.7453131675720215,383872000,NVDA
2019-06-12,3.701835441283549,3.708046716894873,3.6171156795941504,3.6322708129882812,358892000,NVDA
2019-06-13,3.6543822132026853,3.7018352667303276,3.6367425703957896,3.68345046043396,308080000,NVDA
2019-06-14,3.5902840530405573,3.614631592869077,3.548793722226507,3.5935137271881104,394428000,NVDA
2019-06-17,3.5917744524646253,3.6402214579436385,3.568917477844236,3.603203058242798,276040000,NVDA
2019-06-18,3.6645682398321213,3.853635036866555,3.6536367279446753,3.798231840133667,581920000,NVDA
2019-06-19,3.833511243219726,3.8449396100611724,3.7781078078082726,3.804194688796997,331644000,NVDA
2019-06-20,3.8948774228662537,3.9087903005945064,3.814132738561449,3.828542470932007,350168000,NVDA
2019-06-21,3.8136361587022307,3.862828325873782,3.7639468999166295,3.770406484603882,434428000,NVDA
2019-06-24,3.7917726233411475,3.8223314347522352,3.7445678782554253,3.7927663326263428,282948000,NVDA
2019-06-25,3.7977354851308696,3.8727659883014587,3.7607170882054692,3.7634499073028564,311868000,NVDA
2019-06-26,3.890902750597126,4.017858483785668,3.8779835808193477,3.956740617752075,584072000,NVDA
2019-06-27,4.042454498358668,4.074503878313571,4.006429806818568,4.055373668670654,445440000,NVDA
2019-06-28,4.09934612947486,4.10853876562553,4.033508297822222,4.080215930938721,397668000,NVDA
2019-07-01,4.287421411109125,4.321706990830215,4.090901047645877,4.128416538238525,709756000,NVDA
2019-07-02,4.111769599708234,4.132887697002956,4.017360592506837,4.0305280685424805,400228000,NVDA
2019-07-03,4.053881674403648,4.059596094274445,3.9835718958573536,4.043447017669678,246636000,NVDA
2019-07-05,3.9850633492320395,3.9895352780116817,3.917485904336583,3.980839729309082,396552000,NVDA
2019-07-08,3.921212364820775,3.9400942616421504,3.8757469693085915,3.905808687210083,329788000,NVDA
2019-07-09,3.863573721657893,3.936368267434606,3.8509030973287963,3.9082939624786377,342860000,NVDA
2019-07-10,3.9517715160104028,4.034006766119606,3.93785863796451,3.976616144180298,452076000,NVDA
2019-07-11,4.049658496796459,4.1718937373983955,4.012391793843723,4.131148815155029,682560000,NVDA
2019-07-12,4.158974394153869,4.235247380361121,4.158974394153869,4.164191722869873,506392000,NVDA
2019-07-15,4.185309889697396,4.201458493777884,4.127422181326354,4.155744552612305,289840000,NVDA
2019-07-16,4.140837992750941,4.178104694984818,4.095372360134823,4.151024341583252,341444000,NVDA
2019-07-17,4.152763211915992,4.223321775418077,4.123446659043422,4.216365337371826,348204000,NVDA
2019-07-18,4.226801537768109,4.290900304276237,4.170155829675547,4.228043556213379,442192000,NVDA
2019-07-19,4.266303829378748,4.272763177319047,4.178850769267074,4.184813499450684,344896000,NVDA
2019-07-22,4.206180840633816,4.269285902347907,4.198727307786825,4.256366729736328,315940000,NVDA
2019-07-23,4.295620838648353,4.366178951113766,4.27996837410679,4.36419153213501,428176000,NVDA
2019-07-24,4.407419592627762,4.444437984259392,4.331395391009133,4.438723564147949,366236000,NVDA
2019-07-25,4.39723348212656,4.409904341038965,4.284190882761843,4.307544708251953,392700000,NVDA
2019-07-26,4.334626016349422,4.396240260376979,4.334626016349422,4.349532604217529,274160000,NVDA
2019-07-29,4.342327614108528,4.359470402443908,4.255123345438182,4.343321323394775,248160000,NVDA
2019-07-30,4.296862168200312,4.371147271681989,4.28245219823454,4.358973503112793,197772000,NVDA
2019-07-31,4.327419649869575,4.328413832820149,4.149532930224153,4.191768646240234,359416000,NVDA
2019-08-01,4.202205755505486,4.292639968675261,4.045188256468042,4.097362041473389,421212000,NVDA
2019-08-02,4.004691123962402,4.074007695039552,3.957238295063743,4.004691123962402,428348000,NVDA
2019-08-05,3.8210888444177598,3.822331099383224,3.699350701033166,3.746306896209717,589156000,NVDA
2019-08-06,3.821089626245906,3.866555029992153,3.737363567316987,3.785064935684204,361272000,NVDA
2019-08-07,3.724196125791917,3.835251333859253,3.7068050253081624,3.8233258724212646,372560000,NVDA
2019-08-08,3.880965166636086,3.9331387034080376,3.8235742998805358,3.931896448135376,309300000,NVDA
2019-08-09,3.8909026317903614,3.8943808514754075,3.7800959826754443,3.8305304050445557,341816000,NVDA
2019-08-12,3.7783563588595577,3.8305298839739783,3.740841110976979,3.762704372406006,279200000,NVDA
2019-08-13,3.761214167611439,3.9229520974003353,3.7222083497157232,3.8769896030426025,351956000,NVDA
2019-08-14,3.7887912883404784,3.799971347162587,3.684692776415969,3.728419065475464,419880000,NVDA
2019-08-15,3.747301036378363,3.767176644239833,3.6618358751868536,3.6961212158203125,477200000,NVDA
2019-08-16,3.9589769679077773,4.013386231408459,3.8976107906915054,3.9641942977905273,1007960000,NVDA
2019-08-19,4.077484348368043,4.258849300158553,4.061335271493826,4.242948532104492,815112000,NVDA
2019-08-20,4.2374834827110455,4.237980574292115,4.149533813251325,4.170651912689209,463188000,NVDA
2019-08-21,4.236738311589228,4.309284306296547,4.215123593272236,4.254129409790039,427244000,NVDA
2019-08-22,4.263817955610752,4.306301979946658,4.221085148604145,4.260339736938477,303488000,NVDA
2019-08-23,4.18381919720624,4.238228687783782,4.015870014222572,4.035745620727539,568056000,NVDA
2019-08-26,4.114503780573438,4.1386030106390885,4.072268050737797,4.110528469085693,318208000,NVDA
2019-08-27,4.148788387342444,4.1515212063418945,3.9905289293806834,4.019845485687256,290968000,NVDA
2019-08-28,3.993484332256128,4.062122887485374,3.9541908785054782,4.009400367736816,255612000,NVDA
2019-08-29,4.100918946723606,4.185474015673862,4.097437284155335,4.153144359588623,357976000,NVDA
2019-08-30,4.199402094307898,4.249140554493201,4.147674247504337,4.165828704833984,290616000,NVDA
2019-09-03,4.092960580893258,4.126036372481835,4.0598847893046806,4.082764148712158,296140000,NVDA
2019-09-04,4.1434455291553975,4.204375105695082,4.1434455291553975,4.196914196014404,227728000,NVDA
2019-09-05,4.299127315320723,4.47619552108995,4.2973864835473625,4.469978332519531,695676000,NVDA
2019-09-06,4.446599880651899,4.5035502065782005,4.404819927731002,4.442869663238525,376976000,NVDA
2019-09-09,4.473956428106972,4.575422713735388,4.472464151286875,4.488877773284912,417524000,NVDA
2019-09-10,4.456050782002219,4.582137270607853,4.446351930803564,4.555527687072754,352812000,NVDA
2019-09-11,4.570199346218008,4.6323721593145075,4.541102325489207,4.584125995635986,361512000,NVDA
2019-09-12,4.630631102023406,4.68534300411401,4.574675478100688,4.5826334953308105,327840000,NVDA
2019-09-13,4.515984088869944,4.553039123427672,4.480918439928201,4.524688243865967,324592000,NVDA
2019-09-16,4.449584981118431,4.516234165118404,4.439139991604027,4.481666088104248,231832000,NVDA
2019-09-17,4.488380398702678,4.50728098950377,4.441875060065912,4.503053188323975,223048000,NVDA
2019-09-18,4.496089306245021,4.511756786968211,4.38940054559531,4.475944995880127,258152000,NVDA
2019-09-19,4.481915392098887,4.500318878517113,4.3896508282890085,4.4003448486328125,245476000,NVDA
2019-09-20,4.399348989262219,4.422974490707629,4.284453641507711,4.294649600982666,350244000,NVDA
2019-09-23,4.2948981982130965,4.393628469610187,4.291167506740265,4.348117828369141,249712000,NVDA
2019-09-24,4.379452775739381,4.409046903518779,4.2551071589321605,4.290669918060303,317268000,NVDA
2019-09-25,4.290172088902802,4.4520703155812695,4.2454075935199835,4.4324235916137695,308432000,NVDA
2019-09-26,4.4227265223260215,4.431430680556662,4.359309970255871,4.41029167175293,234564000,NVDA
2019-09-27,4.368511015596242,4.419244154293702,4.210840550728801,4.27152156829834,362056000,NVDA
2019-09-30,4.297385482479538,4.339165435307629,4.266050043517498,4.3289690017700195,186184000,NVDA
2019-10-01,4.352098250709145,4.501313142744529,4.322504111625093,4.327229022979736,366008000,NVDA
2019-10-02,4.3053422182387235,4.31727947958759,4.230983600914911,4.3033528327941895,293372000,NVDA
2019-10-03,4.307830508275811,4.51523894620959,4.2774902364086245,4.509021759033203,450588000,NVDA
2019-10-04,4.511258816716554,4.554780067114275,4.4461019299427615,4.525434494018555,265524000,NVDA
2019-10-07,4.590343182077452,4.6838509563644015,4.581639026191215,4.584125995635986,480984000,NVDA
2019-10-08,4.492359210475812,4.492359210475812,4.389401127543962,4.40755558013916,444436000,NVDA
2019-10-09,4.484400767760316,4.543589504862352,4.455552774681767,4.4940996170043945,292412000,NVDA
2019-10-10,4.4918610894051385,4.602777166093793,4.48663859631462,4.551795482635498,309124000,NVDA
2019-10-11,4.635852680262057,4.708719017123605,4.616952096608107,4.625407695770264,446404000,NVDA
2019-10-14,4.616704593283885,4.659728267054926,4.585618184116955,4.638838291168213,200040000,NVDA
2019-10-15,4.7291137551197995,4.956168929382708,4.71518662925876,4.883550643920898,664124000,NVDA
2019-10-16,4.84947927986465,4.9544272054000045,4.818392874224492,4.829832553863525,428944000,NVDA
2019-10-17,4.874348961473756,4.919362020393605,4.7773590441272065,4.831822872161865,263436000,NVDA
2019-10-18,4.8323200037831615,4.864898689154544,4.662961309729431,4.7373199462890625,307440000,NVDA
2019-10-21,4.798746636070834,4.888027090545017,4.779846046393975,4.874597549438477,261868000,NVDA
2019-10-22,4.931547978763792,5.036744471881838,4.856940785781004,4.864650249481201,328720000,NVDA
2019-10-23,4.78258086941916,4.865892196842034,4.750748330121854,4.851716995239258,279916000,NVDA
2019-10-24,4.893000219060766,4.929309119275089,4.858929733657293,4.895736217498779,232020000,NVDA
2019-10-25,4.976310581598416,5.107619494620403,4.96860112084593,5.086729526519775,423092000,NVDA
2019-10-28,5.130500075054106,5.195159854407328,5.101154501129985,5.142686367034912,330792000,NVDA
2019-10-29,5.128760121351249,5.13522633756321,5.0270457624179,5.046443462371826,211236000,NVDA
2019-10-30,5.073301570839169,5.079021648128186,4.980290903691012,5.048432350158691,205960000,NVDA
2019-10-31,5.027543125196636,5.048433102920363,4.919362544598043,4.999192237854004,209732000,NVDA
2019-11-01,4.963877977109576,5.070566754236402,4.938760198276227,5.03823709487915,283640000,NVDA
2019-11-04,5.119307676115738,5.247383955454286,5.096179768423814,5.234949111938477,376716000,NVDA
2019-11-05,5.234701858026008,5.260814324386149,5.164819585428227,5.212817192077637,300868000,NVDA
2019-11-06,5.188696294351499,5.214311187887391,5.076038860980727,5.163578510284424,269012000,NVDA
2019-11-07,5.2501214716749915,5.264794260554901,5.136469377936064,5.181233882904053,280340000,NVDA
2019-11-08,5.164322344682457,5.198890410986019,5.126769725533212,5.167306423187256,189100000,NVDA
2019-11-11,5.166561136650646,5.200383070318119,5.0802652339781655,5.177255153656006,243436000,NVDA
2019-11-12,5.215552716028571,5.268772815950008,5.1804870652443125,5.212817192077637,283504000,NVDA
2019-11-13,5.181482974763488,5.2090877240663085,5.120553872283122,5.186954498291016,300188000,NVDA
2019-11-14,5.195906181842262,5.219532154092562,5.135971784320938,5.217293739318848,518080000,NVDA
2019-11-15,5.215055323468847,5.266783148824371,4.9897410176055805,5.07802677154541,1053628000,NVDA
2019-11-18,5.070566514339797,5.305828253717168,5.067582435266569,5.279218673706055,574588000,NVDA
2019-11-19,5.248132056380267,5.271757556385431,5.114336125889442,5.172529697418213,414564000,NVDA
2019-11-20,5.14965058310742,5.335671461810984,5.13696717967048,5.251862525939941,472588000,NVDA
2019-11-21,5.2473849930734895,5.303091585149256,5.20535602005856,5.226992130279541,288388000,NVDA
2019-11-22,5.2496238288195185,5.296129164582115,5.22102438971042,5.244650363922119,224100000,NVDA
2019-11-25,5.372726417443207,5.506273797518019,5.359794459543421,5.501299858093262,506476000,NVDA
2019-11-26,5.483641803354991,5.488367187497183,5.39013403114874,5.396600246429443,385244000,NVDA
2019-11-27,5.4421446449121875,5.476489009402694,5.405062263056597,5.431442737579346,215784000,NVDA
2019-11-29,5.400583575086742,5.428954908526938,5.370220438087533,5.394112586975098,141556000,NVDA
2019-12-02,5.387143919511813,5.400583371427015,5.192523927668455,5.207705020904541,372036000,NVDA
2019-12-03,5.024034196907252,5.172114489013946,4.98670308268692,5.168132781982422,465232000,NVDA
2019-12-04,5.251754486173234,5.274153250327025,5.183314028899267,5.211934566497803,273424000,NVDA
2019-12-05,5.233836590939642,5.249515633114968,5.164400222417688,5.195012092590332,184884000,NVDA
2019-12-06,5.264198487857676,5.313226935848196,5.254243270631001,5.280375003814697,232236000,NVDA
2019-12-09,5.257478763698759,5.335127749179644,5.24876818597086,5.280375003814697,211880000,NVDA
2019-12-10,5.3104894596265915,5.37718828257954,5.257728037148495,5.325422286987305,256388000,NVDA
2019-12-11,5.3358739884844715,5.414518394125398,5.333385184387442,5.409042835235596,233796000,NVDA
2019-12-12,5.380174119493013,5.594704023157455,5.371214803568274,5.576536178588867,404348000,NVDA
2019-12-13,5.57952346947821,5.698734503784872,5.520539797455136,5.574545860290527,454704000,NVDA
2019-12-16,5.622081765896798,5.675838623922071,5.5939586970581,5.6034159660339355,320976000,NVDA
2019-12-17,5.622081272026224,5.7042099297644295,5.612624003881161,5.681562423706055,321196000,NVDA
2019-12-18,5.716404211162584,5.7724011259536825,5.707942370760209,5.7119245529174805,343548000,NVDA
2019-12-19,5.746517700958766,5.873443873474794,5.741540092305379,5.860004425048828,445360000,NVDA
2019-12-20,5.9264538879845015,5.982699535294677,5.907290617285012,5.957314491271973,603044000,NVDA
2019-12-23,5.985935607907442,6.018040379091792,5.932925448481276,5.943626880645752,355060000,NVDA
2019-12-24,5.928196959593819,5.955822074319842,5.893852119730991,5.938649654388428,138864000,NVDA
2019-12-26,5.942134604679745,5.980959107765898,5.923220066661542,5.952836513519287,182852000,NVDA
2019-12-27,5.968016904612984,5.981456354930958,5.868715829045477,5.895096778869629,254644000,NVDA
2019-12-30,5.873197077483953,5.878423425890889,5.750501784283721,5.781859874725342,258056000,NVDA
2019-12-31,5.746517815671809,5.865480101531699,5.727354544133707,5.856022834777832,231004000,NVDA
2020-01-02,5.941884868219942,5.970754146575928,5.891363512424235,5.970754146575928,237536000,NVDA
2020-01-03,5.8510460365310895,5.918989028814216,5.826158464010726,5.875186920166016,205384000,NVDA
2020-01-06,5.781858231804876,5.905050966215078,5.75572649719555,5.899824619293213,262636000,NVDA
2020-01-07,5.928196548695039,6.0170449229818495,5.883150279100278,5.971251964569092,314856000,NVDA
2020-01-08,5.967021611212417,6.023765219861093,5.926952946804154,5.982451915740967,277108000,NVDA
2020-01-09,6.068811004490261,6.120576999500233,5.994397505336159,6.048154354095459,255112000,NVDA
2020-01-10,6.155418721169793,6.185781374034128,6.066321616134521,6.080507278442383,316296000,NVDA
2020-01-13,6.163632128120506,6.296282128119939,6.140984150343223,6.271145820617676,319840000,NVDA
2020-01-14,6.228340534710304,6.253726060605366,6.140985521380732,6.154176235198975,359088000,NVDA
2020-01-15,6.1668687570940355,6.189267527995452,6.085735515773977,6.111618518829346,263104000,NVDA
2020-01-16,6.165125624680976,6.201212580149905,6.141731430548025,6.195239543914795,284192000,NVDA
2020-01-17,6.214403577975669,6.22186999285586,6.156415799010118,6.203950881958008,253792000,NVDA
2020-01-21,6.167364444571707,6.20419808146063,6.136503842710471,6.170599937438965,217916000,NVDA
2020-01-22,6.215896887732162,6.3112157906714685,6.196982349995887,6.224607467651367,239240000,NVDA
2020-01-23,6.2646751491590695,6.301508314316864,6.175826780010042,6.293046474456787,244516000,NVDA
2020-01-24,6.408524704344975,6.458299843381298,6.179559919221518,6.233814716339111,373512000,NVDA
2020-01-27,5.9291913682766975,6.028990377187651,5.779617698609579,5.977971076965332,470536000,NVDA
2020-01-28,6.043923950276957,6.203701607240368,5.99066457305883,6.1713480949401855,310976000,NVDA
2020-01-29,6.156912053677501,6.192999003620118,6.071049967628455,6.110870361328125,258848000,NVDA
2020-01-30,6.01306253868388,6.131029399451764,5.958061527643845,6.117589950561523,290504000,NVDA
2020-01-31,6.0717982136305295,6.083744287335184,5.842335907093359,5.884146690368652,370420000,NVDA
2020-02-03,5.865978044936921,6.000619381873088,5.8597562708457405,5.981207370758057,255564000,NVDA
2020-02-04,6.1230647969327805,6.169604437177896,6.073040925853949,6.150440692901611,271544000,NVDA
2020-02-05,6.271395565560913,6.281599522897075,6.157410868343357,6.240784168243408,208220000,NVDA
2020-02-06,6.275128796942113,6.327641010284424,6.193995566539658,6.327641010284424,218284000,NVDA
2020-02-07,6.287571055701337,6.3097210809777176,6.236053805193534,6.261439323425293,189752000,NVDA
2020-02-10,6.284087527331507,6.545405828690706,6.279109918334532,6.544659614562988,529608000,NVDA
2020-02-11,6.652919535414561,6.781836561422516,6.5909495893900365,6.667105197906494,638556000,NVDA
2020-02-12,6.719866771412749,6.789303132024063,6.6810422774865765,6.782832145690918,374644000,NVDA
2020-02-13,6.724845173517911,6.806227140199574,6.697468796769711,6.739030838012695,528016000,NVDA
2020-02-14,7.149176136549256,7.341058548961694,7.1178180542785325,7.212141513824463,1041924000,NVDA
2020-02-18,7.108858240876231,7.399295506798921,7.089446230395402,7.380878448486328,620164000,NVDA
2020-02-19,7.503326497968671,7.849760274061292,7.503326497968671,7.832089900970459,694332000,NVDA
2020-02-20,7.784055978174739,7.872406404086642,7.375403572712378,7.682764053344727,810052000,NVDA
2020-02-21,7.5705212914852815,7.595657599846096,7.233793590100202,7.318659782409668,768180000,NVDA
2020-02-24,6.724346724805658,7.015032728613473,6.669843188096239,6.801249027252197,856916000,NVDA
2020-02-25,6.876408676352782,6.938378621692745,6.4199725063465785,6.521762371063232,1055496000,NVDA
2020-02-26,6.522011350712756,6.855254805834206,6.52051844783171,6.661132335662842,747732000,NVDA
2020-02-27,6.347611926679557,6.648930749588357,6.1979487749822635,6.290336608886719,906416000,NVDA
2020-02-28,6.037828474875231,6.784899546723663,6.021144028196548,6.7253828048706055,1133252000,NVDA
2020-03-02,6.895464783839426,6.9126474759438485,6.499517154839416,6.883760452270508,890744000,NVDA
2020-03-03,6.939541411420156,6.999307023640766,6.535874048383483,6.621289253234863,652792000,NVDA
2020-03-04,6.728618217428023,7.094433875085668,6.653910847652948,7.084970951080322,597408000,NVDA
2020-03-05,6.885501711504045,7.052347524729232,6.760989924768078,6.805565357208252,540328000,NVDA
2020-03-06,6.626019864056424,6.683544539537678,6.424808655737229,6.62502384185791,515412000,NVDA
2020-03-09,5.974075990018419,6.459672190499384,5.931244186243658,6.112035274505615,614160000,NVDA
2020-03-10,6.388452338454061,6.501509189605713,6.1257327953788865,6.501509189605713,580648000,NVDA
2020-03-11,6.361557091677806,6.38994586331887,6.04056576513006,6.1376848220825195,499964000,NVDA
2020-03-12,5.614485926800339,5.879945078661735,5.373929229752029,5.386629581451416,816540000,NVDA
2020-03-13,5.739994165932216,6.001967021688667,5.468807747955837,5.9974846839904785,634836000,NVDA
2020-03-16,5.289509075643318,5.630422664203219,4.831056815084634,4.890822410583496,726972000,NVDA
2020-03-17,5.003133264971401,5.4999355774252425,4.756351060498618,5.41053581237793,833632000,NVDA
2020-03-18,4.982962115786236,5.228001143281701,4.499358442377343,5.05069637298584,874268000,NVDA
2020-03-19,5.029280865027534,5.397089051683916,4.815868008217613,5.3034563064575195,765512000,NVDA
2020-03-20,5.453617044388222,5.735511767463592,5.108221508815818,5.123661041259766,804636000,NVDA
2020-03-23,5.122665029285088,5.390863877993336,4.943617068293397,5.296483516693115,643876000,NVDA
2020-03-24,5.702641033345908,6.2918312232495754,5.678983959481302,6.205170631408691,1101644000,NVDA
2020-03-25,6.320219057670394,6.519936005707331,6.067709130537337,6.116518020629883,793432000,NVDA
2020-03-26,6.323706009766051,6.529897835657393,6.2255909210386315,6.405884265899658,696108000,NVDA
2020-03-27,6.225590704111467,6.552309772659619,6.192719592793357,6.293574333190918,638828000,NVDA
2020-03-30,6.359067291374254,6.623032683251805,6.314990097114926,6.613818645477295,602252000,NVDA
2020-03-31,6.653911531793764,6.858111316861136,6.418584266504884,6.564263343811035,949960000,NVDA
2020-04-01,6.366288693106729,6.512714411716045,6.008441698800573,6.053016662597656,656912000,NVDA
2020-04-02,6.082153060595825,6.375004996448508,6.034091777591289,6.361806869506836,675764000,NVDA
2020-04-03,6.324204542857716,6.365791446483019,5.936474920446997,6.0739359855651855,663212000,NVDA
2020-04-06,6.356078486910702,6.720649216616237,6.298553810410207,6.683793544769287,727884000,NVDA
2020-04-07,6.905425598520726,6.929083148905279,6.4073783058763185,6.4504594802856445,784520000,NVDA
2020-04-08,6.559531613136199,6.672588463674239,6.489555935983957,6.647686004638672,542444000,NVDA
2020-04-09,6.77344171497517,6.796351649251592,6.485072167404843,6.548075199127197,525564000,NVDA
2020-04-13,6.4883109339869005,6.728618781540111,6.399907656900976,6.719902992248535,398408000,NVDA
2020-04-14,6.8481491312848295,7.105141388817027,6.820507495955721,7.071025371551514,530948000,NVDA
2020-04-15,6.902933767128496,7.076503335338195,6.857611671184908,6.9935784339904785,366148000,NVDA
2020-04-16,7.148971187418579,7.445807245831523,7.135773058997118,7.338726997375488,745620000,NVDA
2020-04-17,7.420904147198899,7.442320290044021,7.145484257149034,7.279458999633789,539120000,NVDA
2020-04-20,7.152954145646521,7.3088427830521985,7.103896370864844,7.14822244644165,449388000,NVDA
2020-04-21,7.030186206973382,7.091445616166111,6.651670181611287,6.711435794830322,735160000,NVDA
2020-04-22,6.9036824351032005,7.16864386436496,6.858111442244834,7.125811576843262,483356000,NVDA
2020-04-23,7.167895675399219,7.29987788446425,7.047367959603796,7.072519302368164,424160000,NVDA
2020-04-24,7.062309990799621,7.213466940038057,6.987602620072734,7.211474895477295,352328000,NVDA
2020-04-27,7.345948193997558,7.557867261209609,7.321294622853795,7.397994041442871,479388000,NVDA
2020-04-28,7.545414690746777,7.575297730946533,7.250072978732017,7.255551338195801,442904000,NVDA
2020-04-29,7.390273122248136,7.485151239621805,7.3150679863591925,7.432358264923096,379160000,NVDA
2020-04-30,7.378320164848729,7.432358525382171,7.264516672346665,7.278461933135986,375916000,NVDA
2020-05-01,7.080986751472618,7.194292483570223,6.993579499567315,7.0418901443481445,342096000,NVDA
2020-05-04,6.994575294874223,7.26750535035429,6.994575294874223,7.253808975219727,317556000,NVDA
2020-05-05,7.357900981818073,7.477432203170718,7.253808818035892,7.314819812774658,368896000,NVDA
2020-05-06,7.39425806760454,7.520513027172209,7.356406373420387,7.415673732757568,323464000,NVDA
2020-05-07,7.554878755504124,7.655235248420218,7.503580043298903,7.591983318328857,373732000,NVDA
2020-05-08,7.663701359549101,7.788213162222441,7.629834229017725,7.78198766708374,339216000,NVDA
2020-05-11,7.777008568160704,8.080817728764211,7.7483709050665075,8.034001350402832,469060000,NVDA
2020-05-12,8.091773445172167,8.140581862302048,7.7623152046208865,7.772027015686035,493060000,NVDA
2020-05-13,7.886577506904461,8.046948482659857,7.565087945015073,7.749614715576172,625852000,NVDA
2020-05-14,7.811123830529549,8.004615284650143,7.65747611657853,7.999136924743652,602312000,NVDA
2020-05-15,7.858935199100992,8.46729953029396,7.843246781889326,8.457588195800781,987660000,NVDA
2020-05-18,8.726286911987017,8.881677810195608,8.646599418026181,8.716076850891113,774460000,NVDA
2020-05-19,8.755917983642572,9.05200681717185,8.728525237656509,8.771108627319336,717320000,NVDA
2020-05-20,8.955886844050895,9.007683809546332,8.854036071033905,8.934968948364258,587536000,NVDA
2020-05-21,9.016150202023102,9.017145749409037,8.70337638192657,8.740979194641113,761068000,NVDA
2020-05-22,8.79078398433552,9.057489064070714,8.67922186989456,8.990999221801758,1038764000,NVDA
2020-05-26,9.120988085794831,9.14589101839165,8.638131479647026,8.68370246887207,770780000,NVDA
2020-05-27,8.591314793554313,8.599034084910985,7.965518321925909,8.491954803466797,1175892000,NVDA
2020-05-28,8.379395599557078,8.726285899870943,8.346524488362034,8.45385456085205,734896000,NVDA
2020-05-29,8.521091927726768,8.840838432312012,8.451863374940007,8.840838432312012,745256000,NVDA
2020-06-01,8.798751283519696,8.806221687857695,8.655562517360025,8.771856307983398,389876000,NVDA
2020-06-02,8.761896855847086,8.802736146428314,8.62418643742466,8.790782928466797,391320000,NVDA
2020-06-03,8.787793124098316,8.831620945623646,8.666020043631217,8.735248565673828,365440000,NVDA
2020-06-04,8.697879144021291,8.912386326144187,8.647553504406243,8.736247062683105,424280000,NVDA
2020-06-05,8.764151688071133,8.965952278985723,8.677950020915608,8.8892183303833,481748000,NVDA
2020-06-08,8.846615376117425,8.859072050015294,8.655776508944166,8.774615287780762,387736000,NVDA
2020-06-09,8.769630627027317,9.078311257559477,8.721048943535084,9.01478099822998,468488000,NVDA
2020-06-10,9.136113250908178,9.467216327764026,9.121911673712983,9.334425926208496,632180000,NVDA
2020-06-11,9.118425376690231,9.229291406173092,8.755682075997175,8.765896797180176,583652000,NVDA
2020-06-12,9.130881046214606,9.15554539189167,8.673215446649964,8.901674270629883,570908000,NVDA
2020-06-15,8.784831221668995,9.150564425960592,8.713577174373565,9.142093658447266,400004000,NVDA
2020-06-16,9.193164514152052,9.23477038751409,8.808246985074005,9.037203788757324,535716000,NVDA
2020-06-17,9.082297700621664,9.266907709322622,9.038946927708247,9.20412540435791,408304000,NVDA
2020-06-18,9.195159372769865,9.250467881789225,9.083047401732872,9.186190605163574,254408000,NVDA
2020-06-19,9.21060547299909,9.412406059960434,9.195407893756292,9.229290008544922,524160000,NVDA
2020-06-22,9.267906669276206,9.49835845482481,9.241248418658067,9.493873596191406,398468000,NVDA
2020-06-23,9.518040209035501,9.60922473407461,9.375036034949984,9.417388916015625,375108000,NVDA
2020-06-24,9.443547070941973,9.523520864959455,9.112942026842921,9.203628540039062,449372000,NVDA
2020-06-25,9.323464192064792,9.47219917351608,9.150562864873292,9.457250595092773,376072000,NVDA
2020-06-26,9.467218082457258,9.467218082457258,9.093512105518155,9.123408317565918,592084000,NVDA
2020-06-29,9.13810678244257,9.17273685020403,8.869287056151329,9.168251991271973,342248000,NVDA
2020-06-30,9.281858355983763,9.49337565709447,9.234522616334136,9.464974403381348,367892000,NVDA
2020-07-01,9.487895459840797,9.542705967758568,9.380517348684924,9.497113227844238,326648000,NVDA
2020-07-02,9.605737885584766,9.703898234807523,9.545197512773237,9.579080581665039,364056000,NVDA
2020-07-06,9.708131608857562,9.874555120077645,9.678982404276315,9.80529499053955,315892000,NVDA
2020-07-07,9.911924749184905,10.035247413067934,9.816754334047982,9.837681770324707,357800000,NVDA
2020-07-08,9.959263037333473,10.189715796668938,9.9311107813618,10.180746078491211,365480000,NVDA
2020-07-09,10.344428905085344,10.533523817921163,10.19818487420453,10.472734451293945,494548000,NVDA
2020-07-10,10.552207713445835,10.618477930540756,10.342932393289248,10.443085670471191,497676000,NVDA
2020-07-13,10.558437354482594,10.755006067364793,9.99040375490686,10.017560005187988,457076000,NVDA
2020-07-14,10.040232450582947,10.366851638295143,9.751731237272898,10.341190338134766,542676000,NVDA
2020-07-15,10.378312439988601,10.396996976392158,10.021049087895884,10.191957473754883,403984000,NVDA
2020-07-16,9.980436664295212,10.171524472649804,9.861348921955102,10.099773406982422,344964000,NVDA
2020-07-17,10.190215263746163,10.21313566260369,10.052940920694368,10.166297912597656,266284000,NVDA
2020-07-20,10.238795062200655,10.494908161522394,10.12170023378326,10.474478721618652,284852000,NVDA
2020-07-21,10.47672022047995,10.523558910117604,10.251251290814393,10.29285717010498,277036000,NVDA
2020-07-22,10.331721147772265,10.565909799920115,10.255983217585523,10.402725219726562,367292000,NVDA
2020-07-23,10.413935754756906,10.510601119147458,9.9966310953695,10.094791412353516,411660000,NVDA
2020-07-24,9.840923390985049,10.328983272480894,9.743261994750066,10.159320831298828,473292000,NVDA
2020-07-27,10.196938356220194,10.405714725652683,10.182487780384779,10.38553524017334,292132000,NVDA
2020-07-28,10.338450010177334,10.346172824798396,10.1740194451191,10.18024730682373,271636000,NVDA
2020-07-29,10.354891294507025,10.479957918378492,10.31129246650235,10.429383277893066,284508000,NVDA
2020-07-30,10.339196062638807,10.5863403635823,10.25972121762195,10.577371597290039,308880000,NVDA
2020-07-31,10.526798578991936,10.729348098405705,10.396998060453555,10.578121185302734,386080000,NVDA
2020-08-03,10.695463227056676,11.06044937073828,10.678272694361175,10.972254753112793,412720000,NVDA
2020-08-04,11.011867707424818,11.189003944396973,10.86836458429402,11.189003944396973,310336000,NVDA
2020-08-05,11.205197044278888,11.332505620084278,11.127715156632394,11.247798919677734,249924000,NVDA
2020-08-06,11.310583532074679,11.318805298439145,11.140174095044648,11.296382904052734,244316000,NVDA
2020-08-07,11.273460477418752,11.465047272124,10.999409884640297,11.160850524902344,342516000,NVDA
2020-08-10,11.29513795421736,11.368882000251494,10.819035809551947,11.126471519470215,427796000,NVDA
2020-08-11,11.035533253455245,11.098316512695563,10.758492772663406,10.812556266784668,354512000,NVDA
2020-08-12,10.952820408317251,11.427426529688978,10.920432302149997,11.400769233703613,464412000,NVDA
2020-08-13,11.506156253897396,11.681300500548199,11.316563329189249,11.403512001037598,374460000,NVDA
2020-08-14,11.490209613163513,11.664356876470226,11.401019002979302,11.524092674255371,366436000,NVDA
2020-08-17,11.810352048276599,12.36692500157999,11.7764699343852,12.294425964355469,621300000,NVDA
2020-08-18,12.407036978701228,12.452878719522852,12.044542712246516,12.218440055847168,503448000,NVDA
2020-08-19,12.254066733502945,12.272502269183928,12.05625109770303,12.096611976623535,622624000,NVDA
2020-08-20,11.933676401170455,12.3322956793392,11.837758013672044,12.099102973937988,921388000,NVDA
2020-08-21,12.159643368535798,12.76454905109329,12.153165555775876,12.639731407165527,999868000,NVDA
2020-08-24,12.839289060494515,12.867940264465586,12.46433720627704,12.676353454589844,490564000,NVDA
2020-08-25,12.587163447397067,12.71721295767159,12.530359983621405,12.706002235412598,289076000,NVDA
2020-08-26,12.755080235422875,12.82409136442748,12.633999509151844,12.728920936584473,321244000,NVDA
2020-08-27,12.737391908262952,12.805656037139427,12.523133704353224,12.584671020507812,317604000,NVDA
2020-08-28,12.631256851072234,13.102624030874669,12.598868747372684,13.102375030517578,537160000,NVDA
2020-08-31,13.137258377321622,13.52815485178674,12.99275924123955,13.328347206115723,500840000,NVDA
2020-09-01,13.437499372727544,13.949629681508943,13.394136574142701,13.777424812316895,511316000,NVDA
2020-09-02,14.65739052033488,14.680318719031057,13.856174608412418,14.301267623901367,874012000,NVDA
2020-09-03,13.785150980513366,13.840725107880663,12.838146289033148,12.974465370178223,945128000,NVDA
2020-09-04,12.74344435701428,13.133461413536873,11.667846759486407,12.582703590393066,1463684000,NVDA
2020-09-08,11.697503200446143,12.510432336762877,11.667348976243487,11.87544059753418,795728000,NVDA
2020-09-09,12.360905048543636,12.76886502863657,12.193185421465744,12.674912452697754,736200000,NVDA
2020-09-10,12.94829871786249,13.024059324113075,12.128640676598586,12.272934913635254,698684000,NVDA
2020-09-11,12.446138237529997,12.61261156665799,11.858247209010582,12.126150131225586,636928000,NVDA
2020-09-14,13.039760506816634,13.273022041293633,12.591428464582796,12.83166790008545,1201744000,NVDA
2020-09-15,13.238129187299958,13.256820260509723,12.787305559031369,12.950040817260742,727556000,NVDA
2020-09-16,12.916397348697215,13.051470091595386,12.474296072141467,12.475043296813965,556384000,NVDA
2020-09-17,12.093999008494725,12.550057048769823,11.99680656074234,12.42420482635498,792512000,NVDA
2020-09-18,12.554046450865343,12.592673981885103,11.950954253863882,12.150821685791016,698460000,NVDA
2020-09-21,11.887402512276836,12.48301853522082,11.866966963073288,12.477785110473633,721044000,NVDA
2020-09-22,12.535354084103151,12.608123888333473,12.117177260031074,12.597906112670898,646452000,NVDA
2020-09-23,12.535852998756644,12.686876067307859,12.04116831516123,12.085527420043945,647012000,NVDA
2020-09-24,12.034190722797042,12.529872669499609,11.976123939065822,12.309070587158203,731240000,NVDA
2020-09-25,12.408256652197235,12.842881933702188,12.207142912715822,12.833162307739258,588016000,NVDA
2020-09-28,12.999137539161858,13.010601640307375,12.709802791708746,12.993904113769531,573808000,NVDA
2020-09-29,12.896711278367409,13.400368327891107,12.89247510346008,13.184052467346191,621460000,NVDA
2020-09-30,13.116017451742245,13.579551557205184,13.10879047677623,13.487841606140137,689184000,NVDA
2020-10-01,13.714624017312177,13.719358341774951,13.418310444661264,13.571576118469238,525004000,NVDA
2020-10-02,13.183306677405055,13.476877623237657,13.009854499558205,13.021069526672363,552496000,NVDA
2020-10-05,13.194269071030487,13.601231779612217,13.181060496314407,13.5994873046875,479820000,NVDA
2020-10-06,13.786394959299862,14.097411520223703,13.621915230093496,13.69318962097168,784420000,NVDA
2020-10-07,13.955612959185514,14.074736369831703,13.819792021827784,13.919975280761719,418084000,NVDA
2020-10-08,14.030623394171375,14.040093944013766,13.714623411586466,13.79511833190918,378900000,NVDA
2020-10-09,13.723596523541781,13.780666052397772,13.617681691548734,13.719359397888184,346892000,NVDA
2020-10-12,13.945391558607596,14.301764447548424,13.868634672005232,14.181145668029785,434744000,NVDA
2020-10-13,14.251423337082565,14.303259426700917,13.974549067694966,14.203325271606445,344604000,NVDA
2020-10-14,14.24544672497904,14.297531907685247,13.915989026074767,14.050812721252441,276100000,NVDA
2020-10-15,13.76720853862812,13.961593453432227,13.72434388516162,13.925956726074219,267224000,NVDA
2020-10-16,13.992493934363518,14.076976904411488,13.749013723781008,13.767953872680664,242392000,NVDA
2020-10-19,13.859169341844076,13.939415208053443,13.364483665298152,13.45519733428955,298068000,NVDA
2020-10-20,13.540673229981198,13.756241845405201,13.464414483515402,13.60247802734375,229212000,NVDA
2020-10-21,13.58204516755645,13.74802034288647,13.43501014514702,13.482110977172852,219596000,NVDA
2020-10-22,13.479869006131262,13.568837248719404,13.190035122594184,13.318878173828125,290480000,NVDA
2020-10-23,13.407594359777686,13.550393182013844,13.249345288495318,13.547402381896973,233484000,NVDA
2020-10-26,13.384667711577912,13.649579792696025,12.997392352414028,13.099818229675293,336896000,NVDA
2020-10-27,13.264047645682204,13.399619486373137,13.149908603860732,13.354512214660645,250520000,NVDA
2020-10-28,13.156388537797922,13.218193334409735,12.56924582198825,12.587188720703125,376520000,NVDA
2020-10-29,12.798022516795879,13.151155583949004,12.709801518732187,12.982937812805176,320080000,NVDA
2020-10-30,12.809487666588163,12.895714171196541,12.261221483654902,12.494483947753906,416820000,NVDA
2020-11-02,12.6178430986326,12.796278653138547,12.355921817146161,12.541086196899414,299652000,NVDA
2020-11-03,12.668431452103215,13.06368096759497,12.563014786179766,12.978450775146484,272900000,NVDA
2020-11-04,13.347034420655579,13.78390318861694,13.294949252565239,13.750757217407227,410228000,NVDA
2020-11-05,14.117848141886952,14.293791032615538,13.946888650320856,14.115355491638184,319028000,NVDA
2020-11-06,14.06526480662683,14.542754714559118,13.851192528563923,14.51608943939209,383348000,NVDA
2020-11-09,14.506618224863628,14.645179920761693,13.567837827664581,13.587774276733398,582976000,NVDA
2020-11-10,13.56360312015557,13.56360312015557,12.588437650213546,12.729741096496582,644068000,NVDA
2020-11-11,13.012592545251218,13.392640872918705,12.907424958268164,13.375694274902344,404744000,NVDA
2020-11-12,13.436503832434182,13.722598689302842,13.274017628340097,13.414323806762695,365812000,NVDA
2020-11-13,13.584283987458695,13.625653232231919,13.018075009985383,13.255075454711914,346312000,NVDA
2020-11-16,13.13096916459676,13.60646550624664,13.114521665227775,13.472639083862305,413776000,NVDA
2020-11-17,13.509770768324225,13.55338264099066,13.261805306020042,13.379931449890137,312028000,NVDA
2020-11-18,13.422797522554765,13.562854630402907,13.143431482279327,13.386412620544434,510924000,NVDA
2020-11-19,13.171094026592812,13.444977567044422,13.058699445144363,13.397876739501953,565936000,NVDA
2020-11-20,13.411581184645012,13.451953179863478,13.023806777843802,13.046485900878906,341088000,NVDA
2020-11-23,13.129728030217507,13.34031141899807,12.974468757666319,13.098576545715332,361356000,NVDA
2020-11-24,13.101063940439783,13.120502239825685,12.844376096717541,12.91689682006836,346500000,NVDA
2020-11-25,12.991411800755374,13.227664107698024,12.978951400504695,13.193023681640625,259916000,NVDA
2020-11-27,13.332831332124405,13.365229132389386,13.128975881494377,13.219439506530762,167276000,NVDA
2020-11-30,13.223178161034154,13.370213157845031,12.931350792165748,13.359247207641602,286952000,NVDA
2020-12-01,13.44970984316302,13.486094737108473,13.186541336214262,13.347782135009766,296948000,NVDA
2020-12-02,13.30841094984548,13.630392605453737,13.19252740479343,13.501799583435059,283360000,NVDA
2020-12-03,13.54866416232819,13.620957172844438,13.290903852700819,13.357711791992188,199520000,NVDA
2020-12-04,13.410058924346519,13.521240954299476,13.350480107402767,13.519495964050293,202244000,NVDA
2020-12-07,13.562374575854195,13.692003123709071,13.461414273109401,13.567858695983887,223244000,NVDA
2020-12-08,13.546168949470523,13.55987972282517,13.243536292742638,13.311841011047363,271920000,NVDA
2020-12-09,13.262482439496566,13.375657659277737,12.831467938222275,12.893789291381836,401300000,NVDA
2020-12-10,12.832218590000648,13.031397616453376,12.812773594068839,12.935173034667969,207764000,NVDA
2020-12-11,12.930187096081763,12.982786912708411,12.786349472675026,12.976056098937988,209264000,NVDA
2020-12-14,13.050590163896993,13.3504802934115,13.040120222256023,13.270709037780762,270156000,NVDA
2020-12-15,13.401333301891295,13.425514015697209,13.14905717380978,13.322310447692871,193016000,NVDA
2020-12-16,13.384131893628574,13.398840210528448,13.174732133515494,13.204647064208984,223116000,NVDA
2020-12-17,13.328543256876912,13.341257437063334,13.14083174724949,13.303116798400879,231384000,NVDA
2020-12-18,13.34075861756635,13.366684324788022,13.033141062616313,13.234065055847168,342064000,NVDA
2020-12-21,13.03737902706712,13.331785067544075,12.930435361494242,13.294142723083496,302332000,NVDA
2020-12-22,13.281177624976387,13.299125822830971,13.016685624855324,13.240294456481934,185580000,NVDA
2020-12-23,13.218109557528855,13.237055302531518,12.967827545846838,12.972064971923828,179144000,NVDA
2020-12-24,12.999986293991261,13.094964178276724,12.90176852813386,12.956610679626465,97884000,NVDA
2020-12-28,13.025164582752689,13.025164582752689,12.726770253169589,12.863128662109375,212564000,NVDA
2020-12-29,12.88805646583581,13.035134902377251,12.805542671902463,12.906253814697266,170372000,NVDA
2020-12-30,12.953122162932514,13.175983627972645,12.859890209570766,13.10817813873291,225396000,NVDA
2020-12-31,13.098954915579233,13.113413138382816,12.878087589325604,13.017687797546387,192424000,NVDA
2021-01-04,13.066795083910115,13.613478260876672,12.925449902304845,13.076018333435059,560640000,NVDA
2021-01-05,13.062308392629653,13.40507590033229,13.049595161288442,13.366436958312988,322760000,NVDA
2021-01-06,13.184706458898969,13.207142186008463,12.55002633699992,12.578444480895996,580424000,NVDA
2021-01-07,12.930433708618178,13.339511720637944,12.849665861110775,13.30585765838623,461480000,NVDA
2021-01-08,13.324307443387072,13.382639576611059,13.004723124897778,13.238801956176758,292528000,NVDA
2021-01-11,13.380394628106359,13.92109533146687,13.324305789405765,13.582565307617188,518344000,NVDA
2021-01-12,13.713190565215053,13.715185654983586,13.306856014425799,13.446206092834473,291476000,NVDA
2021-01-13,13.451440936900354,13.586055290946524,13.346741517718936,13.493071556091309,210028000,NVDA
2021-01-14,13.536198445576108,13.56087745931454,13.142826263852895,13.162519454956055,283120000,NVDA
2021-01-15,13.190192825920246,13.287164861102264,12.81177803540383,12.822746276855469,277780000,NVDA
2021-01-19,12.97904584526776,13.056573821043251,12.807288385767938,12.988020896911621,226188000,NVDA
2021-01-20,13.074273353645776,13.392112675663085,13.019431202517943,13.327548027038574,258572000,NVDA
2021-01-21,13.380146684400248,13.959237226928826,13.215120034647857,13.827863693237305,337780000,NVDA
2021-01-22,13.700727061039379,13.802186604239331,13.588299278392899,13.67330551147461,246820000,NVDA
2021-01-25,13.742357125035246,13.78897356721507,13.198665682875298,13.614224433898926,251112000,NVDA
2021-01-26,13.541683847092358,13.605750200050279,13.349235639705508,13.396849632263184,163980000,NVDA
2021-01-27,13.192182640592238,13.194925175530416,12.757179892792237,12.880825996398926,371272000,NVDA
2021-01-28,12.95910366922323,13.30162199857024,12.923455463539968,13.013696670532227,228316000,NVDA
2021-01-29,13.037625772129568,13.296633658801358,12.874593293619666,12.952619552612305,271552000,NVDA
2021-02-01,13.01593946153721,13.232817502593113,12.865869347591303,13.199164390563965,217204000,NVDA
2021-02-02,13.360454111923822,13.533208177107893,13.247527071774433,13.5180025100708,220440000,NVDA
2021-02-03,13.597024736589539,13.89193002868741,13.477867087311907,13.491827011108398,245408000,NVDA
2021-02-04,13.492324230974786,13.634416844530163,13.299626897697083,13.62519359588623,201340000,NVDA
2021-02-05,13.685770399260598,13.697985331998837,13.507032031988212,13.552152633666992,169152000,NVDA
2021-02-08,13.688016242934305,14.432382686350513,13.688016242934305,14.397482872009277,434624000,NVDA
2021-02-09,14.299758642023518,14.541565792790065,14.181846750202897,14.222480773925781,287560000,NVDA
2021-02-10,14.421913210132988,14.862400232641521,14.300511301613426,14.722052574157715,485352000,NVDA
2021-02-11,14.937431095439102,15.228596265602246,14.882338853622967,15.207157135009766,450828000,NVDA
2021-02-12,15.006983766434686,15.247544255487185,14.732769210253142,14.918487548828125,374756000,NVDA
2021-02-16,15.021190889000872,15.328560224455654,14.907267274456522,15.286430358886719,321960000,NVDA
2021-02-17,15.127637657234107,15.179988324043537,14.737755421903262,14.863395690917969,274756000,NVDA
2021-02-18,14.68689797534189,14.830735560188167,14.533337895222875,14.786612510681152,233868000,NVDA
2021-02-19,14.981555252381096,15.133619512638292,14.804313681704349,14.883835792541504,271724000,NVDA
2021-02-22,14.732522289763777,15.08999814616533,14.284057765998021,14.314720153808594,325884000,NVDA
2021-02-23,14.03501707791871,14.19805051425763,13.351227213256394,14.101576805114746,391780000,NVDA
2021-02-24,14.082382854481477,14.465285082228274,13.716680430519219,14.45755672454834,448320000,NVDA
2021-02-25,14.005354056686674,14.3336633080336,13.178474888234955,13.269463539123535,824436000,NVDA
2021-02-26,13.713192095526345,13.814900794289937,13.322811562682315,13.675301551818848,500932000,NVDA
2021-03-01,13.835341784593728,13.885199062295472,13.51451173836479,13.802186965942383,353184000,NVDA
2021-03-02,13.860269716548428,13.880711304669166,13.357710571906427,13.367931365966797,264116000,NVDA
2021-03-03,13.38787589697503,13.41305321076399,12.76216886866683,12.768152236938477,377592000,NVDA
2021-03-04,12.764161819483274,12.937914367477056,12.049211189236068,12.334892272949219,573344000,NVDA
2021-03-05,12.514127488088242,12.514127488088242,11.64586599874504,12.425880432128906,542840000,NVDA
2021-03-08,12.414414640051222,12.435603674084037,11.533439801994518,11.560113906860352,543112000,NVDA
2021-03-09,12.099752572699794,12.585029220167039,12.02893097921558,12.48877239227295,521824000,NVDA
2021-03-10,12.808217687288016,12.94736663668477,12.426181162680194,12.436903953552246,384376000,NVDA
2021-03-11,12.917442013123948,13.01345056221535,12.702483926792517,12.960832595825195,299916000,NVDA
2021-03-12,12.61644907371849,12.856344851474955,12.558346052461756,12.823677062988281,243964000,NVDA
2021-03-15,12.832407665262366,13.173547877909758,12.735152934451662,13.158086776733398,221988000,NVDA
2021-03-16,13.322918874295542,13.478526797408927,13.083771743024755,13.257833480834961,272128000,NVDA
2021-03-17,13.006967363859617,13.419427631953024,12.956843642184772,13.307709693908691,243864000,NVDA
2021-03-18,13.10347523322454,13.150855475897037,12.685029504987675,12.690515518188477,293896000,NVDA
2021-03-19,12.717946442193226,12.889015495891451,12.580792308071988,12.813455581665039,299208000,NVDA
2021-03-22,12.880286224197679,13.360824589518188,12.87430079133781,13.153098106384277,297804000,NVDA
2021-03-23,13.220926519947097,13.310949633938653,12.988512512674987,13.037888526916504,222048000,NVDA
2021-03-24,13.118186120651787,13.126166380625975,12.604979968071678,12.611213684082031,245840000,NVDA
2021-03-25,12.468074080612768,12.682782915136395,12.241146098262075,12.50373363494873,295144000,NVDA
2021-03-26,12.522934633293266,12.823926144794068,12.34238995379477,12.806968688964844,363968000,NVDA
2021-03-29,12.788017694881296,13.0296590866071,12.668070270981813,12.915696144104004,273520000,NVDA
2021-03-30,12.809713771579235,12.942629001970921,12.673058121314657,12.839388847351074,200204000,NVDA
2021-03-31,12.982775931153382,13.436631874221554,12.949858908801794,13.314689636230469,314776000,NVDA
2021-04-01,13.53812732257779,13.835128246846539,13.477279865489436,13.77702522277832,308276000,NVDA
2021-04-05,13.832636208536442,13.978767529559853,13.698473850909528,13.9523344039917,255672000,NVDA
2021-04-06,13.964554358734274,14.01891697125034,13.738873462216315,13.826651573181152,191744000,NVDA
2021-04-07,13.845853464933775,14.207691563848941,13.677029424056386,14.107943534851074,251284000,NVDA
2021-04-08,14.216918348018499,14.435118400784658,14.213176976612907,14.281006813049316,244416000,NVDA
2021-04-09,14.178263049209333,14.371775539835284,14.13936154401989,14.363795280456543,195172000,NVDA
2021-04-12,14.253824546574181,15.313902572730411,14.10370261858076,15.17076301574707,869324000,NVDA
2021-04-13,15.193206795688422,15.660529096417902,15.087722573627937,15.640080451965332,676212000,NVDA
2021-04-14,15.585716806366602,15.6809766998769,15.189216132761569,15.238592147827148,385500000,NVDA
2021-04-15,15.623124606404787,16.173487680774556,15.592202403913975,16.096681594848633,598480000,NVDA
2021-04-16,16.012641545241966,16.12510909130004,15.825363694035376,15.872495651245117,335208000,NVDA
2021-04-19,15.497438724293298,15.767757295505456,15.194701596936312,15.323127746582031,404420000,NVDA
2021-04-20,15.284728358779589,15.458041488692649,14.925384478700941,15.133111000061035,334132000,NVDA
2021-04-21,15.080742136230171,15.323879936493135,15.064284095523146,15.321885108947754,216776000,NVDA
2021-04-22,15.336345317338932,15.399686073698188,14.746332141113498,14.812914848327637,277788000,NVDA
2021-04-23,14.896702404932322,15.296445004947893,14.862788442781444,15.2268705368042,227500000,NVDA
2021-04-26,15.146823331502622,15.440083849597968,15.08697376083181,15.439085960388184,197796000,NVDA
2021-04-27,15.539335580819824,15.631104301229037,15.31589873770508,15.343080520629883,164572000,NVDA
2021-04-28,15.325871147226541,15.49319975361543,15.177245590486669,15.238341331481934,209416000,NVDA
2021-04-29,15.36128198854834,15.397690199904106,15.033608086346442,15.286221504211426,173196000,NVDA
2021-04-30,15.136349691451016,15.32637005581225,14.959295227808386,14.971763610839844,201912000,NVDA
2021-05-03,15.086974247402853,15.20841803404415,14.750323136442555,14.79944896697998,203912000,NVDA
2021-05-04,14.600450555269253,14.600699789762439,13.975027035475872,14.315169334411621,405324000,NVDA
2021-05-05,14.672018629638556,14.776256666947063,14.351327112045158,14.422148704528809,292024000,NVDA
2021-05-06,14.4588080917108,14.534617237657999,14.182255771749805,14.486488342285156,193380000,NVDA
2021-05-07,14.771021408101264,14.933112300510395,14.63486422135409,14.77501106262207,229328000,NVDA
2021-05-10,14.750072669633822,14.768775720170076,14.21417381349999,14.229884147644043,268904000,NVDA
2021-05-11,13.790243752058554,14.318661830890395,13.715432492355607,14.270283699035645,285584000,NVDA
2021-05-12,13.974279724476874,14.224399880312989,13.674785449771695,13.72391128540039,303408000,NVDA
2021-05-13,13.998468968249746,14.045351693819338,13.425163933425056,13.630895614624023,285404000,NVDA
2021-05-14,13.855078332435786,14.291976846057006,13.713933617580155,14.20719051361084,258616000,NVDA
2021-05-17,14.121408850962863,14.133628001156678,13.818672627064075,14.129887580871582,216980000,NVDA
2021-05-18,14.231131212096818,14.36803609551161,13.968791939261795,13.980512619018555,186256000,NVDA
2021-05-19,13.532392615609274,14.04410338609354,13.509201440576488,14.030387878417969,344000000,NVDA
2021-05-20,14.266540771008533,14.646832621960627,14.234621635588551,14.575761795043945,321592000,NVDA
2021-05-21,15.125626149353618,15.183730127808582,14.832116394533218,14.954058647155762,672992000,NVDA
2021-05-24,15.1742545652697,15.705416097601091,15.137846351089925,15.57275104522705,554816000,NVDA
2021-05-25,15.726361521757942,15.778729299964287,15.443574568167058,15.60840892791748,435408000,NVDA
2021-05-26,15.69469328900032,15.754043443944218,15.547065605147322,15.660529136657715,370440000,NVDA
2021-05-27,15.66027906156566,15.710402780852254,15.42113191055747,15.449061393737793,581476000,NVDA
2021-05-28,15.462031299114846,16.236578947504775,15.462031299114846,16.20366096496582,644536000,NVDA
2021-06-01,16.229094980518518,16.347047573880385,15.863266335432474,16.223608016967773,472804000,NVDA
2021-06-02,16.211390186002433,16.876214600887355,16.194681963051526,16.736066818237305,594168000,NVDA
2021-06-03,16.65876306621484,17.215609998459154,16.541308933559474,16.927085876464844,580008000,NVDA
2021-06-04,17.06948062344339,17.61660182614419,17.05252506393666,17.534061431884766,617120000,NVDA
2021-06-07,17.527072794284408,17.767715323688513,17.14952444459165,17.5747013092041,575756000,NVDA
2021-06-08,17.483185585690848,17.57719836078649,17.207629259933416,17.41311264038086,323848000,NVDA
2021-06-09,17.47571805921768,17.534832519599075,17.216312069425967,17.31857681274414,381656000,NVDA
2021-06-10,17.310348253638647,17.45202392117329,17.136746130755657,17.385175704956055,287772000,NVDA
2021-06-11,17.439550960234815,17.898251342387297,17.403883229039902,17.78451156616211,416308000,NVDA
2021-06-14,17.865074363855577,17.9982683850617,17.62238044017172,17.97756576538086,321376000,NVDA
2021-06-15,17.874060506433292,17.975078819526285,17.687487575752424,17.747848510742188,243032000,NVDA
2021-06-16,17.75009034027756,17.91371508228744,17.54431057593765,17.76954460144043,307124000,NVDA
2021-06-17,17.73387307540823,18.79194830496863,17.71566527623226,18.614604949951172,809656000,NVDA
2021-06-18,18.74107162605108,19.330720564613056,18.541527942897947,18.596153259277344,968856000,NVDA
2021-06-21,18.39311488047978,18.494135068349298,17.78201553321056,18.385133743286133,672384000,NVDA
2021-06-22,18.429282365618864,18.92040773197676,18.343977066903633,18.843582153320312,580144000,NVDA
2021-06-23,18.96431028230056,19.10897936391846,18.864538436254087,19.013696670532227,332356000,NVDA
2021-06-24,19.183804200008918,19.375614096798248,19.044621470468723,19.161603927612305,320924000,NVDA
2021-06-25,19.23642920608654,19.301281162469362,18.85131184134657,18.987499237060547,278364000,NVDA
2021-06-28,19.317000214420624,20.03286106908621,19.274847095565143,19.9393253326416,495436000,NVDA
2021-06-29,19.8370606251026,20.052815878812567,19.612075871754318,19.980981826782227,367632000,NVDA
2021-06-30,19.953542508047825,20.116419372850345,19.81835223637548,19.956785202026367,326568000,NVDA
2021-07-01,20.079004759784198,20.40924764246024,19.973246122217304,20.16580581665039,480136000,NVDA
2021-07-02,20.39353374130317,20.458385715167392,20.241382131269432,20.440176010131836,342764000,NVDA
2021-07-06,20.690102132517197,20.794363107269312,20.303738226115755,20.65119171142578,446708000,NVDA
2021-07-07,20.80584097500275,20.827291472702445,20.28553319651976,20.325191497802734,418428000,NVDA
2021-07-08,19.81111606957633,20.086982890992743,19.655721781967447,19.85725975036621,503300000,NVDA
2021-07-09,19.91687611559388,20.03435717009147,19.709102017056413,20.004425048828125,296624000,NVDA
2021-07-12,20.193738078118493,20.485818358359275,20.141607595029487,20.46561622619629,321984000,NVDA
2021-07-13,20.353873559779505,20.41448567344241,20.068029336079224,20.203718185424805,290708000,NVDA
2021-07-14,20.31122089134156,20.371083224348496,19.707604117466037,19.79615020751953,380100000,NVDA
2021-07-15,19.76647364963509,19.801642801831328,18.815401275503216,18.92290496826172,550564000,NVDA
2021-07-16,18.9870054099986,19.113215466883993,18.03169335944509,18.119491577148438,688224000,NVDA
2021-07-19,17.87430916336547,18.998483249261675,17.82467157793206,18.736833572387695,749060000,NVDA
2021-07-20,18.687194083624995,18.794947062988875,18.12248763276061,18.5694637298584,434687000,NVDA
2021-07-21,18.838847442192375,19.48237382941793,18.699168004217075,19.36564064025879,371017000,NVDA
2021-07-22,19.597111677737608,19.841550705361282,19.23194698322062,19.54922103881836,323826000,NVDA
2021-07-23,19.611077449582748,19.654977514226925,19.206005202834984,19.513301849365234,195672000,NVDA
2021-07-26,19.26686406834247,19.39756327254006,18.87077017833942,19.249902725219727,203943000,NVDA
2021-07-27,19.220971495871236,19.577155964444557,18.69816886887377,19.16410255432129,248863000,NVDA
2021-07-28,19.27484982328238,19.601102183245256,18.95159086611591,19.45842933654785,202191000,NVDA
2021-07-29,19.4743906867944,19.807628906073607,19.283827210408294,19.6170654296875,190781000,NVDA
2021-07-30,19.3736191961783,19.585134561055348,19.21897466845994,19.454435348510742,183497000,NVDA
2021-08-02,19.654975725192713,19.915378880901837,19.316749821197465,19.70486068725586,217444000,NVDA
2021-08-03,19.6948831028393,20.175781820042896,19.176071129798512,19.769712448120117,301811000,NVDA
2021-08-04,19.944317380841728,20.27156883485217,19.782686938684932,20.22766876220703,231309000,NVDA
2021-08-05,20.45314629356312,20.68561356328151,20.29550646605199,20.589832305908203,211435000,NVDA
2021-08-06,20.477090195052455,20.52298458479839,20.163806797419902,20.31945037841797,178497000,NVDA
2021-08-09,20.399269221353503,20.461127792585444,20.096962239032255,20.248615264892578,146443000,NVDA
2021-08-10,20.27555363193905,20.383306595035517,19.78966527712816,19.89043617248535,179238000,NVDA
2021-08-11,19.997188135018266,20.003174938775825,19.385590269145975,19.653974533081055,185925000,NVDA
2021-08-12,19.824588657900602,19.983223761879053,19.57516002402308,19.859508514404297,151652000,NVDA
2021-08-13,19.859506824153872,20.167800604611397,19.805629391282583,20.14185905456543,183063000,NVDA
2021-08-16,20.08898224870646,20.240635283225057,19.408539829296206,19.90440559387207,210876000,NVDA
2021-08-17,19.640008912743852,19.72481563269579,19.222964992831216,19.413528442382812,204585000,NVDA
2021-08-18,19.455434460739273,19.589128991914862,18.956577166874165,18.99648666381836,285913000,NVDA
2021-08-19,19.4494518731429,20.448165746956896,18.71912428640541,19.752758026123047,766555000,NVDA
2021-08-20,19.945311597000565,20.817314696928367,19.887445490471492,20.7684268951416,675741000,NVDA
2021-08-23,20.923070353137504,21.946724447846748,20.90211844107872,21.907814025878906,575807000,NVDA
2021-08-24,21.703283176040937,21.908811733166473,21.485781010020887,21.74319076538086,297299000,NVDA
2021-08-25,21.687317646197013,22.41864211092378,21.67235253900136,22.162229537963867,347701000,NVDA
2021-08-26,22.149263059479914,22.288942483035,21.74020025936337,22.01756477355957,237940000,NVDA
2021-08-27,22.133300012367442,22.670070557019205,22.11633866678472,22.584266662597656,304722000,NVDA
2021-08-30,22.777822203844707,22.990334740001824,22.499460525203325,22.636146545410156,262580000,NVDA
2021-08-31,22.647125533698055,22.647125533698055,22.073339614358837,22.337779998779297,259850000,NVDA
2021-09-01,22.437569306889998,22.64912199389681,22.30983905945331,22.393661499023438,201767000,NVDA
2021-09-02,22.470495343605453,22.545337883825013,22.247966214051775,22.348752975463867,187834000,NVDA
2021-09-03,22.27790436202972,22.93750922846225,22.153168059674176,22.794811248779297,280532000,NVDA
2021-09-07,22.78483174949806,22.850692500855242,22.474487011995723,22.614192962646484,198107000,NVDA
2021-09-08,22.465504722881544,22.562300203414004,21.9306343212819,22.291872024536133,254434000,NVDA
2021-09-09,22.264932037922602,22.490455112570046,22.084314109745772,22.130216598510742,196856000,NVDA
2021-09-10,22.30085522288771,22.578268644590512,22.22302065137504,22.43058204650879,248376000,NVDA
2021-09-13,22.63614575794394,22.91555575401909,21.811888077680894,22.105268478393555,297500000,NVDA
2021-09-14,22.228007318619177,22.362722745195637,22.039406863407024,22.195077896118164,199755000,NVDA
2021-09-15,22.261938841506673,22.31981705301157,21.919661994088578,22.29387092590332,166538000,NVDA
2021-09-16,22.136202349836225,22.23000390634264,21.8807419007731,22.195077896118164,156033000,NVDA
2021-09-17,22.252955607329,22.273911214791905,21.78394779506993,21.85379981994629,294503000,NVDA
2021-09-20,21.101393708407006,21.387788954115265,20.61841542305834,21.068464279174805,349440000,NVDA
2021-09-21,21.37181828897263,21.379800833477784,20.905804421130274,21.20117950439453,204688000,NVDA
2021-09-22,21.32092658519888,21.91367337565563,21.151285132509745,21.89471435546875,268726000,NVDA
2021-09-23,22.093292745342225,22.48745990832766,21.843820146489403,22.434572219848633,248555000,NVDA
2021-09-24,22.02343781823822,22.10227162110545,21.814879118535682,22.034414291381836,217655000,NVDA
2021-09-27,21.664203077429683,21.753016037420434,21.280016887936462,21.614309310913086,245215000,NVDA
2021-09-28,21.169247409834707,21.37381486341932,20.607433491656852,20.655332565307617,343069000,NVDA
2021-09-29,20.895826640226495,20.972663870201263,20.423822978492204,20.473718643188477,218394000,NVDA
2021-09-30,20.724186869005347,21.021558534466575,20.64435571548034,20.67229652404785,221009000,NVDA
2021-10-01,20.706226639761606,20.814995951669495,20.16037968568149,20.698244094848633,240978000,NVDA
2021-10-04,20.460745149157145,20.49866509219777,19.51374772206686,19.69037437438965,345635000,NVDA
2021-10-05,19.907915325430285,20.60444281688041,19.812117171843163,20.40785789489746,279282000,NVDA
2021-10-06,20.077557514740203,20.67629028663116,20.03764098150744,20.656333923339844,297202000,NVDA
2021-10-07,21.047504806233384,21.277021060391967,20.927759015939795,21.030542373657227,256919000,NVDA
2021-10-08,21.056486855696548,21.16126489932197,20.73117434597139,20.78705596923828,151258000,NVDA
2021-10-11,20.53159470850479,21.01856416379945,20.467728645028984,20.65134048461914,163388000,NVDA
2021-10-12,20.7840582737319,21.012575243664767,20.48469194522779,20.627389907836914,162134000,NVDA
2021-10-13,20.873873186805923,20.945721806793706,20.66930570613976,20.89482879638672,180652000,NVDA
2021-10-14,21.243092625799367,21.70910653549275,21.077442440829326,21.70012664794922,243589000,NVDA
2021-10-15,21.763991377195527,21.884736417584175,21.616304770157008,21.815881729125977,226994000,NVDA
2021-10-18,21.70312142601179,22.243977904095235,21.598341475085665,22.17512321472168,189494000,NVDA
2021-10-19,22.229002928659522,22.331786266925064,21.990508735518052,22.24297523498535,161473000,NVDA
2021-10-20,22.257943285656594,22.385673501988418,21.935624766758792,22.05636978149414,146276000,NVDA
2021-10-21,22.05038282865257,22.66308781338826,22.036412424885217,22.644126892089844,187590000,NVDA
2021-10-22,22.77485412154464,23.081205703653463,22.51340768666048,22.678058624267578,249384000,NVDA
2021-10-25,22.92453474153749,23.305728827400447,22.72196388223994,23.117128372192383,230235000,NVDA
2021-10-26,23.93839301304731,25.205714271899417,23.873529604420657,24.66485595703125,485898000,NVDA
2021-10-27,24.422371980713933,25.0370717258524,24.230775672972076,24.3994197845459,245990000,NVDA
2021-10-28,24.825522753307272,24.897371379412476,24.471272044998354,24.888389587402344,234204000,NVDA
2021-10-29,24.948259341695557,25.65476598423701,24.947261999373193,25.513065338134766,292503000,NVDA
2021-11-01,25.59489414765004,25.83937625950011,25.173783464529546,25.772518157958984,265740000,NVDA
2021-11-02,25.76752362657921,26.621716711710945,25.745568776344143,26.345300674438477,294112000,NVDA
2021-11-03,26.613741629026617,26.727501473983224,26.17965976317595,26.541893005371094,239910000,NVDA
2021-11-04,27.171561344732318,31.298836258876868,27.060795434946982,29.738136291503906,1153631000,NVDA
2021-11-05,30.123319409166225,31.33375987513204,29.347958100058552,29.689237594604492,851260000,NVDA
2021-11-08,30.08540230696262,31.034396431529643,29.843912215673015,30.73902130126953,503101000,NVDA
2021-11-09,32.2139010026745,32.241841813464795,29.900790147535126,30.592327117919922,646746000,NVDA
2021-11-10,29.29407104741433,30.784918765255455,28.717289384564676,29.396852493286133,636206000,NVDA
2021-11-11,30.40372606119835,30.52546843492164,29.714183788640867,30.325889587402344,332172000,NVDA
2021-11-12,29.946692061105622,30.615278725972825,29.567492631483955,30.325889587402344,413054000,NVDA
2021-11-15,30.487551019532958,30.57935600274197,29.185303594652737,29.96166229248047,384909000,NVDA
2021-11-16,29.69622055809208,30.325888001469504,29.64333096717068,30.1392822265625,264484000,NVDA
2021-11-17,30.35383694430747,30.444646500542582,28.739249848351985,29.199277877807617,428508000,NVDA
2021-11-18,32.29872451850737,32.69089325728903,31.254929555488342,31.608182907104492,781711000,NVDA
2021-11-19,32.17498143367427,33.018200072194944,31.837695120260975,32.9154167175293,533867000,NVDA
2021-11-22,33.446293929247794,34.573911251550705,31.832706327709936,31.888587951660156,754335000,NVDA
2021-11-23,31.468474145181016,32.29173450046671,30.814855236904044,31.67902946472168,532163000,NVDA
2021-11-24,31.394635245658122,32.78569378331727,30.862758634892,32.60507583618164,435162000,NVDA
2021-11-26,32.53123047996509,32.640999049774194,31.283869193005557,31.436546325683594,283069000,NVDA
2021-11-29,32.29772758864819,33.34151875834948,31.968421870569852,33.30559539794922,454964000,NVDA
2021-11-30,33.09903100381717,33.28264478706327,31.79678541007752,32.60707092285156,622066000,NVDA
2021-12-01,33.15298701314343,33.2228476004512,31.317638978190622,31.372529983520508,484368000,NVDA
2021-12-02,31.15196289598715,32.41345063590255,30.96333745214234,32.06214904785156,472890000,NVDA
2021-12-03,31.936403568189156,32.0651488092906,30.070119147107587,30.632001876831055,544325000,NVDA
2021-12-06,29.82061499149107,30.18089759304379,27.982276767077416,29.977304458618164,658938000,NVDA
2021-12-07,30.89547671326527,32.38451208748878,30.590083198512986,32.362552642822266,593053000,NVDA
2021-12-08,31.935409065789486,32.22583112815729,31.358556702529327,31.762752532958984,475551000,NVDA
2021-12-09,31.67092845038367,32.14099491923516,30.367524347573724,30.429401397705078,488507000,NVDA
2021-12-10,31.088092914267587,31.24278555655399,29.801655081182673,30.137985229492188,488825000,NVDA
2021-12-13,30.188879415226584,30.233790052016023,28.060117515676378,28.10502815246582,598344000,NVDA
2021-12-14,27.6439528427401,28.621007355370885,27.195845739872162,28.280685424804688,667035000,NVDA
2021-12-15,28.343561661628623,30.439388813076704,27.782678223157248,30.398469924926758,698297000,NVDA
2021-12-16,31.090085593980838,31.098069115239593,28.037165364074696,28.33057975769043,707366000,NVDA
2021-12-17,27.92938285109951,28.864520919055607,27.704829638355005,27.74574851989746,713758000,NVDA
2021-12-20,27.250738791994166,28.088070296909056,27.09105690223569,27.663915634155273,461847000,NVDA
2021-12-21,28.31760499345217,29.06212254916848,27.346537430254713,29.0172119140625,524385000,NVDA
2021-12-22,28.833580742440954,29.49626062055205,28.392457864198384,29.341567993164062,395184000,NVDA
2021-12-23,29.69586788446444,29.999264606574506,29.372512354498358,29.581096649169922,343022000,NVDA
2021-12-27,29.601053125766303,31.02521713058112,29.58109241720771,30.883499145507812,403686000,NVDA
2021-12-28,31.24977398426647,31.267737862639216,29.952356330148934,30.261741638183594,420591000,NVDA
2021-12-29,30.212836426014583,30.48728951276,29.30763749732145,29.941375732421875,343139000,NVDA
2021-12-30,29.767724800283915,30.396473874297598,29.481296400919582,29.527204513549805,308864000,NVDA
2021-12-31,29.615028331207352,29.970321747102997,29.272709567584414,29.352550506591797,266530000,NVDA
2022-01-03,29.75574653768631,30.64996574600368,29.725805474067663,30.061138153076172,391547000,NVDA
2022-01-04,30.21682456762122,30.407444937866018,28.292656990618887,29.231786727905273,527154000,NVDA
2022-01-05,28.891465241719928,29.357538070443287,27.478280983281813,27.54913902282715,498064000,NVDA
2022-01-06,27.585072574146935,28.38148710599888,27.011216368945117,28.12200355529785,454186000,NVDA
2022-01-07,28.08507047729888,28.36551212654154,27.003223390433572,27.192846298217773,409939000,NVDA
2022-01-10,26.528172253329963,27.414407928007527,25.59303417452998,27.345544815063477,594681000,NVDA
2022-01-11,27.268699119824706,28.009225072030798,26.785661751752833,27.761716842651367,404089000,NVDA
2022-01-12,28.01121930597054,28.538169841179762,27.553131884370423,27.943355560302734,383413000,NVDA
2022-01-13,28.322597967784002,28.42339706817921,26.445335836793394,26.522184371948242,540171000,NVDA
2022-01-14,26.247728299351017,27.142946786412804,26.15790702100291,26.888452529907227,395832000,NVDA
2022-01-18,26.20780945704016,26.585058455010692,25.718783542206612,25.851518630981445,424270000,NVDA
2022-01-19,26.02717118789245,26.490247833386153,25.00221181655367,25.017181396484375,488315000,NVDA
2022-01-20,25.25371283114106,25.52816592790516,24.030147591877117,24.102005004882812,435181000,NVDA
2022-01-21,23.46028600695824,24.773670788821633,23.216771410371674,23.327550888061523,718958000,NVDA
2022-01-24,22.285621139528853,23.33353360141309,20.846487542973147,23.325550079345703,913982000,NVDA
2022-01-25,22.501191486192454,22.89740375021859,21.956277081612978,22.279632568359375,664616000,NVDA
2022-01-26,23.193810141981658,24.009185786472784,22.25567786422713,22.72673988342285,755959000,NVDA
2022-01-27,23.52116377527102,23.94731523787376,21.63192420739024,21.900390625,573353000,NVDA
2022-01-28,21.96825173742082,22.8125710384111,21.253675136018625,22.794607162475586,543774000,NVDA
2022-01-31,23.135928523427957,24.46029288211656,23.006187716140168,24.43733787536621,564680000,NVDA
2022-02-01,25.05411045530758,25.09502934074459,23.842522359091557,24.58903694152832,518925000,NVDA
2022-02-02,25.742740370347118,25.76569347477143,24.50420547493788,25.191837310791016,543419000,NVDA
2022-02-03,24.409394490116693,25.0271638258228,23.73274239062806,23.900407791137695,410178000,NVDA
2022-02-04,23.92435754479338,24.586039987928007,23.585033117362396,24.270668029785156,354829000,NVDA
2022-02-07,24.32356063658267,25.131950236744533,24.153898433728177,24.67885398864746,376868000,NVDA
2022-02-08,24.310591474393373,25.179860856231137,23.9323449370335,25.058103561401367,410359000,NVDA
2022-02-09,25.571080056956752,26.671888658006182,25.30261555051223,26.651927947998047,524282000,NVDA
2022-02-10,25.943341891805627,26.871492136649884,25.54912640450638,25.772680282592773,513200000,NVDA
2022-02-11,25.864495192370278,26.100026229482054,23.72575451723449,23.901403427124023,605472000,NVDA
2022-02-14,23.88643449693495,24.825564374214455,23.70778938191042,24.218772888183594,440424000,NVDA
2022-02-15,24.899421143139737,26.492250266931183,24.734750018411827,26.442350387573242,699869000,NVDA
2022-02-16,26.206814897463676,26.529172937045136,25.501219224442693,26.45831298828125,732676000,NVDA
2022-02-17,25.579063213609647,25.733755858622583,24.11697644225443,24.458295822143555,810595000,NVDA
2022-02-18,24.61897260173139,24.9363413812796,23.054090050944854,23.595012664794922,761255000,NVDA
2022-02-22,22.98922136037415,24.01617571252817,22.9542910697266,23.343515396118164,633422000,NVDA
2022-02-23,23.754697128771827,24.106996233636202,22.25668069011676,22.34250831604004,566511000,NVDA
2022-02-24,20.973235364784678,23.752700460531262,20.848483782736597,23.700803756713867,735801000,NVDA
2022-02-25,23.67385918065925,24.168871850041366,23.334534721068575,24.108991622924805,528866000,NVDA
2022-02-28,23.944321576419384,24.61598446694235,23.659888105648218,24.33654022216797,477319000,NVDA
2022-03-01,24.242727053391707,24.328556587897697,23.086029928980732,23.430343627929688,412056000,NVDA
2022-03-02,23.712826005452477,24.364639111563292,23.372446139998853,24.175981521606445,389642000,NVDA
2022-03-03,24.217906685184186,24.281791456450637,23.426348571587415,23.6709041595459,365095000,NVDA
2022-03-04,23.341505344158694,23.636966955127175,22.441144110309114,22.894319534301758,431415000,NVDA
2022-03-07,22.775529905926497,22.99113883727511,21.291232991904245,21.31319236755371,450821000,NVDA
2022-03-08,21.270275724010467,22.332341322019484,20.61247291155514,21.474903106689453,557467000,NVDA
2022-03-09,22.346314265208143,23.177800600931413,22.206569302526024,22.97217559814453,492742000,NVDA
2022-03-10,22.490051297255544,22.746584183582087,21.842230651130887,22.6168212890625,428066000,NVDA
2022-03-11,22.98015875370695,23.102936307878903,22.005932721614773,22.05983543395996,367209000,NVDA
2022-03-14,21.829256910095523,22.221542360192014,21.1205481082041,21.291236877441406,385354000,NVDA
2022-03-15,21.478888577615145,22.996126285706406,21.283245679746784,22.931243896484375,491996000,NVDA
2022-03-16,23.457294382081265,24.552300969340088,23.129891326873263,24.45148468017578,671422000,NVDA
2022-03-17,24.076167120982394,24.79685323515595,23.862555326463934,24.720993041992188,471941000,NVDA
2022-03-18,24.75393455872764,26.520718537026188,24.579253333704855,26.40492820739746,730719000,NVDA
2022-03-21,26.45882851334558,27.102656804840144,25.919808947289926,26.685415267944336,591727000,NVDA
2022-03-22,26.67842593251297,27.188498830843827,26.024617540690265,26.47579574584961,547007000,NVDA
2022-03-23,26.078518306597157,26.563635115721986,25.52852099865223,25.587413787841797,502120000,NVDA
2022-03-24,26.11844711768974,28.268531837117266,25.859917039185778,28.098840713500977,877379000,NVDA
2022-03-25,27.835323644890032,28.306466021323548,27.221441486555513,27.64167594909668,579016000,NVDA
2022-03-28,27.705559052925192,28.198660780217054,27.15655743522871,28.16771697998047,425494000,NVDA
2022-03-29,28.642848661602688,28.89339193940493,27.929147968750208,28.603919982910156,488984000,NVDA
2022-03-30,28.252563440733994,28.444213951833504,27.453018519672682,27.639678955078125,463487000,NVDA
2022-03-31,27.73150900758,28.196661710311588,27.2204403767065,27.23641014099121,523440000,NVDA
2022-04-01,27.32524923988458,27.446029626371523,26.219263094224697,26.663454055786133,517235000,NVDA
2022-04-04,26.679428397203534,27.507919979186674,26.564637612794822,27.310279846191406,397120000,NVDA
2022-04-05,27.204472540950196,27.269354953173288,25.773078453703725,25.88387680053711,436615000,NVDA
2022-04-06,24.88868689300515,25.254020976141952,23.959379064062016,24.36264419555664,703833000,NVDA
2022-04-07,24.396579708521703,24.67706914237199,23.435330567050546,24.164003372192383,557992000,NVDA
2022-04-08,23.873530557147273,23.87952016997494,23.02008498060354,23.076980590820312,524781000,NVDA
2022-04-11,22.173629781756052,22.279436135946174,21.62063574834751,21.877168655395508,575207000,NVDA
2022-04-12,22.496045694848974,22.683703781053012,21.243325254974113,21.464921951293945,662258000,NVDA
2022-04-13,21.68851390489682,22.459110293944573,21.416009317470518,22.162649154663086,516943000,NVDA
2022-04-14,22.46409755288005,22.73560447190071,21.124537508973223,21.219364166259766,569097000,NVDA
2022-04-18,21.161475105293935,22.047859972637514,21.04069470290414,21.74341583251953,525701000,NVDA
2022-04-19,21.680525694021107,22.332338819215018,21.275263415595177,22.157657623291016,512781000,NVDA
2022-04-20,22.476079663374364,22.628801491972297,21.161473633865274,21.442960739135742,468974000,NVDA
2022-04-21,21.669550192138768,22.35130961288542,19.963656140480197,20.146324157714844,656209000,NVDA
2022-04-22,20.26609822913244,20.448766185082214,19.464558206632862,19.479530334472656,624713000,NVDA
2022-04-25,19.167102763902953,19.90875249765362,19.061296409060496,19.86583137512207,641566000,NVDA
2022-04-26,19.682166873800284,19.75203935812216,18.636071069969407,18.753856658935547,653143000,NVDA
2022-04-27,18.564200662650713,19.13216683922804,18.25676174406092,18.381534576416016,499460000,NVDA
2022-04-28,18.932528613649104,20.000585605277607,18.456396224687087,19.746047973632812,570327000,NVDA
2022-04-29,19.366737920929154,20.091418271941166,18.483346151251226,18.51329231262207,500435000,NVDA
2022-05-02,18.507305480868084,19.538427232283176,18.35757845927692,19.49750328063965,572049000,NVDA
2022-05-03,19.364739395345126,19.788968084316135,19.09822447980406,19.56637191772461,475751000,NVDA
2022-05-04,19.886796140998648,20.362928617902014,18.716925022967168,20.297048568725586,648855000,NVDA
2022-05-05,19.830894968407897,19.888788220846624,18.466378728953146,18.80975341796875,626331000,NVDA
2022-05-06,18.701953665624362,19.476542616826766,17.957308981000086,18.641063690185547,633297000,NVDA
2022-05-09,18.00122470604806,18.221821818374295,16.79641762349791,16.9191951751709,644455000,NVDA
2022-05-10,17.65685547833721,18.16493132194901,16.994062512624296,17.563026428222656,761474000,NVDA
2022-05-11,17.315473177135534,17.720735437950946,16.537889624665944,16.599775314331055,670167000,NVDA
2022-05-12,16.189521927319188,16.75748801691552,15.538707458895326,16.145601272583008,708728000,NVDA
2022-05-13,16.757491408122753,17.895419085973305,16.56284608468857,17.6738224029541,670437000,NVDA
2022-05-16,17.47717962452616,17.755671895048422,17.074912165379693,17.232624053955078,521446000,NVDA
2022-05-17,18.04115321874996,18.337614359005986,17.601954209019933,18.143966674804688,585830000,NVDA
2022-05-18,17.672825290748634,18.085074867941106,16.833354004544034,16.90721893310547,545161000,NVDA
2022-05-19,16.906223592330786,17.65486074699978,16.703591448652563,17.092884063720703,621310000,NVDA
2022-05-20,17.30050299605302,17.378360361940025,15.726368287812404,16.66366195678711,739105000,NVDA
2022-05-23,16.244427672325003,16.88426361777237,16.1496009881176,16.867294311523438,639889000,NVDA
2022-05-24,16.479997280187,16.566839072025044,15.751323384344335,16.124643325805664,588550000,NVDA
2022-05-25,15.990886566703573,17.079903445712347,15.97092245670094,16.944150924682617,781132000,NVDA
2022-05-26,16.006857468643506,18.059120906414734,15.992882971425454,17.818559646606445,996575000,NVDA
2022-05-27,18.152953076810967,18.846689812592366,18.067108915002834,18.776817321777344,738379000,NVDA
2022-05-31,18.945506160051778,19.165107560608973,18.316651930915967,18.6380672454834,664100000,NVDA
2022-06-01,18.68997007377349,19.01837068481213,18.089063020279156,18.28670310974121,544514000,NVDA
2022-06-02,18.258759605191464,19.58334784646,18.16493055901775,19.556396484375,648656000,NVDA
2022-06-03,19.047321460231885,19.296867114895196,18.48833782299085,18.685977935791016,598779000,NVDA
2022-06-06,19.104216857601944,19.301856968127392,18.53026109692932,18.75185775756836,422406000,NVDA
2022-06-07,18.43842998315099,18.965470299087695,18.154945715304475,18.891605377197266,388914000,NVDA
2022-06-08,18.768800398425874,19.14918886431723,18.505224558437913,18.618043899536133,363252000,NVDA
2022-06-09,18.451313643542257,18.90258723082813,18.012019911507146,18.01900863647461,395574000,NVDA
2022-06-10,17.571731259755435,17.668575580223607,16.841904493178646,16.94673728942871,465248000,NVDA
2022-06-13,15.974298882999761,16.28579798543527,15.580931719685918,15.621866226196289,604153000,NVDA
2022-06-14,15.705731253766638,16.040193181616115,15.387243419466994,15.810563087463379,469680000,NVDA
2022-06-15,16.06914487895743,16.84090387526414,15.900416682083067,16.500452041625977,563936000,NVDA
2022-06-16,15.834522958828355,15.916391969438846,15.376260638736387,15.575939178466797,545749000,NVDA
2022-06-17,15.622863557257194,15.969306274754233,15.303377894797796,15.854491233825684,630334000,NVDA
2022-06-21,16.44853713036233,16.980680030237714,16.380645564342693,16.539390563964844,483089000,NVDA
2022-06-22,16.199937522982893,16.63523803952557,16.15401188075244,16.333723068237305,437135000,NVDA
2022-06-23,16.49246289970144,16.558356861748027,15.827533351841502,16.198936462402344,463680000,NVDA
2022-06-24,16.473497698396116,17.11246912096269,16.283802343214774,17.098491668701172,472153000,NVDA
2022-06-27,17.28419095345656,17.302161688571072,16.599292094417013,16.841901779174805,427968000,NVDA
2022-06-28,16.872852064808622,17.17436698853459,15.91938621875453,15.956327438354492,461149000,NVDA
2022-06-29,15.788598896697644,15.79458882502246,15.14563326818601,15.517035484313965,482352000,NVDA
2022-06-30,15.336324452753491,15.54199386594336,14.838126440244391,15.134649276733398,686070000,NVDA
2022-07-01,14.875067404670956,15.038803524181898,14.368881846227062,14.49967098236084,577610000,NVDA
2022-07-05,14.152229332482921,14.94695015807397,14.032422215907793,14.939961433410645,651397000,NVDA
2022-07-06,14.985888603236944,15.29439224990289,14.765242940869179,15.105695724487305,529066000,NVDA
2022-07-07,15.431171558205026,15.919385388443493,15.36427879961872,15.832525253295898,492903000,NVDA
2022-07-08,15.405215450126937,16.01124079035871,15.364280941862427,15.812560081481934,467972000,NVDA
2022-07-11,15.501059566316355,15.502058363657559,15.013843557279245,15.127660751342773,437321000,NVDA
2022-07-12,15.243474689136713,15.406212969174792,14.85310295738434,15.05777359008789,458483000,NVDA
2022-07-13,14.56656528451449,15.350304243121299,14.4417660630257,15.139642715454102,521918000,NVDA
2022-07-14,15.083731337790685,15.448144798089075,14.704341629701336,15.347307205200195,456235000,NVDA
2022-07-15,15.633846749612045,15.75664836262336,15.420189805163654,15.73668098449707,385935000,NVDA
2022-07-18,16.275813524039364,16.8698570674019,15.976296187145689,16.075136184692383,670517000,NVDA
2022-07-19,16.45951683745517,17.082514988008967,16.146022071859953,16.964704513549805,702366000,NVDA
2022-07-20,16.919777466324557,17.904193653189743,16.774012086751018,17.77839469909668,760538000,NVDA
2022-07-21,17.856267879415007,18.11485066717971,17.516813938908633,18.0210018157959,557049000,NVDA
2022-07-22,17.86426095207546,17.938141503435737,17.109474677408237,17.291183471679688,536671000,NVDA
2022-07-25,16.991661475600253,17.096494261320483,16.622256873127547,16.996654510498047,480748000,NVDA
2022-07-26,16.861874051522257,16.891826553239582,16.451534870706404,16.506446838378906,397865000,NVDA
2022-07-27,17.00464308668516,17.907192331594356,16.885834740379728,17.76142692565918,569776000,NVDA
2022-07-28,17.946128040860202,18.11086201941648,17.41198753684129,17.95511245727539,474646000,NVDA
2022-07-29,17.784385247533635,18.21469265324764,17.663579330275038,18.13382339477539,435460000,NVDA
2022-08-01,18.152790344919502,18.815725110403953,17.961099351095502,18.411375045776367,476469000,NVDA
2022-08-02,18.092893965938778,18.907583371714097,18.06294146344721,18.496244430541992,489527000,NVDA
2022-08-03,18.154792892998703,18.937534029090394,18.107867500762456,18.862653732299805,418146000,NVDA
2022-08-04,18.818724113299595,19.243040681587424,18.72986637165179,19.18413543701172,409652000,NVDA
2022-08-05,18.7797827890261,19.19811032548753,18.636015011697438,18.95849609375,386068000,NVDA
2022-08-08,17.47388850828178,18.209704226677722,17.214305900483794,17.764419555664062,981859000,NVDA
2022-08-09,17.224285475006486,17.418971902884152,16.697133828709614,17.058551788330078,668263000,NVDA
2022-08-10,17.669572848171974,18.088898306614105,17.289184304860864,18.06793212890625,597422000,NVDA
2022-08-11,18.101876890579906,18.676951881347318,17.847285427896846,17.913179397583008,509327000,NVDA
2022-08-12,18.130831369711036,18.68793567728393,17.92416312056551,18.6789493560791,478094000,NVDA
2022-08-15,18.67096091199568,19.13321654286925,18.583102920928454,19.001428604125977,457666000,NVDA
2022-08-16,18.88960928236418,19.11125281035759,18.471281688551823,18.848674774169922,451240000,NVDA
2022-08-17,18.49324736132435,18.657981332845214,18.115854280880267,18.3055477142334,446799000,NVDA
2022-08-18,18.271609167970077,18.834702560697266,18.15379864563154,18.74285125732422,415447000,NVDA
2022-08-19,18.376436118791393,18.490253330046265,17.74145799231606,17.820331573486328,441588000,NVDA
2022-08-22,17.46190444615827,17.529796005514974,16.93874601388548,17.006637573242188,409593000,NVDA
2022-08-23,16.96171318318317,17.43694848107864,16.942742694855127,17.153404235839844,369986000,NVDA
2022-08-24,16.984674160286165,17.378042316071028,16.867863413110875,17.194337844848633,522661000,NVDA
2022-08-25,16.816942772656006,17.918171626071466,16.805960762250074,17.884225845336914,770691000,NVDA
2022-08-26,17.828315779513094,17.895207590473877,16.210917226715885,16.2338809967041,769127000,NVDA
2022-08-29,15.994267589292031,16.311755674946216,15.741673723289146,15.775618553161621,496132000,NVDA
2022-08-30,15.934365635672885,16.013238268713422,15.157615354356478,15.443156242370605,530181000,NVDA
2022-08-31,15.359288739854978,15.515038296538872,14.934971220455097,15.069754600524902,573710000,NVDA
2022-09-01,14.186176179149008,14.356901987282448,13.248685287003793,13.914613723754883,1178865000,NVDA
2022-09-02,14.077349599584043,14.148234689338986,13.569166499775495,13.625077247619629,743157000,NVDA
2022-09-06,13.708944300191542,13.756867534549574,13.329554567237018,13.443371772766113,535751000,NVDA
2022-09-07,13.545236934215922,13.819877351748058,13.328521120783083,13.696039199829102,512657000,NVDA
2022-09-08,13.441373984164738,13.989655763301307,13.35149264648823,13.971678733825684,624873000,NVDA
2022-09-09,14.1384581232082,14.455043335947318,14.107499539277185,14.368157386779785,486612000,NVDA
2022-09-12,14.350181361214242,14.527947731810595,14.179404839818012,14.486002922058105,484159000,NVDA
2022-09-13,13.783924633033108,13.903767364016517,13.081845229225642,13.113802909851074,714956000,NVDA
2022-09-14,13.236642819504809,13.27259592683206,12.896089775229148,13.110808372497559,588507000,NVDA
2022-09-15,12.997954265186072,13.215668204044421,12.773248572458732,12.912066459655762,523625000,NVDA
2022-09-16,12.725312420987274,13.194697165247513,12.600476123758247,13.180715560913086,670751000,NVDA
2022-09-19,12.994959906915472,13.44536950238442,12.992962670832137,13.36447525024414,569685000,NVDA
2022-09-20,13.19769329297533,13.46534195963584,13.039900223317943,13.158743858337402,524818000,NVDA
2022-09-21,13.195695797303914,14.012624337752102,13.092830051959995,13.243632316589355,807679000,NVDA
2022-09-22,13.052883178633808,13.131780192367279,12.41172469834498,12.544549942016602,759162000,NVDA
2022-09-23,12.403733103156807,12.594482927543599,12.24094648413454,12.49960708618164,663309000,NVDA
2022-09-26,12.474641644232314,12.64242184812588,12.198003983784714,12.21198558807373,547343000,NVDA
2022-09-27,12.490620532839431,12.719320720938102,12.241947032432883,12.396743774414062,553854000,NVDA
2022-09-28,12.393746102104021,12.80620529041185,12.337819690787777,12.719319343566895,542414000,NVDA
2022-09-29,12.43169872306821,12.48363067238174,11.930356260034026,12.203997611999512,532763000,NVDA
2022-09-30,12.07116834462853,12.616453674027008,12.059183978411241,12.123100280761719,565638000,NVDA
2022-10-03,12.33082923699565,12.661396053420196,12.089145605693762,12.495613098144531,547478000,NVDA
2022-10-04,12.862131621505267,13.202685557771737,12.862131621505267,13.149754524230957,584182000,NVDA
2022-10-05,12.894093681996612,13.303556646836327,12.604473466444704,13.191702842712402,507131000,NVDA
2022-10-06,13.202688617173399,13.638117543681016,13.08584125012535,13.11280632019043,644157000,NVDA
2022-10-07,12.488623513159082,12.653407390361005,12.00625625011576,12.060185432434082,672478000,NVDA
2022-10-10,12.021236461439129,12.10812242255828,11.393060467753326,11.654717445373535,698699000,NVDA
2022-10-11,11.545858700912863,11.830485290733634,11.26822291287926,11.570826530456543,667482000,NVDA
2022-10-12,11.563837549253588,11.719632448977713,11.330143771029212,11.484940528869629,492590000,NVDA
2022-10-13,10.956632667736919,12.062183348670452,10.798839583929336,11.944337844848633,850103000,NVDA
2022-10-14,12.041208353128903,12.095137526899817,11.189325892966313,11.212295532226562,713432000,NVDA
2022-10-17,11.50291639818063,11.932353601891439,11.501918256315049,11.872431755065918,580774000,NVDA
2022-10-18,12.327833437876679,12.475639372211802,11.602784417601008,11.951327323913574,659362000,NVDA
2022-10-19,11.86344167010799,12.33382546739314,11.81850053084603,12.035216331481934,523131000,NVDA
2022-10-20,12.09713671776913,12.752277756580911,12.089146821227374,12.178030967712402,652398000,NVDA
2022-10-21,12.082156494590066,12.481633241323104,11.87143332263106,12.449674606323242,609494000,NVDA
2022-10-24,12.49161907984014,12.693354192196825,12.048200327410264,12.582499504089355,517457000,NVDA
2022-10-25,12.677375456026189,13.28258175046069,12.647414059994293,13.243632316589355,505482000,NVDA
2022-10-26,12.852146223274735,13.370465602720852,12.691356829552692,12.879110336303711,532953000,NVDA
2022-10-27,13.61214975532052,13.819877533588544,13.104814677814026,13.158743858337402,583113000,NVDA
2022-10-28,13.086838241715473,13.83186152118797,13.043894336346346,13.815881729125977,521040000,NVDA
2022-10-31,13.759955512484012,13.819877352516734,13.27958550774582,13.479323387145996,486341000,NVDA
2022-11-01,13.792912452696658,13.90676347391886,13.50129505001384,13.525263786315918,432817000,NVDA
2022-11-02,13.83186095275916,14.191389115723172,13.193697915853496,13.20168685913086,672628000,NVDA
2022-11-03,13.02591996046557,13.762953440077196,12.939033996652151,13.403424263000488,500065000,NVDA
2022-11-04,13.967683273201919,14.210365058332465,13.67906125202417,14.137460708618164,612576000,NVDA
2022-11-07,14.209366081203711,14.393125122055553,13.935725708295829,14.282270431518555,410061000,NVDA
2022-11-08,14.781617883688014,14.871500181996097,14.19738389711096,14.582879066467285,595292000,NVDA
2022-11-09,14.143452570833958,14.192389137520287,13.740980477958338,13.75795841217041,454414000,NVDA
2022-11-10,14.780619130566006,15.752344530142832,14.527950182868413,15.729374885559082,700819000,NVDA
2022-11-11,15.786297912123384,16.367535452388744,15.461723751407225,16.30561637878418,655487000,NVDA
2022-11-14,16.196765628478865,16.518344525729066,15.901152711396215,16.273664474487305,527852000,NVDA
2022-11-15,16.70009908063956,16.975736669946382,16.360544231088024,16.64417266845703,545876000,NVDA
2022-11-16,16.140832819616577,16.34056973096128,15.852210820718136,15.889162063598633,649547000,NVDA
2022-11-17,15.694418730732606,16.244697698362444,15.514654166070915,15.656468391418457,710894000,NVDA
2022-11-18,15.945090404179322,15.981044462160867,15.10019861437429,15.38882064819336,492072000,NVDA
2022-11-21,15.127161478058547,15.456729183251523,15.060248842945024,15.2969388961792,404739000,NVDA
2022-11-22,15.3079225316065,16.036966828930023,15.102192035171068,16.016992568969727,472866000,NVDA
2022-11-23,16.07691590341239,16.50535489230616,16.026982150723164,16.497364044189453,427241000,NVDA
2022-11-25,16.296632854209083,16.465410273649304,16.150824128322316,16.248695373535156,167934000,NVDA
2022-11-28,16.00501033484104,16.335578114870664,15.704405855375358,15.80627155303955,303741000,NVDA
2022-11-29,15.806271381799128,15.911134360808981,15.499674245542238,15.618517875671387,298384000,NVDA
2022-11-30,15.68045251052316,16.912153494374177,15.580558497425681,16.905160903930664,565298000,NVDA
2022-12-01,16.98108131969133,17.24679976152075,16.617464704481463,17.1169376373291,470977000,NVDA
2022-12-02,16.641441188481675,16.91515254992387,16.427666051305167,16.858211517333984,371389000,NVDA
2022-12-05,16.66141865731802,16.977085530136808,16.454636135070988,16.592491149902344,352255000,NVDA
2022-12-06,16.512575914907618,16.55552985566231,15.802324959390125,15.970148086547852,352694000,NVDA
2022-12-07,15.7553764476407,16.16894059762961,15.650486623430005,16.103010177612305,372388000,NVDA
2022-12-08,16.25584460322099,17.160889573039334,15.942174561334516,17.15089988708496,515456000,NVDA
2022-12-09,17.141910790847255,17.564465224613613,16.957106340396344,16.983078002929688,465338000,NVDA
2022-12-12,17.019043348066607,17.519514736231685,16.779296541065285,17.516517639160156,457328000,NVDA
2022-12-13,18.511465684750743,18.770193437295646,17.692330392550996,18.052949905395508,656589000,NVDA
2022-12-14,17.968042465025786,18.232764469083662,17.40164060757752,17.655372619628906,496888000,NVDA
2022-12-15,17.127925453761733,17.30174181827522,16.682396458224076,16.93412971496582,478542000,NVDA
2022-12-16,16.846227851112154,17.0230413617946,16.392705835711006,16.55353546142578,478232000,NVDA
2022-12-19,16.554531578863497,16.591491326415667,16.127981643599433,16.236865997314453,354039000,NVDA
2022-12-20,16.04706879387778,16.292809815920624,15.835293287085545,16.06804656982422,403260000,NVDA
2022-12-21,16.097015130166447,16.60947488301715,16.085026742432447,16.483606338500977,325025000,NVDA
2022-12-22,16.077035434762546,16.120989680017022,14.866313091281313,15.322831153869629,565045000,NVDA
2022-12-23,15.17998128298212,15.322830189395079,14.867311505326436,15.189970970153809,349326000,NVDA
2022-12-27,15.05810983428577,15.084082448789612,14.04118237491811,14.106114387512207,464902000,NVDA
2022-12-28,13.912319639203043,14.246966554872388,13.86936474434743,14.021204948425293,351066000,NVDA
2022-12-29,14.38681810611413,14.667521065652995,14.212002397327266,14.587605476379395,354923000,NVDA
2022-12-30,14.31889101828184,14.613580152560912,14.217997644037638,14.598596572875977,310490000,NVDA
2023-01-03,14.835341856924625,14.980189435178401,14.081137767884233,14.299906730651855,401277000,NVDA
2023-01-04,14.551646376160297,14.837344223249879,14.22598977559171,14.733453750610352,431324000,NVDA
2023-01-05,14.475726337328036,14.548649347967919,14.133087455443137,14.249964714050293,389168000,NVDA
2023-01-06,14.45874173703761,14.994176946626181,14.019205996590792,14.84333610534668,405044000,NVDA
2023-01-09,15.267889243337127,16.03907482336761,15.125039380250245,15.611526489257812,504231000,NVDA
2023-01-10,15.490654302177573,15.945174618132851,15.455691347514714,15.892230987548828,384101000,NVDA
2023-01-11,15.823303178294324,16.011104732768004,15.546594737725535,15.984132766723633,353285000,NVDA
2023-01-12,16.083029067309738,16.619461755576417,15.47566921706697,16.493595123291016,551409000,NVDA
2023-01-13,16.260843564073028,16.90416582170696,16.147963697731562,16.881189346313477,447287000,NVDA
2023-01-17,16.881187014032182,17.709313641691512,16.881187014032182,17.683340072631836,511102000,NVDA
2023-01-18,17.64837787383118,17.85416011409162,17.263783455353824,17.358684539794922,439624000,NVDA
2023-01-19,17.01804012030735,17.178871599912767,16.71336324869982,16.747325897216797,452932000,NVDA
2023-01-20,16.993067946601407,17.837178429750637,16.80726509622476,17.8201961517334,564967000,NVDA
2023-01-23,18.044956208931275,19.224712866778543,17.799217156484602,19.172767639160156,655163000,NVDA
2023-01-24,18.80715009789059,19.47444698992979,18.800157508572912,19.244688034057617,496204000,NVDA
2023-01-25,18.893063715882672,19.349582719059857,18.560414551747876,19.302631378173828,449537000,NVDA
2023-01-26,19.680230760238217,20.14474069411191,19.257676365647274,19.781124114990234,489535000,NVDA
2023-01-27,19.441484557009698,20.60625581574819,19.384545434625117,20.34353256225586,542142000,NVDA
2023-01-30,19.92897130354372,20.118769651142287,19.12981344690093,19.141801834106445,488611000,NVDA
2023-01-31,19.149795154127606,19.66625044123853,18.93002771708951,19.516408920288086,498017000,NVDA
2023-02-01,19.670240457303972,21.16965745715704,19.590324874698545,20.920921325683594,660477000,NVDA
2023-02-02,20.97786301741522,21.925862042165335,20.67818002215878,21.686115264892578,564276000,NVDA
2023-02-03,20.97786002176547,21.72207541802909,20.767082033794136,21.077754974365234,429366000,NVDA
2023-02-06,20.784069803716758,21.547264471015012,20.764090426847382,21.0667724609375,452197000,NVDA
2023-02-07,21.3594611160502,22.235537474634327,21.12770531761483,22.149627685546875,664150000,NVDA
2023-02-08,22.36340029679166,22.85388384635013,21.984800102114296,22.18159294128418,559651000,NVDA
2023-02-09,22.582171117953777,22.995734263923605,22.0966833667124,22.313453674316406,523876000,NVDA
2023-02-10,21.6671373847091,22.054726981350132,20.789064216864638,21.242584228515625,550737000,NVDA
2023-02-13,21.515293472026823,22.024756028474826,20.939900511928794,21.765029907226562,474919000,NVDA
2023-02-14,21.55525189893666,23.024701862590533,21.343475492983863,22.94678497314453,675474000,NVDA
2023-02-15,22.52523007264076,22.830907263123883,22.082698167631655,22.74000358581543,420575000,NVDA
2023-02-16,22.109666050196253,22.526226251527607,21.903883847439104,21.978805541992188,412026000,NVDA
2023-02-17,21.60819758522636,21.717081932888007,20.9528889890741,21.365453720092773,465888000,NVDA
2023-02-21,20.977862013234812,21.47134072519899,20.596264744241374,20.63322639465332,410015000,NVDA
2023-02-22,20.685172986353002,21.081753858938534,20.399473261638228,20.73212242126465,513184000,NVDA
2023-02-23,23.415292346798566,23.862820062689913,23.0007288852004,23.639055252075195,1117995000,NVDA
2023-02-24,23.200517108251855,23.44925516678763,22.922810291543012,23.261451721191406,589716000,NVDA
2023-02-27,23.645051208026654,23.854828947358715,23.429279274617038,23.476228713989258,452994000,NVDA
2023-02-28,23.347360182285275,23.799883635514494,23.181534819315353,23.191524505615234,455963000,NVDA
2023-03-01,23.167550984389926,23.23148459935281,22.484272025585433,22.674072265625,460026000,NVDA
2023-03-02,22.464297239112163,23.355355313247546,22.40835460483908,23.289424896240234,389415000,NVDA
2023-03-03,23.29541595223961,23.874804445027564,23.105615715106577,23.86481475830078,412393000,NVDA
2023-03-06,23.865815628810815,24.222437736222577,23.462240277861365,23.529170989990234,437429000,NVDA
2023-03-07,23.579126969767078,24.10366224367853,23.220443334628193,23.26740264892578,515154000,NVDA
2023-03-08,23.46622807879238,24.178598765957478,23.40328406914848,24.15961456298828,513573000,NVDA
2023-03-09,24.153616530475606,24.432370990770355,23.36231723479036,23.415271759033203,501257000,NVDA
2023-03-10,23.388292457422022,23.606100023101337,22.705896084995054,22.944684982299805,474866000,NVDA
2023-03-13,22.731874936608868,23.277391485551078,22.27727749488012,22.9456844329834,421890000,NVDA
2023-03-14,23.475217706481274,24.197577774691457,23.439248344671885,24.041715621948242,474910000,NVDA
2023-03-15,23.739983668370748,24.264518937841256,23.33933927282555,24.206571578979492,524486000,NVDA
2023-03-16,24.005747106314715,25.565365225905747,23.872863426440126,25.518407821655273,583253000,NVDA
2023-03-17,25.95902220904214,26.37565323674263,25.645298824126904,25.70224952697754,848547000,NVDA
2023-03-20,25.59234458217973,26.000983238469185,25.107772930663263,25.877092361450195,432747000,NVDA
2023-03-21,26.156846636843376,26.36865903671038,25.358553488198883,26.17582893371582,547408000,NVDA
2023-03-22,26.401624569988297,27.56459639821907,26.213791142891207,26.44458770751953,797295000,NVDA
2023-03-23,27.091015330476242,27.47467644266125,26.66639202441552,27.166948318481445,564889000,NVDA
2023-03-24,27.007091792651533,27.142971183393072,26.331689105706722,26.755313873291016,454920000,NVDA
2023-03-27,26.81326120327941,26.976117128214934,26.34167858929791,26.507532119750977,361026000,NVDA
2023-03-28,26.423612298280304,26.48955391643321,25.827140128761478,26.38664436340332,356104000,NVDA
2023-03-29,26.801274739572264,27.054049321086534,26.57347575940691,26.960132598876953,393694000,NVDA
2023-03-30,27.204916786801245,27.474678436555607,27.078028306822056,27.358779907226562,364516000,NVDA
2023-03-31,27.115994254760153,27.809380660660256,27.08102536446216,27.752431869506836,433933000,NVDA
2023-04-03,27.484667727431294,27.975232636511667,27.311820418959282,27.940263748168945,398716000,NVDA
2023-04-04,27.941263393705515,27.97523371673916,27.282845889494656,27.4287166595459,368592000,NVDA
2023-04-05,26.80527136414144,26.97412061023067,26.371655203421952,26.85722541809082,515015000,NVDA
2023-04-06,26.56048785327074,27.056049463902667,26.403627120957175,27.01308822631836,397654000,NVDA
2023-04-10,26.79927368503425,27.59656814998943,26.645410576438564,27.55460548400879,395279000,NVDA
2023-04-11,27.699479353630412,27.765420962103274,27.102006799330113,27.144969940185547,314378000,NVDA
2023-04-12,27.345791283837347,27.44370417314176,26.42460593521108,26.47156524658203,446259000,NVDA
2023-04-13,26.71035256577281,26.863217112653786,26.305712014928602,26.439592361450195,353615000,NVDA
2023-04-14,26.48055798084649,26.859222480822282,26.196808771126577,26.734333038330078,395660000,NVDA
2023-04-17,26.541501373639374,26.98211125376257,26.40961817014211,26.97811508178711,321471000,NVDA
2023-04-18,27.508650082334086,28.08513943393583,27.332805146499545,27.64253044128418,604812000,NVDA
2023-04-19,27.336798357649375,27.97523308017652,27.207912752047683,27.906293869018555,358660000,NVDA
2023-04-20,27.646526498743864,28.005210147455717,26.976120423056454,27.080028533935547,427713000,NVDA
2023-04-21,26.928158664013214,27.158955227215888,26.6983625730689,27.09501075744629,345103000,NVDA
2023-04-24,26.989106080495755,27.341792568225937,26.647407636879258,27.01807975769043,339282000,NVDA
2023-04-25,27.05404825153496,27.22289939376249,26.20180400715183,26.217788696289062,378527000,NVDA
2023-04-26,26.978116353168147,27.305825338536614,26.6813781784844,26.93215560913086,406337000,NVDA
2023-04-27,27.338801338428016,27.470684568616697,26.601453148375764,27.201921463012695,377161000,NVDA
2023-04-28,27.200923835753162,27.733451514466264,27.047058791443998,27.72446060180664,292216000,NVDA
2023-05-01,27.815378452063833,29.032301664294753,27.755432049658587,28.884431838989258,570329000,NVDA
2023-05-02,28.65463071197907,28.810492855585,28.05815868091553,28.18504524230957,402730000,NVDA
2023-05-03,27.815375094782077,28.341909379215185,27.44770056792737,27.777408599853516,383387000,NVDA
2023-05-04,27.626540615871196,27.834356814204146,27.21590486366876,27.537620544433594,321850000,NVDA
2023-05-05,27.801387848122303,28.72956508673925,27.7064725625765,28.654632568359375,361494000,NVDA
2023-05-08,28.49677402553214,29.19415665691401,28.324927166645555,29.12521743774414,344979000,NVDA
2023-05-09,28.87344152488721,28.947375483780448,28.424839220758987,28.545730590820312,314869000,NVDA
2023-05-10,28.97934600141485,29.087252189450044,28.435828416964906,28.859453201293945,369350000,NVDA
2023-05-11,28.870442464415532,28.92439555714759,28.221017746526314,28.552722930908203,322149000,NVDA
2023-05-12,28.503765785473174,28.75454513594309,28.02119319112188,28.31493377685547,274222000,NVDA
2023-05-15,28.482784946357548,28.943377647743457,28.127100823911366,28.927391052246094,293926000,NVDA
2023-05-16,28.81549166758805,29.84358282076136,28.80650075563799,29.187162399291992,449405000,NVDA
2023-05-17,29.55783730975405,30.17229321177092,29.403974168958044,30.15131187438965,432535000,NVDA
2023-05-18,30.383102432113493,31.799847490043984,30.293181883981152,31.649980545043945,748725000,NVDA
2023-05-19,31.508104052568303,31.55206575731735,30.888653542259405,31.236345291137695,473908000,NVDA
2023-05-22,30.87366776329227,31.49212165768894,30.652864468171376,31.148426055908203,372000000,NVDA
2023-05-23,30.972580557946717,31.260325929202107,30.603907456096916,30.660856246948242,356253000,NVDA
2023-05-24,30.183279227752074,30.579929358273947,29.77963722467679,30.510990142822266,721419000,NVDA
2023-05-25,38.488926318360186,39.44508061098546,36.60259571255149,37.946407318115234,1543911000,NVDA
2023-05-26,37.856486677468894,39.13535333136667,37.51678724611189,38.91155242919922,714397000,NVDA
2023-05-30,40.559096455146374,41.90090712766281,39.91366790954096,40.075523376464844,923401000,NVDA
2023-05-31,39.45307354763965,40.259358998541856,37.78854668617227,37.800537109375,1002580000,NVDA
2023-06-01,38.45495609590561,40.01457626339759,38.306089619716126,39.734825134277344,635873000,NVDA
2023-06-02,40.061528913678025,40.46417228382388,39.023446585861166,39.29220962524414,482731000,NVDA
2023-06-05,38.87458704490847,39.53000507242546,38.6727660406919,39.136356353759766,396094000,NVDA
2023-06-06,38.79566268178252,39.12536886577813,38.114262787053896,38.619815826416016,388729000,NVDA
2023-06-07,38.88460205575025,39.46814549212033,37.32681796379226,37.44572448730469,511998000,NVDA
2023-06-08,37.694534053593046,38.833643027365426,37.47570715034152,38.47991943359375,417772000,NVDA
2023-06-09,39.0065091445359,39.679982507586125,38.53687882707075,38.73971939086914,427717000,NVDA
2023-06-12,39.16938679625348,39.49912709454757,38.58784058808382,39.45116424560547,388701000,NVDA
2023-06-13,40.15460665235431,41.068892749407915,39.708955931009875,40.989952087402344,613208000,NVDA
2023-06-14,40.7921176516414,42.96641687824926,40.52032691306219,42.96342086791992,740465000,NVDA
2023-06-15,42.56872727104233,43.2551909701653,42.11408081517457,42.619686126708984,568622000,NVDA
2023-06-16,43.41605669949975,43.68684489706271,42.627671619358104,42.65864944458008,655709000,NVDA
2023-06-20,42.964412198119035,43.9556378533534,42.6406639871136,43.77377700805664,451153000,NVDA
2023-06-21,43.46702437838124,43.58093756834967,42.04713658375585,43.01137924194336,551603000,NVDA
2023-06-22,42.21999014630877,43.39207412960286,42.20100779460612,42.991390228271484,417737000,NVDA
2023-06-23,42.430834923932906,42.77556287564385,41.98218429643555,42.17603302001953,358140000,NVDA
2023-06-26,42.42783558135576,42.730600334546075,40.06867951218722,40.60026550292969,594322000,NVDA
2023-06-27,40.76713004512084,41.907237605323324,40.416406298926006,41.84328842163086,462175000,NVDA
2023-06-28,40.628237095961644,41.81231277067348,40.4863497310759,41.08488082885742,582639000,NVDA
2023-06-29,41.52554446221084,41.56751147987797,40.56829241726823,40.79011917114258,380514000,NVDA
2023-06-30,41.64745076919485,42.51677028502085,41.468589703443335,42.26896286010742,501148000,NVDA
2023-07-03,42.48378258219759,42.864485450578925,42.169030043008505,42.37986373901367,198209000,NVDA
2023-07-05,42.102089932908285,43.143275924330226,42.05212974638505,42.28395080566406,323618000,NVDA
2023-07-06,41.81131756799603,42.14605498586675,41.31370545626282,42.07011413574219,303582000,NVDA
2023-07-07,42.288936867275254,43.180242145503854,42.14704950459855,42.46979522705078,355881000,NVDA
2023-07-10,42.623673645383796,42.77755265455735,41.61645796190507,42.14704513549805,353908000,NVDA
2023-07-11,42.44782043348418,42.72460451753315,42.03414612426581,42.37187957763672,298244000,NVDA
2023-07-12,42.99938563817074,43.90068146612332,42.74358509464824,43.867706298828125,481277000,NVDA
2023-07-13,44.48323328046501,46.11895201895111,44.45725261049975,45.94109344482422,478204000,NVDA
2023-07-14,46.546619140200846,48.050444811535804,45.02480978329466,45.43349075317383,772075000,NVDA
2023-07-17,46.252842790646994,46.45967801263674,45.22664460524396,46.424705505371094,510488000,NVDA
2023-07-18,46.66451794958182,47.85858412490547,45.69827430374762,47.4568977355957,569164000,NVDA
2023-07-19,47.42692856470666,47.78065216165784,46.70549236660369,47.04022979736328,427502000,NVDA
2023-07-20,46.470672206647684,47.05022098399054,45.02680123666584,45.48444366455078,537865000,NVDA
2023-07-21,45.75223611318822,45.83017811976025,44.06555477681696,44.274391174316406,963769000,NVDA
2023-07-24,44.6960587806985,45.07376568294936,44.005600454709025,44.577152252197266,382516000,NVDA
2023-07-25,44.90589946333249,46.14692613209552,44.88791196755602,45.6433219909668,348081000,NVDA
2023-07-26,45.98505592696078,46.01703242805517,44.5951435044959,45.416500091552734,364237000,NVDA
2023-07-27,46.48267087434162,47.35798619218416,45.71427043709448,45.86415481567383,455976000,NVDA
2023-07-28,46.63154522435899,46.99026595538216,46.34477066056632,46.71348190307617,331194000,NVDA
2023-07-31,46.717483065836525,47.09318883138378,46.469675675562414,46.692501068115234,251055000,NVDA
2023-08-01,46.42370843555568,46.86336718401233,45.991048000510794,46.470672607421875,237858000,NVDA
2023-08-02,45.795196962836506,45.804188803544235,43.353106032516,44.23441696166992,530142000,NVDA
2023-08-03,43.765786762914985,45.082758057083076,43.765786762914985,44.480228424072266,324176000,NVDA
2023-08-04,44.94986554244231,45.60635008188567,44.35832886320504,44.645103454589844,362666000,NVDA
2023-08-07,45.07576998074253,45.50443580088547,44.52819761374418,45.38153076171875,322154000,NVDA
2023-08-08,44.81796761407976,45.2066637195198,44.0215892371064,44.62911605834961,353843000,NVDA
2023-08-09,44.23940943500953,44.27738176029839,42.10108190849391,42.520755767822266,586449000,NVDA
2023-08-10,42.12707396720268,43.53997113311342,41.80232702153618,42.354896545410156,492705000,NVDA
2023-08-11,41.71838968414298,41.985183246912044,40.607258703595875,40.823089599609375,533085000,NVDA
2023-08-14,40.4543831306118,43.76579428902089,40.27952055656301,43.71883010864258,690286000,NVDA
2023-08-15,44.52519626774696,45.23264344321466,43.67585790214367,43.905677795410156,676512000,NVDA
2023-08-16,44.4852267558164,44.640104468597144,43.37209465339346,43.45203399658203,527451000,NVDA
2023-08-17,43.93565295261865,44.02758013920778,42.96740814260929,43.310142517089844,452395000,NVDA
2023-08-18,42.601695871064955,43.543960081000186,41.62745897404412,43.26517868041992,583768000,NVDA
2023-08-21,44.45924519865085,47.028236135596124,44.187458298338946,46.93031311035156,692573000,NVDA
2023-08-22,48.097396095838995,48.14935742594029,45.29758682975093,45.63232421875,755293000,NVDA
2023-08-23,45.83018449557039,47.163142412730515,45.172697380646554,47.07920837402344,779046000,NVDA
2023-08-24,50.17677640386691,50.22673658703904,47.12216498787686,47.12615966796875,1156044000,NVDA
2023-08-25,46.975282602767756,47.76766250313572,44.98883254303396,45.982059478759766,925341000,NVDA
2023-08-28,46.44569122659898,46.94330333520207,44.852938347469795,46.79841613769531,685192000,NVDA
2023-08-29,46.629542419435225,49.04265660856325,46.35475573928801,48.745887756347656,701397000,NVDA
2023-08-30,49.005687906612565,49.88799757012422,48.38717195801793,49.22551727294922,735206000,NVDA
2023-08-31,49.341437842045146,49.705151991202584,48.91976651789359,49.31645584106445,528570000,NVDA
2023-09-01,49.72313090360501,49.76109942188399,48.10439357486219,48.471107482910156,463830000,NVDA
2023-09-05,48.18533532160486,48.81284699146263,47.82261987711322,48.51008224487305,382653000,NVDA
2023-09-06,48.40715496062999,48.515077394105326,46.54745522657099,47.02811813354492,468670000,NVDA
2023-09-07,45.4931913383561,46.311619313403384,45.120450870903866,46.20869064331055,433330000,NVDA
2023-09-08,45.909897697113266,46.57343135473317,45.239365149462806,45.54015350341797,473069000,NVDA
2023-09-11,46.11575443664463,46.130743345970416,44.28103874415618,45.14643478393555,473966000,NVDA
2023-09-12,44.706734397330045,45.64108235714804,44.49987832466093,44.83864212036133,349256000,NVDA
2023-09-13,44.56883283924793,45.89790529019353,44.47190049902718,45.453216552734375,398355000,NVDA
2023-09-14,45.91789017811765,45.95486307158811,45.099462264257156,45.54914855957031,370097000,NVDA
2023-09-15,45.309314822834715,45.567133950218214,43.77738515441512,43.86932373046875,506831000,NVDA
2023-09-18,42.7181249588287,44.211080299105845,41.97064663049677,43.935272216796875,500271000,NVDA
2023-09-19,43.80237069955783,43.93527718281478,42.971950102234956,43.48958969116211,373064000,NVDA
2023-09-20,43.5695331686225,43.872322851544475,42.19349643912847,42.2094841003418,367108000,NVDA
2023-09-21,41.55394101252563,42.07057801307491,40.951361762571175,40.98833465576172,450736000,NVDA
2023-09-22,41.54294571690647,42.08556931771517,41.20218442357063,41.5809211730957,479236000,NVDA
2023-09-25,41.56193013453454,42.50626933455587,41.148218030436,42.19248962402344,419091000,NVDA
2023-09-26,41.97164730902177,42.79007519984935,41.62588843808872,41.881710052490234,402282000,NVDA
2023-09-27,42.30042372625329,42.84204482057062,41.59991333679484,42.438323974609375,444935000,NVDA
2023-09-28,42.430325448929366,43.41563643301945,42.085569148140415,43.05888748168945,424663000,NVDA
2023-09-29,43.79637496273023,44.113154796580034,43.276737862234015,43.468605041503906,397830000,NVDA
2023-10-02,43.9992285379224,45.14342881532186,43.83034792394179,44.75070571899414,433298000,NVDA
2023-10-03,44.77668570728605,45.098463094837925,43.2157769974795,43.48658752441406,470850000,NVDA
2023-10-04,43.71144012859111,44.112160944881325,43.26175375973955,44.010231018066406,361821000,NVDA
2023-10-05,44.019221707908876,44.86863010408986,43.85733614690028,44.656776428222656,393483000,NVDA
2023-10-06,44.162114923887266,45.75700017274814,43.99523182082683,45.730018615722656,434436000,NVDA
2023-10-09,44.810664938003,45.573132266606365,44.33699712951298,45.241363525390625,409675000,NVDA
2023-10-10,45.27834086872442,46.22667525132618,45.05649586993077,45.76599884033203,368582000,NVDA
2023-10-11,46.163725718878894,46.826264546891885,46.01782780881721,46.77330017089844,378137000,NVDA
2023-10-12,46.7443190351458,47.575738478859215,46.29763274064661,46.912200927734375,481325000,NVDA
2023-10-13,46.92718670300792,47.0830797443062,45.24836026520754,45.42923355102539,474115000,NVDA
2023-10-16,45.0315095868921,46.192696327999904,44.880614130194836,46.06278991699219,375099000,NVDA
2023-10-17,43.96925599511655,44.72273077097073,42.45031760329598,43.90729904174805,812333000,NVDA
2023-10-18,42.561239807706784,43.18880316775222,41.79577619709707,42.1665153503418,627294000,NVDA
2023-10-19,42.78108575212414,43.26674621056965,41.85273405618411,42.07158279418945,501233000,NVDA
2023-10-20,41.860728698935155,42.4403252529677,41.049295810508625,41.35808181762695,477266000,NVDA
2023-10-23,41.20019083203981,43.217781037891605,40.91638888400306,42.944969177246094,478530000,NVDA
2023-10-24,43.04689542430625,43.66646107168209,42.6611674055464,43.632484436035156,401463000,NVDA
2023-10-25,43.36767362465919,43.61950024898592,41.525962950621626,41.74980545043945,398379000,NVDA
2023-10-26,41.8237544285133,42.22647269652664,39.852133556535904,40.297821044921875,541001000,NVDA
2023-10-27,41.1012634608965,41.177210573030834,39.987040836148445,40.471702575683594,416784000,NVDA
2023-10-30,41.05829449956598,41.73681712722262,40.45271510334961,41.132240295410156,388028000,NVDA
2023-10-31,40.42173556666503,40.85043664876845,39.20258684468398,40.751502990722656,517969000,NVDA
2023-11-01,40.855437818322336,42.35139367956083,40.84044890706074,42.295433044433594,437593000,NVDA
2023-11-02,43.29772036984495,43.853331578454224,42.864025551225126,43.4755973815918,409172000,NVDA
2023-11-03,43.989240387189966,45.27733731815709,43.69244703893823,44.97355270385742,424610000,NVDA
2023-11-06,45.25335828782106,45.90290564428218,44.86762640814462,45.719032287597656,400733000,NVDA
2023-11-07,45.687054558944546,46.18570260804149,45.12644574728523,45.922889709472656,343165000,NVDA
2023-11-08,46.06778272127609,46.834248828049994,45.93587499644732,46.54145431518555,346719000,NVDA
2023-11-09,47.43382754729244,48.19629482563236,46.71732955595706,46.91719055175781,540496000,NVDA
2023-11-10,47.46680439879944,48.43812523395567,47.249956995666594,48.30121994018555,421245000,NVDA
2023-11-13,48.28623562834099,49.08168084897678,48.065389383307924,48.58602523803711,384136000,NVDA
2023-11-14,49.64528886328257,49.79918059248535,49.005736641538505,49.62130355834961,416954000,NVDA
2023-11-15,49.90010916476034,49.92508940872805,48.1663208904743,48.85383987426758,475497000,NVDA
2023-11-16,48.644984172997816,49.49039366266599,48.29622902861317,49.4454231262207,339756000,NVDA
2023-11-17,49.489397461523026,49.68226341163358,48.9727603803161,49.26355743408203,325205000,NVDA
2023-11-20,49.27754565599921,50.512682115669016,49.14663666812377,50.373779296875,414120000,NVDA
2023-11-21,50.090963947894735,50.48168950009065,49.18759646844847,49.90909194946289,565747000,NVDA
2023-11-22,49.81716500278888,50.29982538193606,47.6566732297451,48.68195724487305,899420000,NVDA
2023-11-24,48.43613388773008,48.8868189750065,47.711638178100976,47.742618560791016,294645000,NVDA
2023-11-27,47.766597618423056,48.49608705256933,47.6187022270162,48.208290100097656,395662000,NVDA
2023-11-28,48.202293315261734,48.289234319970646,47.439826002688484,47.78758239746094,401491000,NVDA
2023-11-29,48.34520044689955,48.72793227517069,47.826562052543174,48.10636520385742,382005000,NVDA
2023-11-30,47.990441518765145,48.07638377452515,46.3895635380406,46.73731994628906,526247000,NVDA
2023-12-01,46.49249632095064,47.16702396235708,46.1547312180282,46.73232650756836,369317000,NVDA
2023-12-04,46.044804165615915,46.044804165615915,44.97854837139348,45.47819900512695,437543000,NVDA
2023-12-05,45.438229098759074,46.57153532629203,45.24334850919928,46.537559509277344,371718000,NVDA
2023-12-06,47.18615659482553,47.358052404807324,45.3842566412969,45.47520065307617,380590000,NVDA
2023-12-07,45.67207911260122,46.600512368918565,45.57613709541874,46.56753158569336,350823000,NVDA
2023-12-08,46.566535548739374,47.71183534651791,46.52156105756746,47.47697830200195,359224000,NVDA
2023-12-11,47.461988967358906,47.50196163403656,45.802004370558734,46.598514556884766,509728000,NVDA
2023-12-12,46.017871828359986,47.63688109924922,46.017871828359986,47.62788772583008,372387000,NVDA
2023-12-13,47.59990881517736,48.56431952524785,47.578921733918634,48.05862808227539,447792000,NVDA
2023-12-14,48.3604453877133,48.640273158856225,47.39303808435671,48.32046890258789,391232000,NVDA
2023-12-15,48.16456014183968,49.37382007835511,48.09060403450958,48.86013412475586,479948000,NVDA
2023-12-18,49.369821256751614,50.4021872923408,49.1199739909024,50.04640579223633,412587000,NVDA
2023-12-19,49.39380199579273,49.66963433728467,48.86512588284418,49.573692321777344,464444000,NVDA
2023-12-20,49.62465933137436,49.96845091462431,48.068611458987135,48.08160400390625,397894000,NVDA
2023-12-21,48.781180068606574,49.06500695718709,48.389417453965386,48.9600715637207,300425000,NVDA
2023-12-22,49.16494577989552,49.352830653569725,48.43738988482299,48.8001708984375,252507000,NVDA
2023-12-26,48.93808291084912,49.56969677808233,48.930088377699356,49.24889373779297,244200000,NVDA
2023-12-27,49.48075464580007,49.64965012045702,49.05501239405432,49.386810302734375,233648000,NVDA
2023-12-28,49.61267326878179,49.85352335128604,49.38181158719183,49.49174499511719,246587000,NVDA
2023-12-29,49.782567581126976,49.96645709185245,48.721216111915,49.49174499511719,389293000,NVDA
2024-01-02,49.213911661432995,49.26487918925224,47.565920930034586,48.13856887817383,411254000,NVDA
2024-01-03,47.45599156277329,48.15456203597886,47.2910914479061,47.539939880371094,320896000,NVDA
2024-01-04,47.737819636783634,48.47037358886087,47.4789789763883,47.96868133544922,306535000,NVDA
2024-01-05,48.43239477719924,49.516731000212985,48.27648803927744,49.0670051574707,415039000,NVDA
2024-01-08,49.48176135689829,52.24307433001581,49.44878056633185,52.22108459472656,642510000,NVDA
2024-01-09,52.368989354850214,54.291813775257275,51.658421354299875,53.10753631591797,773100000,NVDA
2024-01-10,53.58324641272958,54.566642620850935,53.45632128428564,54.316795349121094,533796000,NVDA
2024-01-11,54.965399369459846,55.312187494704844,53.527279337957886,54.78850555419922,596759000,NVDA
2024-01-12,54.58662953889082,54.93641799826661,54.29680960809761,54.67657470703125,352994000,NVDA
2024-01-16,54.98439562296978,56.80028329797536,54.866467668882784,56.34756088256836,449580000,NVDA
2024-01-17,56.312579806380306,56.43650460830921,54.706563019184806,56.018760681152344,474394000,NVDA
2024-01-18,57.225023275703855,57.56481575240513,56.07272766296372,57.07211685180664,491650000,NVDA
2024-01-19,57.95357335479518,59.46365188180549,57.19004013784853,59.45465850830078,543501000,NVDA
2024-01-22,60.01232052303933,60.29414976562131,59.03391842649556,59.61756134033203,452955000,NVDA
2024-01-23,59.5336132708294,59.873405745227366,58.54921431651321,59.836429595947266,294654000,NVDA
2024-01-24,60.26715642389318,62.810599654408506,59.901378913458146,61.32450866699219,560271000,NVDA
2024-01-25,62.311911094050835,62.68068897905718,60.8128273903059,61.57936096191406,482777000,NVDA
2024-01-26,60.92276141821586,61.74526054571479,60.53600059416135,60.993717193603516,390309000,NVDA
2024-01-29,61.1945932389414,62.450825336358335,60.869794823781135,62.426841735839844,348733000,NVDA
2024-01-30,62.861575397836866,63.45421163481392,62.221963176710254,62.73564910888672,410735000,NVDA
2024-01-31,61.40246556305648,62.230961514394274,60.66291975637589,61.48941421508789,453795000,NVDA
2024-02-01,62.06206677730192,63.152403792502625,61.61234469457068,62.988502502441406,369146000,NVDA
2024-02-02,63.93491403332179,66.55930912654547,63.65108714697043,66.11958312988281,476578000,NVDA
2024-02-05,68.18331639891433,69.45454244217241,67.16394292298222,69.28964233398438,680078000,NVDA
2024-02-06,69.58745829595591,69.71138308978904,66.25949848302591,68.18132019042969,683111000,NVDA
2024-02-07,68.2772638618389,70.17710350841662,67.5587013332111,70.0561752319336,495575000,NVDA
2024-02-08,70.03119148834118,70.7507528828607,69.41257394689296,69.59845733642578,414422000,NVDA
2024-02-09,70.48991468195457,72.14090604638328,70.16911160679686,72.08894348144531,436637000,NVDA
2024-02-12,72.55564739281085,74.56542046599529,71.2064736279646,72.20386505126953,613710000,NVDA
2024-02-13,70.3569973280816,73.40512964528038,69.57747501499297,72.08393859863281,602580000,NVDA
2024-02-14,73.15729429339046,74.19065934700839,71.89406636072601,73.85486602783203,504917000,NVDA
2024-02-15,73.82387565740021,73.92980608164119,72.35577132172895,72.61360931396484,420122000,NVDA
2024-02-16,74.0547328068878,74.35655027525982,72.45671056832468,72.56864166259766,495327000,NVDA
2024-02-20,71.90303947909813,71.91203666406658,67.69261615478561,69.4095687866211,704833000,NVDA
2024-02-21,67.96445653317794,68.84592156210476,66.2075347659216,67.4307861328125,673755000,NVDA
2024-02-22,74.97917375100998,78.52700071768926,74.17466516688725,78.49002838134766,865100000,NVDA
2024-02-23,80.7406386857603,82.34365493003914,77.5226048674375,78.76884460449219,829388000,NVDA
2024-02-26,79.65130857177527,80.596737435313,78.4570388969918,79.04368591308594,503973000,NVDA
2024-02-27,79.33250852556469,79.43145470230726,77.11486980989693,78.65292358398438,391705000,NVDA
2024-02-28,77.57258181183745,78.88477556464643,77.07788148076835,77.61555480957031,393110000,NVDA
2024-02-29,79.04569580641504,79.94114467845763,78.30214690396402,79.06368255615234,507289000,NVDA
2024-03-01,79.95112232187887,82.24972013852617,79.38646508056598,82.22872924804688,479135000,NVDA
2024-03-04,84.07859536447201,87.6414196546175,83.6678509917937,85.18492126464844,615616000,NVDA
2024-03-05,85.22190326590307,86.04844030428545,83.36995155382468,85.91551208496094,520639000,NVDA
2024-03-06,87.97236718689258,89.67340327370732,86.98092218791462,88.64997863769531,582520000,NVDA
2024-03-07,90.10714445366249,92.71467403344542,89.55145830366479,92.61672973632812,608119000,NVDA
2024-03-08,95.08434657912662,97.34507194141518,86.45721088913098,87.4786376953125,1142269000,NVDA
2024-03-11,86.38024574570308,88.74690616090122,84.11852182933525,85.72561645507812,678364000,NVDA
2024-03-12,87.99934858682109,91.90813847414768,86.10141744907258,91.86116790771484,668075000,NVDA
2024-03-13,91.0036442134583,91.45238847114443,88.38511917925783,90.83673858642578,635713000,NVDA
2024-03-14,89.52648380331242,90.5948811522506,86.55115777095088,87.89440155029297,602318000,NVDA
2024-03-15,86.88096661769565,89.49548835416286,86.20834970674177,87.7874526977539,642086000,NVDA
2024-03-18,90.33702166642148,92.3528823706334,87.03588315502401,88.40511322021484,668976000,NVDA
2024-03-19,86.65111081951359,90.49294513426233,84.96206891761534,89.34759521484375,672171000,NVDA
2024-03-20,89.74635698272712,90.35901787579786,88.17324712477493,90.32103729248047,479063000,NVDA
2024-03-21,92.2479404308415,92.59574371140432,90.3540050520513,91.3834228515625,480372000,NVDA
2024-03-22,91.0895826139038,94.72453187599703,90.78275659770236,94.23580932617188,586719000,NVDA
2024-03-25,93.88801905784321,96.71142270452334,93.45726238634705,94.94841766357422,552136000,NVDA
2024-03-26,95.79693429152606,96.3206408094852,92.44982423178193,92.5087890625,513648000,NVDA
2024-03-27,93.0594819501001,93.18740810778951,89.07273343467564,90.1990966796875,586067000,NVDA
2024-03-28,89.9492364441801,91.24850624285476,89.14269241707345,90.30503845214844,435212000,NVDA
2024-04-01,90.24807533872301,92.1729839586744,89.15369169415271,90.3120346069336,452441000,NVDA
2024-04-02,88.39810360146309,90.04317879660557,87.57057538202243,89.40154266357422,433064000,NVDA
2024-04-03,88.43410095294554,90.32303448482294,88.35014869042175,88.91382598876953,370067000,NVDA
2024-04-04,90.35500517909665,90.58288102989088,85.83155707073556,85.8565444946289,434965000,NVDA
2024-04-05,86.81699703882079,88.43109152288164,85.87753246886356,87.95835876464844,399678000,NVDA
2024-04-08,88.64995673788222,88.77988827828314,86.68307229452097,87.08384704589844,283220000,NVDA
2024-04-09,87.39267436773328,87.58556628736338,82.97516956737525,85.30584716796875,501700000,NVDA
2024-04-10,83.87866326448999,87.35070274664696,83.66178279831279,86.98990631103516,431929000,NVDA
2024-04-11,87.37069146521046,90.687819723934,86.87697442257391,90.56488800048828,431637000,NVDA
2024-04-12,89.64840815742117,90.1241452492344,87.48063273280795,88.13626098632812,426805000,NVDA
2024-04-15,89.04775296579596,90.56189797510771,85.88054139689574,85.95249938964844,443077000,NVDA
2024-04-16,86.38425134878223,88.06829858635284,86.01546379198004,87.3656997680664,370453000,NVDA
2024-04-17,88.29016660250515,88.72492641813315,83.90264346955806,83.98760223388672,495400000,NVDA
2024-04-18,84.92207255324703,86.14138561304675,82.35552028108327,84.62323760986328,447260000,NVDA
2024-04-19,83.10310538210794,84.27643922651326,75.56336143765269,76.15702056884766,875198000,NVDA
2024-04-22,78.05994814693265,80.02783946358336,76.35691439393003,79.47315216064453,596341000,NVDA
2024-04-23,80.7234441336971,82.72231614993429,80.21873169463018,82.37651062011719,438559000,NVDA
2024-04-24,83.90264988256477,84.03457921776213,79.13834013698539,79.63206481933594,512208000,NVDA
2024-04-25,78.82351858715127,83.27600801866915,78.17888569012331,82.58540344238281,424641000,NVDA
2024-04-26,83.77074038243197,88.28119623524096,83.33998364388893,87.68553161621094,551011000,NVDA
2024-04-29,87.54558547154063,87.94235705533755,85.21789697205114,87.7074966430664,388971000,NVDA
2024-04-30,87.19079630766022,88.76890816331654,86.25133163329888,86.353271484375,363709000,NVDA
2024-05-01,85.02901046138126,85.95148630832341,81.20916027802339,82.99415588378906,559863000,NVDA
2024-05-02,84.40136817425811,86.18836175340402,83.15307206256357,85.76860046386719,377898000,NVDA
2024-05-03,87.73948614559522,89.23064138508623,86.99090805240313,88.73892211914062,398341000,NVDA
2024-05-06,89.33958648937698,92.16799229625614,89.00477633292259,92.0880355834961,376203000,NVDA
2024-05-07,91.04662159823116,91.72923505394095,88.96080064953647,90.5029296875,437342000,NVDA
2024-05-08,89.43253836914545,91.14257199813075,89.36957035953105,90.36101531982422,325721000,NVDA
2024-05-09,90.47792997859051,91.02062292863653,88.18122980671515,88.69693756103516,378013000,NVDA
2024-05-10,90.25406212026445,91.3494445724532,89.17666725781999,89.82730102539062,335325000,NVDA
2024-05-13,90.4269726636133,90.94668368485891,88.47907428372562,90.3480224609375,289680000,NVDA
2024-05-14,89.5484686052902,91.5993133075769,88.88384272491611,91.30448150634766,296507000,NVDA
2024-05-15,92.41984953324487,94.80850105677926,91.54734077306348,94.57662963867188,417735000,NVDA
2024-05-16,94.85647788998737,95.7649618311796,94.04992617640089,94.3057861328125,323952000,NVDA
2024-05-17,94.31577507944353,94.68656039026546,91.75421718471637,92.42683410644531,359691000,NVDA
2024-05-20,93.6971368800976,95.1463162138061,93.38731412084368,94.72655487060547,318764000,NVDA
2024-05-21,93.54620449229954,95.3461911389766,93.12744211033531,95.33219909667969,328946000,NVDA
2024-05-22,95.4051618418388,95.96584245517248,93.19640917175742,94.89644622802734,548648000,NVDA
2024-05-23,101.970450841432,106.26002974980725,101.46273414650618,103.7404556274414,835065000,NVDA
2024-05-24,104.39008586204577,106.41494412748668,102.94190563238328,106.40895080566406,429494000,NVDA
2024-05-28,110.18181893492428,114.87417036274923,109.82102250000426,113.83675384521484,652728000,NVDA
2024-05-29,112.98623077828327,115.42684694644582,110.83844096973402,114.76022338867188,557442000,NVDA
2024-05-30,114.58532839037406,115.75366768594493,109.60114200461162,110.43766784667969,484553000,NVDA
2024-05-31,112.45652422078095,112.65341931534381,106.879677688503,109.57115936279297,613263000,NVDA
2024-06-03,113.55691490102478,114.93513488769531,111.93982368190672,114.93513488769531,438392000,NVDA
2024-06-04,115.65073625073813,116.53423270815343,113.98067349692546,116.37132263183594,403324000,NVDA
2024-06-05,118.30422862833838,122.37992351471904,117.4017381363518,122.37093353271484,528402000,NVDA
2024-06-06,123.97803133753258,125.51616477932996,118.25326519915947,120.92975616455078,664696000,NVDA
2024-06-07,119.70243576783463,121.62335628683404,117.95542832157363,120.81980895996094,412386000,NVDA
2024-06-10,120.30210862140808,123.0305645078952,116.94400320335374,121.72130584716797,313434100,NVDA
2024-06-11,121.71131653242202,122.81079255068147,118.68277788836801,120.85173797607422,222551200,NVDA
2024-06-12,123.00069556163665,126.8188544177255,122.51093382538542,125.13966369628906,299595000,NVDA
2024-06-13,129.32763594350715,129.7374419918796,127.09871503024357,129.5475311279297,260704500,NVDA
2024-06-14,129.89737910282292,132.7759808624214,128.2581700274141,131.8164520263672,309320400,NVDA
2024-06-17,132.9259111616535,133.66554475885698,129.5175509456389,130.9168701171875,288504400,NVDA
2024-06-18,131.07680096187468,136.26430225949593,130.6270208742377,135.51466369628906,294335100,NVDA
2024-06-20,139.73262148324963,140.69215023640655,129.45757751387328,130.7169647216797,517768400,NVDA
2024-06-21,127.05874067811743,130.5670512631637,124.24010000634735,126.50900268554688,649445800,NVDA
2024-06-24,123.18059459700767,124.40000776140424,117.98310411428992,118.05307006835938,476060900,NVDA
2024-06-25,121.14159285282038,126.43904192857353,119.2625015362155,126.02923583984375,414192600,NVDA
2024-06-26,126.06921428451571,128.0582531537486,122.54091663746888,126.3390884399414,362975900,NVDA
2024-06-27,124.04019204451785,126.34908399185862,122.8607604065947,123.93024444580078,252571700,NVDA
2024-06-28,124.5199608102888,127.6484495693471,122.69084094404647,123.48046112060547,315516700,NVDA
2024-07-01,123.41049523168472,124.77983008392047,118.77273207553426,124.24009704589844,284885500,NVDA
2024-07-02,121.07162680437523,123.35053451744282,120.97167651778796,122.61088562011719,218374000,NVDA
2024-07-03,121.60136576540062,128.21817016601562,121.30150730962696,128.21817016601562,215749000,NVDA
2024-07-05,127.31861187118912,128.78791231292527,125.61943416430904,125.76936340332031,214176700,NVDA
2024-07-08,127.42854201917729,130.70696731901708,126.9787619894619,128.13819885253906,237677300,NVDA
2024-07-09,130.28719371816868,133.7555228326683,128.58800070420872,131.3166961669922,285366600,NVDA
2024-07-10,133.96540518326054,135.03489683470838,132.35618048673416,134.84498596191406,248978600,NVDA
2024-07-11,135.6845824191085,136.0843835595481,126.98877797734232,127.33860778808594,374782700,NVDA
2024-07-12,128.1981955828636,131.85643576222122,127.15870339191848,129.177734375,252680500,NVDA
2024-07-15,130.49708637675548,131.32668826604316,127.11871779694197,128.37811279296875,208326200,NVDA
2024-07-16,128.37810993499286,128.97781165688778,124.51996937686796,126.29911041259766,214769500,NVDA
2024-07-17,121.29150164795156,121.79126062270679,116.66373628697615,117.93312072753906,390086200,NVDA
2024-07-18,121.79127496540796,122.34101295266511,116.50382347473696,121.0316390991211,320979500,NVDA
2024-07-19,120.29200089882109,121.54139851435873,117.31344125378135,117.8731689453125,217223800,NVDA
2024-07-22,120.29199609290939,124.01020446831424,119.80223438238662,123.48046112060547,258068900,NVDA
2024-07-23,122.72082517670732,124.62990831594026,122.04115259647224,122.53091430664062,173911000,NVDA
2024-07-24,119.1125656978158,119.89218856658098,113.38533146913761,114.19493865966797,327776900,NVDA
2024-07-25,112.98552700492492,116.57379332567128,106.24877714220031,112.22589111328125,460067000,NVDA
2024-07-26,116.13400480341201,116.14399449340688,111.52622597755057,113.00550842285156,293399100,NVDA
2024-07-29,113.63521076393421,116.22395888086476,111.24636320886141,111.53621673583984,248152100,NVDA
2024-07-30,111.46624662712419,111.93602131829121,102.49057904635741,103.68000793457031,486833300,NVDA
2024-07-31,112.84559062727486,118.28296369436077,110.82655987338046,116.9636001586914,473174200,NVDA
2024-08-01,117.47335365334001,120.10209097077005,106.75851907796755,109.15736389160156,523462300,NVDA
2024-08-02,103.71000431512978,108.6676133731782,101.32115657119698,107.21830749511719,482027500,NVDA
2024-08-05,92.01562533705626,103.36016082359782,90.64629054713856,100.40158081054688,552842400,NVDA
2024-08-06,103.78995436151921,107.65809209854007,100.50154657010994,104.19976043701172,409012100,NVDA
2024-08-07,107.75803985921162,108.74756823143176,98.64244001125142,98.86233520507812,411440400,NVDA
2024-08-08,101.95084088326249,105.44915405082541,97.47299667346623,104.9194107055664,391910000,NVDA
2024-08-09,105.58909444979487,106.54863093775165,103.3801603016259,104.69952392578125,290844200,NVDA
2024-08-12,106.26876479464013,111.01647580125626,106.20879614847053,108.96746063232422,325559900,NVDA
2024-08-13,112.38580888904526,116.1739831093698,111.52622277964618,116.08402252197266,312646700,NVDA
2024-08-14,118.4728819117515,118.54284787534027,114.0150319977807,118.02310180664062,339246400,NVDA
2024-08-15,118.70275900317725,123.18059534214359,117.41337987691159,122.80078125,318086700,NVDA
2024-08-16,121.88123896431732,124.93976189528415,121.12160307679298,124.51996612548828,302589900,NVDA
2024-08-19,124.22011749326396,129.93736267089844,123.36053125322975,129.93736267089844,318333600,NVDA
2024-08-20,128.3381146113763,129.81741234204915,125.82932973595075,127.18867492675781,300087400,NVDA
2024-08-21,127.25863301570179,129.28766098618868,126.59895509298427,128.4380645751953,257883600,NVDA
2024-08-22,129.95734653679833,130.68699047324503,123.04067554756361,123.68036651611328,376189100,NVDA
2024-08-23,125.79932992863567,129.53753255606168,125.15963905002394,129.30763244628906,323230300,NVDA
2024-08-26,129.50756494551362,131.19673768949764,124.31006635411407,126.39905548095703,331964700,NVDA
2024-08-27,124.98974063480068,129.1377346219971,123.82029866993177,128.23817443847656,303134600,NVDA
2024-08-28,128.05825393148814,128.26815944285755,122.580899020736,125.54946899414062,448101100,NVDA
2024-08-29,121.30151255769351,124.37003270157089,116.65375204642187,117.5333251953125,453023300,NVDA
2024-08-30,119.47238840117339,121.69131963851615,117.16350420185492,119.31246948242188,333751600,NVDA
2024-09-03,115.95408600386334,116.15398655476369,107.23828777198462,107.94794464111328,477155100,NVDA
2024-09-04,105.3592035946603,113.21540862229497,104.06982436712501,106.1588134765625,372470300,NVDA
2024-09-05,104.93939398764914,109.59715158582065,104.70950911519668,107.1583251953125,306850700,NVDA
2024-09-06,107.98792932713482,108.09787692095124,100.90134249947533,102.78044128417969,413638100,NVDA
2024-09-09,104.8294482794324,106.49864918568733,103.64002700878578,106.41868591308594,273912000,NVDA
2024-09-10,107.7580285866342,109.34726610485653,104.89940661736314,108.04788970947266,268283700,NVDA
2024-09-11,109.33727332924734,117.13351677378026,107.36822165058582,116.85365295410156,441422400,NVDA
2024-09-12,116.79368208487448,120.7421209186122,115.33426173002456,119.0927734375,366052700,NVDA
2024-09-13,119.03279143615939,119.91243980632909,117.55337484057826,119.05278015136719,238358300,NVDA
2024-09-16,116.74370178435876,118.13315013570288,114.31466480568342,116.73370361328125,248772300,NVDA
2024-09-17,118.12315326201993,118.75290839853001,114.78448096424103,115.54417419433594,231925900,NVDA
2024-09-18,115.84405559100924,117.65333558843457,113.17511592459984,113.32505798339844,310318900,NVDA
2024-09-19,117.30347459042382,119.6125639674696,117.2035157611041,117.82327270507812,293506400,NVDA
2024-09-20,117.01358731596827,118.57297401582413,115.34425124357021,115.95401000976562,382462400,NVDA
2024-09-23,116.50379891378353,116.94361929782039,114.81446644323901,116.21391296386719,206228500,NVDA
2024-09-24,116.4738010232417,121.75171411597229,115.33425359874879,120.82208251953125,354966800,NVDA
2024-09-25,121.97162190060216,124.89047006468225,121.5617884105282,123.4610366821289,284692900,NVDA
2024-09-26,126.74973749484685,127.61938773200264,121.75171957511898,123.99082946777344,302582900,NVDA
2024-09-27,123.92085618310571,123.98082995705606,119.21272426875333,121.35187530517578,271009200,NVDA
2024-09-30,118.26309688166123,121.45183473616015,118.1031642748816,121.39186096191406,226553700,NVDA
2024-10-01,121.72172671524483,122.3914669216292,115.74410147280143,116.95362091064453,302094500,NVDA
2024-10-02,116.39384623986545,119.33267565347262,115.09435850244638,118.80288696289062,221845900,NVDA
2024-10-03,120.87206480654892,124.31070361178112,120.29229289145833,122.80130004882812,277118000,NVDA
2024-10-04,124.89047211115172,124.99043094258552,121.78170440742984,124.87047576904297,243678100,NVDA
2024-10-07,124.94045138468705,130.58821322989388,124.9004663256647,127.66937255859375,346250200,NVDA
2024-10-08,130.20834865989482,133.42707320550807,129.36868536610157,132.83731079101562,285722500,NVDA
2024-10-09,134.0568400839603,134.46668122269037,131.32792651292905,132.597412109375,246191600,NVDA
2024-10-10,131.8577168886846,134.94648840712318,130.94807393580103,134.75656127929688,242311300,NVDA
2024-10-11,133.9568713960576,135.72617401836632,133.60701929174726,134.74656677246094,170209500,NVDA
2024-10-14,136.4159022137037,139.54466630986312,136.24597143489578,138.01527404785156,232347700,NVDA
2024-10-15,137.8153397242487,138.5150744275185,128.68896947491228,131.54783630371094,377831000,NVDA
2024-10-16,133.92688301499192,136.56583584893667,131.527840530584,135.66619873046875,264879700,NVDA
2024-10-17,139.28476556198524,140.83415423256426,136.81574338597488,136.87571716308594,306435900,NVDA
2024-10-18,138.61502982502418,138.8449343829922,137.22558142668973,137.94529724121094,176090200,NVDA
2024-10-21,138.07524085271365,143.6530303955078,137.94528751258602,143.6530303955078,264554500,NVDA
2024-10-22,142.85337309657714,144.36276924192205,141.72381599778205,143.53309631347656,226311600,NVDA
2024-10-23,141.97369118156848,142.37352650102258,137.40551088320953,139.50466918945312,285930000,NVDA
2024-10-24,140.76418072009866,141.293969386979,138.40511570705533,140.35433959960938,172354900,NVDA
2024-10-25,140.8741279131319,144.0728716327459,140.74418981710016,141.48388671875,205122100,NVDA
2024-10-28,142.94330695476953,143.08325084097928,139.9944795471596,140.46429443359375,173586700,NVDA
2024-10-29,140.23437413304583,142.20359433012132,138.8449258203989,141.19400024414062,157593600,NVDA
2024-10-30,139.48467718743143,140.27437255912164,136.75576367804047,139.28475952148438,179418100,NVDA
2024-10-31,137.54547571977304,137.55546626582213,132.05764589588958,132.70738220214844,270039600,NVDA
2024-11-01,134.64660922766117,137.25557537634637,134.5166711244238,135.34632873535156,207127800,NVDA
2024-11-04,137.15560698724303,138.90491316378314,135.5162578090522,135.99606323242188,187528200,NVDA
2024-11-05,137.39550649112996,140.31434706066804,137.27555894461494,139.8545379638672,160537400,NVDA
2024-11-06,142.90334822985668,146.4319479858603,141.90374455387283,145.5522918701172,242043900,NVDA
2024-11-07,146.33198051831096,148.8709671267726,146.1120664908763,148.8209991455078,207323300,NVDA
2024-11-08,148.7110195677981,149.7106230852884,146.20200497714438,147.57147216796875,175665800,NVDA
2024-11-11,148.62105018654825,148.7909962143961,143.51309063046196,145.20240783691406,182325600,NVDA
2024-11-12,146.72179022487757,149.59064718789998,145.952091313065,148.23118591308594,198634700,NVDA
2024-11-13,149.01091396688446,149.27080540839845,145.84215717514013,146.21202087402344,191903300,NVDA
2024-11-14,147.5814687564354,148.94093020600926,145.49230097997514,146.70181274414062,194463300,NVDA
2024-11-15,144.81255966940228,145.18242335032573,140.02446543358045,141.9237060546875,250132900,NVDA
2024-11-18,139.44468522690033,141.49387540802257,137.09561095173166,140.09442138671875,221205300,NVDA
2024-11-19,141.26398946372595,147.07168399645053,140.9341184421503,146.95172119140625,227834900,NVDA
2024-11-20,147.3515703217148,147.5015047606034,142.67341754276418,145.83216857910156,309871700,NVDA
2024-11-21,149.290807835149,152.8293979645091,140.64422730754492,146.6118621826172,400946600,NVDA
2024-11-22,145.8721561256333,147.1016796207282,141.0440838257902,141.89373779296875,236406200,NVDA
2024-11-25,141.933730079164,141.99370385870768,135.766177287977,135.96609497070312,344941900,NVDA
2024-11-26,137.64541224160723,139.2447840977321,135.61621816013385,136.86572265625,190287700,NVDA
2024-11-27,134.95646019838466,137.1655905980091,131.74774157257602,135.2863311767578,226370900,NVDA
2024-11-29,136.7257870913165,139.29477581313424,135.99608069190262,138.19520568847656,141863200,NVDA
2024-12-02,138.77496038075373,140.39431322408433,137.76536630294407,138.57504272460938,171682800,NVDA
2024-12-03,138.2051993772479,140.48429454860658,137.8953246767264,140.20440673828125,164414000,NVDA
2024-12-04,141.94371889092554,145.73221002899123,140.23438993110327,145.0824737548828,231224300,NVDA
2024-12-05,145.06246836220566,146.49199262942497,143.90284467102651,145.01248168945312,172621200,NVDA
2024-12-06,144.5526526293818,145.65228325014007,141.26372149336697,142.3933563232422,188505600,NVDA
2024-12-09,138.92447761551347,139.90415231737651,137.08508402113657,138.7645263671875,189308600,NVDA
2024-12-10,138.96445323342698,141.77354545828368,133.74616214517607,135.0257568359375,210020900,NVDA
2024-12-11,137.31500040642362,140.12407738797447,135.16571086465208,139.2643585205078,184905200,NVDA
2024-12-12,137.03510407678786,138.39465924672223,135.75552453494274,137.29501342773438,159211400,NVDA
2024-12-13,138.89449032268433,139.55427778956917,132.4965775973186,134.20602416992188,231514900,NVDA
2024-12-16,134.13603509853905,134.35596424649526,130.37727237183418,131.95675659179688,237951100,NVDA
2024-12-17,129.04771280436398,131.54689392732612,126.81844751374322,130.3472900390625,259410300,NVDA
2024-12-18,133.8161583001621,136.6552244722092,128.23798405143236,128.86778259277344,277444500,NVDA
2024-12-19,131.7168091066324,133.9860693668965,129.50754199406654,130.6371612548828,209719200,NVDA
2024-12-20,129.76747112979962,135.2356803497186,128.1779956829599,134.65586853027344,306528600,NVDA
2024-12-23,136.23536324975828,139.74420813475027,135.07573952144836,139.62425231933594,176053500,NVDA
2024-12-24,139.95415834100334,141.8535301026856,138.60459428405517,140.17408752441406,105157000,NVDA
2024-12-26,139.65425012018665,140.8038826879709,137.68489400548984,139.88417053222656,116205600,NVDA
2024-12-27,138.50462254046806,138.97446981750295,134.66588395063462,136.96511840820312,170582600,NVDA
2024-12-30,134.78581438230358,140.22403398735426,133.97608228188028,137.4449462890625,167734700,NVDA
2024-12-31,137.98479821279548,138.02479365615312,133.7861766339878,134.2460174560547,155659200,NVDA
2025-01-02,135.9554382894446,138.83449951090427,134.58589206435911,138.26467895507812,198247200,NVDA
2025-01-03,139.96413776465596,144.85253555834646,139.68423069189672,144.4226837158203,229322500,NVDA
2025-01-06,148.5413213081193,152.11015917129038,147.77158452702758,149.38104248046875,265377400,NVDA
2025-01-07,152.97986196669754,153.07983530547875,139.9641234037018,140.09408569335938,351782200,NVDA
2025-01-08,142.5332942493383,143.90284057175748,137.51493447299714,140.06410217285156,227349900,NVDA
2025-01-10,137.40498271998055,139.87417502688794,134.17604480086774,135.86549377441406,207602500,NVDA
2025-01-13,129.94742663109315,133.4462801889749,129.4675728747113,133.1863555908203,204808900,NVDA
2025-01-14,136.00543044799826,136.33532416409136,130.00739616366573,131.71682739257812,195590500,NVDA
2025-01-15,133.60622538989423,136.4053114797544,131.24699764678536,136.1953887939453,185217300,NVDA
2025-01-16,138.59459191383036,138.70455649670012,133.44628474718112,133.52626037597656,209235600,NVDA
2025-01-17,136.6452315490251,138.45463626831489,135.41563868932835,137.66490173339844,201188800,NVDA
2025-01-21,139.11440825447346,141.783531605571,137.04507916268696,140.7838592529297,197749000,NVDA
2025-01-22,144.61263605764083,147.7416007949869,143.62295473278476,147.0218505859375,237651400,NVDA
2025-01-23,145.0024960002277,147.18177468068177,143.67292977388993,147.17178344726562,155915500,NVDA
2025-01-24,148.32138900097752,148.92119854206575,141.83352489203162,142.57327270507812,234657600,NVDA
2025-01-27,124.75912547322825,128.3579371600633,116.66177248371496,118.38121032714844,818830900,NVDA
2025-01-28,121.77008342453179,128.9577298793433,116.21190774010589,128.94773864746094,579666400,NVDA
2025-01-29,126.458570906435,126.84844257022412,120.0106863497111,123.65948486328125,467120600,NVDA
2025-01-30,123.05968876955973,124.95906813052294,118.06132604433881,124.60918426513672,392925500,NVDA
2025-01-31,123.73945402173636,127.80812056780856,119.15096116009843,120.03067016601562,388161100,NVDA
2025-02-03,114.71241004430098,118.53115837860842,112.97298217131676,116.62178802490234,371235700,NVDA
2025-02-04,116.92168099297385,121.16028976109213,116.66176403787988,118.61112976074219,256550000,NVDA
2025-02-05,121.72011429490169,124.95905075493906,120.72044188886218,124.78910827636719,262230800,NVDA
2025-02-06,127.37826606210074,128.72783001681898,125.16899078801299,128.63784790039062,251483600,NVDA
2025-02-07,129.17766285547097,130.32727996151158,124.95904429961287,129.79745483398438,228186300,NVDA
2025-02-10,130.04738916543755,134.955784699492,129.91744211571256,133.52626037597656,216989100,NVDA
2025-02-11,132.5365863252507,134.43595803743202,130.9770996135579,132.7565155029297,178902400,NVDA
2025-02-12,129.97743275203294,132.19670709360815,129.03773808890557,131.09706115722656,160278600,NVDA
2025-02-13,131.51690772043457,136.45529216313562,131.127036067263,135.2456817626953,197430000,NVDA
2025-02-14,136.4353006772254,139.20439781688884,135.4556258828613,138.80453491210938,195479600,NVDA
2025-02-18,141.2237529999524,143.3930407195906,137.88483491061234,139.35435485839844,219176600,NVDA
2025-02-19,139.46429426521587,141.3136943495984,137.17505112782226,139.18438720703125,167536000,NVDA
2025-02-20,139.98412654948388,140.61392504988532,136.74518244514988,140.06410217285156,143903600,NVDA
2025-02-21,139.99411868487,141.41366694156105,133.98609294492073,134.38595581054688,228217600,NVDA
2025-02-24,136.51527743543022,138.544611438826,130.03740375103862,130.23733520507812,251381100,NVDA
2025-02-25,129.93742515974864,130.1573543264651,124.39924631174091,126.5885238647461,271428700,NVDA
2025-02-26,129.9474287481865,133.68619399137987,128.44792005609298,131.23699951171875,322553800,NVDA
2025-02-27,134.9557838016939,134.96577503505506,119.97069557287365,120.11064910888672,443175800,NVDA
2025-02-28,117.98134023479652,125.04902421361967,116.36187573271177,124.87908172607422,389091100,NVDA
2025-03-03,123.46954557652553,123.65947815441595,112.2432206852501,114.02263641357422,411381400,NVDA
2025-03-04,110.61375634258967,119.27091565466138,110.07393231302608,115.9520034790039,398163300,NVDA
2025-03-05,117.54148083895355,118.24124845757764,114.47248692259635,117.2615737915039,284337900,NVDA
2025-03-06,113.49281250827367,115.31221606989396,110.18389912538346,110.53378295898438,321181900,NVDA
2025-03-07,111.21356065439609,113.44283358559466,107.52476685365718,112.65309143066406,341755500,NVDA
2025-03-10,109.86401109514142,111.81336945167178,105.42546268101563,106.9449691772461,366487400,NVDA
2025-03-11,106.95494843650206,112.20322856084239,104.73567447790636,108.72437286376953,354865700,NVDA
2025-03-12,114.09312447156262,116.7325020716217,112.85341103244578,115.71273803710938,323857500,NVDA
2025-03-13,117.0024278677365,117.73225924433854,113.76319330991835,115.55277252197266,299033100,NVDA
2025-03-14,118.5820578648422,121.85128414551467,118.12216714928688,121.6413345336914,277593500,NVDA
2025-03-17,122.711081524258,122.86104771124882,118.00219206936818,119.50183868408203,255501500,NVDA
2025-03-18,117.97219563901088,118.99195194008684,114.51301183473794,115.40280151367188,299686900,NVDA
2025-03-19,117.24236846895431,120.4216195833343,115.65274672556286,117.4923095703125,273426200,NVDA
2025-03-20,116.52253841801043,120.17167220516042,116.44255543913019,118.50206756591797,248829700,NVDA
2025-03-21,116.91244866461768,117.9621966837067,115.39280254041711,117.6722640991211,266498500,NVDA
2025-03-24,119.8517551027078,122.19120779583362,119.31188140429414,121.38140106201172,228452500,NVDA
2025-03-25,120.5216012824151,121.26142480153007,118.89198043130345,120.66156768798828,167447200,NVDA
2025-03-26,118.70203035263671,118.81199741904777,112.68344440410922,113.73320007324219,293463300,NVDA
2025-03-27,111.32377219977147,114.42304053099558,110.6339399022949,111.40375518798828,236902100,NVDA
2025-03-28,111.46373602695421,112.84341584506377,109.04430789656145,109.6441650390625,229872500,NVDA
2025-03-31,105.10522740758995,110.9338556226425,103.6255803841977,108.35446166992188,299212700,NVDA
2025-04-01,108.49443304563391,110.17403760023085,106.4449205320371,110.12405395507812,222614000,NVDA
2025-04-02,107.26472214391917,111.95361956622256,106.76483994973236,110.39398193359375,220601200,NVDA
2025-04-03,103.48562015563714,105.60511590388697,101.57606639857329,101.7760238647461,338769400,NVDA
2025-04-04,98.88670323249266,100.10640942744341,92.08830207120735,94.28778076171875,532273800,NVDA
2025-04-07,87.43939472630683,101.72602911656392,86.59959627985899,97.61699676513672,611041300,NVDA
2025-04-08,103.78553826456235,105.82505852328022,94.43774279946976,96.27731323242188,476243400,NVDA
2025-04-09,98.86669810018236,115.07287764897656,97.5070179445592,114.30306243896484,612918300,NVDA
2025-04-10,109.34423379452805,110.83388059600858,99.12664053501021,107.5446548461914,437812400,NVDA
2025-04-11,108.47443427245335,111.52371865557488,107.45467796999777,110.90386199951172,313417300,NVDA
2025-04-14,114.08311462021162,114.2630725146749,109.04430120283689,110.68391418457031,264705000,NVDA
2025-04-15,110.94385517244878,113.5932323217664,110.47396469045397,112.1735610961914,228966900,NVDA
2025-04-16,104.52537649088836,106.76484672728219,100.4263361362673,104.46538543701172,397016900,NVDA
2025-04-17,104.42538906519317,104.44538862475022,100.02643178468185,101.4660873413086,292517500,NVDA
2025-04-21,98.74673137333838,99.41657935183265,95.01761424618036,96.88717651367188,288501100,NVDA
2025-04-22,98.75672452641882,99.78648062043173,97.2570779520085,98.86669921875,241004800,NVDA
2025-04-23,104.4953697335839,104.77531016741209,101.99595878138034,102.68579864501953,247526000,NVDA
2025-04-24,103.45562063709751,106.51489717654988,103.08570507328525,106.40492248535156,220815000,NVDA
2025-04-25,106.82483233532861,111.8936379045766,105.70510100806126,110.98385620117188,251064700,NVDA
2025-04-28,109.66416443154382,110.34400455936343,105.9950231207954,108.70439147949219,207708500,NVDA
2025-04-29,107.64463563001284,110.17403844763395,107.41469407982767,108.99431610107422,170444300,NVDA
2025-04-30,104.44538450923935,108.89433288574219,104.05547701680861,108.89433288574219,235044600,NVDA
2025-05-01,113.05335693358144,114.91291927434723,111.27377757314032,111.58370208740234,236121500,NVDA
2025-05-02,114.15310576985596,115.37281962529518,113.34329900218786,114.47303009033203,190194800,NVDA
2025-05-05,112.88340831442672,114.64298826396649,112.63346720059009,113.7931900024414,133163200,NVDA
2025-05-06,111.4537475013017,114.7129742117387,110.7938992837595,113.51325988769531,158525600,NVDA
2025-05-07,113.02337494499027,117.65228163619798,112.25355204144066,117.03242492675781,206758800,NVDA
2025-05-08,118.22214377270919,118.65204278244111,115.82270761670769,117.34235382080078,198428100,NVDA
2025-05-09,117.32235248570746,118.20215005190205,115.18285724943865,116.62252044677734,132972200,NVDA
2025-05-12,121.94126742822685,122.97102355957031,120.25166311897564,122.97102355957031,225023300,NVDA
2025-05-13,124.95056035306071,131.18908818741485,124.44067836400953,129.89938354492188,330430100,NVDA
2025-05-14,133.16861033831793,135.40808800730593,131.6489642323906,135.30810546875,281180800,NVDA
2025-05-15,134.258351724734,136.2678878895653,132.6287461607251,134.79823303222656,226632600,NVDA
2025-05-16,136.18791721457987,136.31789147723805,133.42857277146337,135.36810302734375,226542500,NVDA
2025-05-19,132.35879696756518,135.83797251007488,132.35879696756518,135.53805541992188,193154600,NVDA
2025-05-20,134.2583525069389,134.54829272140586,132.58874781513978,134.3483428955078,161514200,NVDA
2025-05-21,133.02864907239967,137.36762292180558,130.55922977564506,131.76895141601562,270608700,NVDA
2025-05-22,132.19884131725317,134.21836966107523,131.51900885300861,132.7987060546875,187344000,NVDA
2025-05-23,129.96937433382988,132.64873565144939,129.12957588399638,131.25906372070312,198821300,NVDA
2025-05-27,134.1183754403962,135.6280293045703,133.27857708527512,135.4680633544922,192953600,NVDA
2025-05-28,135.9979578766118,137.2176717346689,134.75824445795843,134.7782440185547,304021100,NVDA
2025-05-29,142.21648797143945,143.45620133736625,137.87751407348716,139.15721130371094,369241900,NVDA
2025-05-30,138.6873257641086,139.58710766728817,132.88868890141003,135.09817504882812,333170900,NVDA
2025-06-02,135.45808684638126,138.08745689917103,135.36809645457458,137.34764099121094,197663100,NVDA
2025-06-03,138.74729436292043,141.9665367692297,137.91748812723765,141.1867218017578,225578800,NVDA
2025-06-04,142.15650682982962,142.3564566649135,139.5071219355859,141.88656616210938,167120800,NVDA
2025-06-05,142.13649493837005,143.96606551828813,138.79728569106723,139.95701599121094,231397900,NVDA
2025-06-06,142.47640682683559,143.23623746842864,141.47664251332282,141.6865997314453,153986200,NVDA
2025-06-09,143.15627066728982,144.96584183837217,141.9065651342004,142.59640502929688,185114500,NVDA
2025-06-10,142.65638139553192,144.25599524562207,141.4966510569608,143.92608642578125,155881900,NVDA
2025-06-11,144.5859620448177,144.96590375929992,141.84641202362192,142.80625915527344,167694000,NVDA
2025-06-12,141.94641106631286,144.9759063720703,141.82643588786814,144.9759063720703,162365000,NVDA
2025-06-13,142.4563055840922,143.556128789635,140.8265869783813,141.94639587402344,180820600,NVDA
2025-06-16,143.32618096280035,146.1556971839991,143.1761967394354,144.66595458984375,183133700,NVDA
2025-06-17,144.46598768948277,145.1958620737219,143.75609899624828,144.09603881835938,139108000,NVDA
2025-06-18,143.9860537050978,145.62578045463974,143.0962022725339,145.455810546875,161494100,NVDA
2025-06-20,145.42582047781178,146.17569581398777,142.6262828381709,143.8260955810547,242956200,NVDA
2025-06-23,142.47632119978937,144.7559411184857,142.00639807778802,144.1460418701172,154308900,NVDA
2025-06-24,145.53580457152245,147.9354148301798,145.4758169849003,147.8754119873047,187566100,NVDA
2025-06-25,149.24520677628502,154.4243389252029,149.23519867353343,154.28436279296875,269146500,NVDA
2025-06-26,155.95406403411533,156.69394650127538,153.97439748110884,154.99423217773438,198145700,NVDA
2025-06-27,156.01404775885302,158.68361723049148,155.2341786737402,157.72377014160156,263234500,NVDA
2025-06-30,158.37368067249696,158.6336472456001,155.93409881773164,157.96376037597656,194580300,NVDA
2025-07-01,156.26402965591922,157.17388214393176,151.46483925954294,153.2745361328125,213143600,NVDA
2025-07-02,152.9545671877056,157.57380961936815,152.94457434216997,157.22386169433594,171224100,NVDA
2025-07-03,158.34368228178877,160.95324924613055,157.74379112425564,159.3135223388672,143716100,NVDA
2025-07-07,158.17371270193448,159.28352889047815,157.31385497697042,158.21371459960938,140139000,NVDA
2025-07-08,159.30351713245472,160.19336858156893,158.36367094336165,159.97340393066406,138133000,NVDA
2025-07-09,161.1932080055649,164.39267314506114,161.13322041798892,162.85293579101562,183656400,NVDA
2025-07-10,164.29270331195812,164.4726660794993,161.5831469026993,164.07273864746094,167704100,NVDA
2025-07-11,163.6927958392512,167.862101078866,163.44283738179527,164.89259338378906,193633300,NVDA
2025-07-14,165.3425116109199,165.4625020418882,161.99307751467913,164.04273986816406,136975800,NVDA
2025-07-15,171.1615549258278,172.37134531045626,169.17188012202328,170.671630859375,230627400,NVDA
2025-07-16,171.03157616389174,171.72146396229547,168.87193138356372,171.34152221679688,158831500,NVDA
2025-07-17,171.99141956059896,174.13106334471073,170.80161486292053,172.97125244140625,160841100,NVDA
2025-07-18,173.61113894806013,174.22103817113316,171.23152964225835,172.38134765625,146456400,NVDA
2025-07-21,172.72129949000853,173.35119970444802,170.97159023323564,171.35153198242188,123126100,NVDA
2025-07-22,171.31154005146294,171.36153479867312,164.55266825003173,167.00225830078125,193114300,NVDA
2025-07-23,169.5018251648929,171.23153339032083,167.94208685699226,170.75161743164062,154082200,NVDA
2025-07-24,172.41134882841166,173.80111724784433,171.27153886755505,173.7111358642578,128984600,NVDA
2025-07-25,173.58115848322245,174.69097468726906,172.9312725713388,173.47117614746094,122316800,NVDA
2025-07-28,173.99108478739527,176.97058528484683,173.94109004538618,176.7206268310547,140023500,NVDA
2025-07-29,177.93044011853775,179.35020236643535,174.99092613442062,175.4808349609375,154077500,NVDA
2025-07-30,176.48066791766442,179.86011122312902,176.01074478620916,179.24021911621094,174312200,NVDA
2025-07-31,182.86960179799485,183.26954448460754,175.9007587673991,177.84043884277344,221685400,NVDA
2025-08-01,174.06106522140865,176.51065501732398,170.86160006411595,173.69113159179688,204529000,NVDA
2025-08-04,175.1309006070304,180.17005649193501,174.49100755408614,179.9700927734375,148174600,NVDA
2025-08-05,179.59015184800575,180.23004490386853,175.87076869322405,178.23037719726562,156407600,NVDA
2025-08-06,176.30069964693718,179.87009845787975,176.22071111043454,179.3901824951172,137192300,NVDA
2025-08-07,181.53984513179375,183.84945895635624,178.7703010091291,180.73997497558594,151878400,NVDA
2025-08-08,181.51982919208731,183.26953833968557,180.3700111699138,182.6696319580078,123396700,NVDA
2025-08-11,182.01974653412333,183.80944232526838,180.2200426409657,182.0297393798828,138323200,NVDA
2025-08-12,182.9295986692803,184.44933506001817,179.4301803710301,183.1295623779297,145485700,NVDA
2025-08-13,182.58965738273272,183.93943921657484,179.3202115957667,181.55982971191406,179871700,NVDA
2025-08-14,179.72011917648817,182.98957985829236,179.43017409752198,181.98974609375,129554000,NVDA
2025-08-15,181.84978375259033,181.86976944489334,178.01041021115256,180.42001342773438,156602200,NVDA
2025-08-18,180.56998232776263,182.90958965389834,180.55997422620712,181.979736328125,132008000,NVDA
2025-08-19,182.39967416584764,182.46966985536903,175.46084035755914,175.61080932617188,185229200,NVDA
2025-08-20,175.1408920976954,175.9707560164781,168.77195541250927,175.370849609375,215142700,NVDA
2025-08-21,174.8209444570093,176.87059152353538,173.78110877087863,174.95091247558594,140040900,NVDA
2025-08-22,172.58132291943235,178.56032512128596,171.17155351749952,177.96043395996094,172789400,NVDA
2025-08-25,178.3203719824875,181.87977802218637,176.54066896263805,179.78012084960938,163012800,NVDA
2025-08-26,180.03006938032237,182.35968393651802,178.7802771456414,181.7397918701172,168688200,NVDA
2025-08-27,181.94975068857377,182.45967569067753,179.07023971825097,181.56982421875,235518900,NVDA
2025-08-28,180.7899615720414,184.43934897141472,176.3806906932069,180.1400604248047,281787800,NVDA
2025-08-29,178.08040158317536,178.12038822306508,173.12121914292007,174.1510467529297,243257900,NVDA
2025-09-02,169.9717482776903,172.351357635579,167.19221149694363,170.75161743164062,231164900,NVDA
2025-09-03,171.03158891427162,172.38137081666613,168.851958278929,170.59165954589844,164424900,NVDA
2025-09-04,170.54166973363456,171.83144870716828,169.381858788342,171.63148498535156,141670100,NVDA
2025-09-05,168.00209055003162,169.0019244592772,164.04275681292185,166.9922637939453,224441400,NVDA
2025-09-08,167.5221599855096,170.93159698121408,167.32219627229085,168.2820281982422,163769100,NVDA
2025-09-09,169.0618925540675,170.95157781434446,166.71229229208453,170.7316131591797,157548400,NVDA
2025-09-10,176.61064931709572,179.26020289704138,175.44084555219968,177.300537109375,226852000,NVDA
2025-09-11,179.66027757334626,180.26021784214308,176.4606317396978,177.1505584716797,151159300,NVDA
2025-09-12,177.75047851465564,178.5803891806412,176.43061617633268,177.80047607421875,124911000,NVDA
2025-09-15,175.650725630949,178.83038469078608,174.49084923140515,177.73049926757812,147061600,NVDA
2025-09-16,176.98057174387853,177.4805168617991,174.36086420825131,174.86080932617188,140737800,NVDA
2025-09-17,172.62104942275718,173.18098551277336,168.39151800406466,170.27130126953125,211843800,NVDA
2025-09-18,173.96089569350613,177.08056354559588,172.94101865721873,176.2206573486328,191763300,NVDA
2025-09-19,175.7506939671915,178.06043774665943,175.16074718989944,176.6505889892578,237182100,NVDA
2025-09-22,175.28075846993005,184.52974299714734,174.69082690233378,183.58984375,269637000,NVDA
2025-09-23,181.95002022927713,182.3999677661597,176.19065819152993,178.410400390625,192559600,NVDA
2025-09-24,179.75025700209653,179.76025041106172,175.38072666046574,176.9505615234375,143564100,NVDA
2025-09-25,174.4608472798892,180.2402117285651,173.11100459099512,177.67050170898438,191586700,NVDA
2025-09-26,178.15043859744398,179.750269051669,174.91078879333958,178.17044067382812,148573700,NVDA
2025-09-29,180.41019002973698,183.97980553666213,180.30021674934378,181.83004760742188,193063500,NVDA
2025-09-30,182.06000352373024,187.32942897828707,181.4600633204032,186.55950927734375,236981000,NVDA
2025-10-01,185.21967144700423,188.11934700723293,183.87980694521147,187.21945190429688,173844900,NVDA
2025-10-02,189.57919146332628,191.0290292282152,188.03935198339767,188.8692626953125,136805800,NVDA
2025-10-03,189.16924608680657,190.33911589327732,185.35966652947783,187.5994110107422,137596900,NVDA
2025-10-06,185.4796339074747,187.20943969833962,183.3098739831843,185.51962280273438,157678100,NVDA
2025-10-07,186.20955566811082,189.03924688644503,183.97980469837793,185.01968383789062,140088000,NVDA
2025-10-08,186.5495190429729,189.57918508139647,186.51950830089396,189.0892333984375,130168900,NVDA
2025-10-09,192.20888438710807,195.27855455286462,191.039014711271,192.54885864257812,182997200,NVDA
2025-10-10,193.4887469873255,195.59851591827854,182.03001384654092,183.139892578125,268774400,NVDA
2025-10-13,187.9493639887039,190.08912842775598,185.93959015922437,188.29933166503906,153482800,NVDA
2025-10-14,184.74970821605342,184.77970370013514,179.6802578066599,180.01022338867188,205641400,NVDA
2025-10-15,184.77971248532194,184.84969686580231,177.2705272995106,179.8102569580078,214450500,NVDA
2025-10-16,182.20999112544493,183.2598789113643,179.75026972003684,181.7900390625,179723300,NVDA
2025-10-17,180.1602152773484,184.07979842608083,179.7302697995737,183.19989013671875,173135200,NVDA
2025-10-20,183.10990104163824,185.1796658652692,181.7100455780644,182.6199493408203,128544700,NVDA
2025-10-21,182.76991679751694,182.76991679751694,179.7802549646251,181.14010620117188,124240200,NVDA
2025-10-22,181.12011433169937,183.4198648953589,176.74059027394597,180.2602081298828,162249600,NVDA
2025-10-23,180.4001849787377,183.0098989665471,179.7702492811968,182.13999938964844,111363700,NVDA
2025-10-24,183.81980015643103,187.44940625639555,183.47984116964938,186.23953247070312,131296700,NVDA
2025-10-27,189.9691435897376,191.97891738858848,188.4093020699799,191.46897888183594,153452700,NVDA
2025-10-28,193.0288146936141,203.12769700573313,191.8889404255143,201.0079345703125,297986200,NVDA
2025-10-29,207.95717223581016,212.1667169482571,204.7575264516481,207.01727294921875,308829600,NVDA
2025-10-30,205.12746791137428,206.13736677538768,201.38788833732997,202.8677215576172,178864400,NVDA
2025-10-31,206.42733011185774,207.94716749796044,202.04782138155986,202.4677734375,179802200,NVDA
2025-11-03,208.05714970598171,211.31678618801203,205.53742218982754,206.85728454589844,180267300,NVDA
2025-11-04,202.9777066091775,203.9476013046771,197.90825607143535,198.66818237304688,188919300,NVDA
2025-11-05,198.7481902403631,202.89772869539195,194.6286320152979,195.18858337402344,171350300,NVDA
2025-11-06,196.39843756369172,197.59830279082226,186.35954634625867,188.05935668945312,223029800,NVDA
2025-11-07,184.87970536775757,188.29934352754728,178.8903723972709,188.1293487548828,264942300,NVDA
2025-11-10,195.08858253564551,199.91805415635875,193.76872011438098,199.0281524658203,198897100,NVDA
2025-11-11,195.13857433756354,195.3985402959953,191.2789975702345,193.1387939453125,176483300,NVDA
2025-11-12,195.69851973704638,195.86849924763862,191.1090271797132,193.7787322998047,154935300,NVDA
2025-11-13,191.02901978717685,191.4189763426968,183.82981362374773,186.8394775390625,207423100,NVDA
2025-11-14,182.8399142970662,190.98901295495202,180.56016596493993,190.14910888671875,186591900,NVDA
2025-11-17,185.9495778546046,188.9792438771453,184.29976516169708,186.5795135498047,173628900,NVDA
2025-11-18,183.3598703733926,184.7797126313021,179.6302689297591,181.340087890625,213598900,NVDA
2025-11-19,184.76970592228736,187.8393762025218,182.8099296469334,186.49952697753906,247246400,NVDA
2025-11-20,195.92847930218133,195.97847686300787,179.83025642841662,180.6201629638672,343504800,NVDA
2025-11-21,181.22010834266524,184.5397359279593,172.91100782704066,178.86036682128906,346926200,NVDA
2025-11-24,179.47030653663683,183.4798609481747,176.4606271183833,182.52996826171875,256618300,NVDA
2025-11-25,174.89079203873564,178.14043506786686,169.53138015579162,177.80047607421875,320600300,NVDA
2025-11-26,181.6100638206842,182.8899220695924,178.22043661727494,180.24020385742188,183852000,NVDA
2025-11-28,178.99033405428943,179.2703020816569,176.48061521713345,176.98056030273438,121332800,NVDA
2025-12-01,174.7408159055669,180.2802164760195,173.66093259662904,179.90025329589844,188131000,NVDA
2025-12-02,181.7400335835938,185.63961443898967,179.98023235974816,181.44007873535156,182632200,NVDA
2025-12-03,181.06012391136443,182.4299686383783,179.09033894604931,179.57028198242188,165138000,NVDA
2025-12-04,181.61017209543593,184.51002440204854,179.95027347354184,183.37008666992188,167364900,NVDA
2025-12-05,183.88004685245298,184.6500094505641,180.9002124089338,182.40013122558594,143971100,NVDA
2025-12-08,182.6301165694494,187.98982714518382,182.39012406320575,185.5399627685547,204378100,NVDA
2025-12-09,185.54995586495326,185.70995086836587,183.31008684903045,184.95999145507812,144719700,NVDA
2025-12-10,184.9599880707457,185.46995496958337,182.03013874897007,183.77005004882812,162785400,NVDA
2025-12-11,180.27023782951787,181.31019006496976,176.61043233199788,180.92019653320312,182136600,NVDA
2025-12-12,181.10019518559332,182.81010931847595,174.61054106596097,175.01052856445312,204274900,NVDA
2025-12-15,177.93037643785232,178.4103461991077,175.02053019793698,176.28045654296875,164775600,NVDA
2025-12-16,176.25046044282257,178.48035080582065,174.8905333961456,177.71038818359375,148588100,NVDA
2025-12-17,176.0904801521757,176.12047730871902,170.30078481189744,170.93075561523438,222775500,NVDA
2025-12-18,174.52054772862792,176.14045512074784,171.8107030234881,174.1305694580078,176096000,NVDA
2025-12-19,176.6604358481607,181.4401759084778,176.3304518785618,180.98020935058594,324925900,NVDA
2025-12-22,183.91003698180788,184.15002947616998,182.34012994783166,183.6800537109375,129064400,NVDA
2025-12-23,182.96010023623109,189.31975669034466,182.89009670029142,189.19976806640625,174873600,NVDA
2025-12-24,187.92983057380172,188.899779295176,186.57989753660073,188.59979248046875,65528500,NVDA
2025-12-26,189.9097162518428,192.67957056140054,187.98982202804387,190.51968383789062,139740300,NVDA
2025-12-29,187.6998414610299,188.749772392931,185.8999358866866,188.20980834960938,120006100,NVDA
2025-12-30,188.22982052336855,188.9797799436452,186.91987858592935,187.52984619140625,97687300,NVDA
2025-12-31,189.55975523635485,190.54969193131708,186.47991997410415,186.4899139404297,120100500,NVDA
2026-01-02,189.82971935613102,192.91954841717475,188.24980305842183,188.83978271484375,148240500,NVDA
2026-01-05,191.74961996436147,193.61952916959007,186.13992286460274,188.1098175048828,183529700,NVDA
2026-01-06,190.50969495089785,192.15959956375178,186.80989821500853,187.22987365722656,176862600,NVDA
2026-01-07,188.55979791265688,191.35963411085106,186.54989697142676,189.09976196289062,153543200,NVDA
2026-01-08,189.09977067708235,189.53974931649188,183.70006889406122,185.0299835205078,172457000,NVDA
2026-01-09,185.06998015284367,186.32990643372668,183.66005283935564,184.84999084472656,131327500,NVDA
2026-01-12,183.2100845491025,187.10986736077922,183.010098425574,184.92999267578125,137968500,NVDA
2026-01-13,184.9899882929175,188.0998205983224,183.3900687774691,185.79994201660156,160128900,NVDA
2026-01-14,184.3100252062831,184.45001701406107,180.79021156477043,183.1300811767578,159586100,NVDA
2026-01-15,186.48991316970114,189.6897370464893,186.31992419508657,187.03988647460938,206188600,NVDA
2026-01-16,189.06976141755646,190.4296883714215,186.06992389502736,186.21990966796875,187967200,NVDA
2026-01-20,181.89014292514364,182.37012791600927,177.60038196777572,178.06036376953125,223345300,NVDA
2026-01-21,179.04031586008543,185.3699752173061,178.3903418724365,183.31008911132812,200381000,NVDA
2026-01-22,184.7399951080077,186.15991637882954,183.92003219020145,184.82998657226562,139636600,NVDA
2026-01-23,187.48984685190618,189.58973923983262,186.80989099781206,187.6598358154297,142748100,NVDA
2026-01-26,187.1498802806874,189.1097657209082,185.97994539629804,186.4599151611328,124799600,NVDA
2026-01-27,187.22986667366473,189.9897117301412,185.6899415183402,188.50979614257812,143711600,NVDA
2026-01-28,191.25965707901594,192.33960048487265,189.82972650403363,191.5096435546875,148552700,NVDA
2026-01-29,191.32963792417547,193.46952146246272,186.04992498376654,192.49957275390625,171764400,NVDA
2026-01-30,191.19965692455457,194.47947816452233,189.45974561417185,191.11965942382812,179489500,NVDA
2026-02-02,187.1898706566695,190.2897090701948,184.87000408758857,185.59996032714844,165794100,NVDA
2026-02-03,186.22992037566058,186.25991753048794,176.22045266395375,180.33023071289062,204019600,NVDA
2026-02-04,179.45029148582987,179.57028010697434,171.90069716024271,174.18057250976562,207014100,NVDA
2026-02-05,174.92051964769362,176.81043194569037,171.020736948564,171.87069702148438,206312900,NVDA
2026-02-06,176.6804343618602,186.98987361565233,174.59055120100808,185.39996337890625,231346200,NVDA
2026-02-09,184.25002288009932,193.64952333361757,183.9400420976916,190.0297088623047,196387400,NVDA
2026-02-10,191.36964298604585,192.46957427391544,188.10980972728564,188.52978515625,136764800,NVDA
2026-02-11,192.43958265041238,193.24953637655122,188.75978911487715,190.0397186279297,144192700,NVDA
2026-02-12,193.01955263160718,193.5995230748733,186.49990120030046,186.9298858642578,189932500,NVDA
2026-02-13,187.4698554447334,187.4898586352177,181.58017462912434,182.80010986328125,161888000,NVDA
2026-02-17,181.74016448672575,187.13986615921206,179.17029624003743,184.95999145507812,162276900,NVDA
2026-02-18,188.73978069812654,190.3596881055438,186.7498829478333,187.96981811523438,164749100,NVDA
2026-02-19,187.04988063530703,188.41980165789556,185.64996245587088,187.88983154296875,126554500,NVDA
2026-02-20,186.5599139825128,190.31970507557438,185.92994318264132,189.8097381591797,178422300,NVDA
2026-02-23,191.3896412925324,193.93950641757905,189.56974766836524,191.53964233398438,171584800,NVDA
2026-02-24,191.47964208446245,193.75951747058733,187.38985183856119,192.83956909179688,175123600,NVDA
2026-02-25,194.43946745531196,197.61930319203404,193.77949953248776,195.54940795898438,250637100,NVDA
2026-02-26,194.25948668244985,194.27947461393586,184.31002841741252,184.87998962402344,360807900,NVDA
2026-02-27,181.2401979138715,182.5801217841234,176.3704661683341,177.180419921875,311636500,NVDA
2026-03-02,175.00052620838028,183.45008125730604,174.63055110847353,182.47012329101562,209095300,NVDA
2026-03-03,178.4803396065267,180.8901975001603,176.91041730394699,180.04025268554688,178099400,NVDA
2026-03-04,180.4302401537762,184.69000418349444,180.0502558302461,183.03009033203125,177731200,NVDA
2026-03-05,181.1601973472636,184.05004039552568,177.87038204113773,183.330078125,198779700,NVDA
2026-03-06,179.83025866705609,182.7500987288974,176.81043317462274,177.8103790283203,189021900,NVDA
2026-03-09,176.82042919903367,182.90010189125664,175.55049367782217,182.64010620117188,177213600,NVDA
2026-03-10,182.39012758732315,186.42991760168223,182.00014929336922,184.760009765625,179118500,NVDA
2026-03-11,185.91000366210938,187.6199951171875,184.4499969482422,186.02999877929688,145280400,NVDA
2026-03-12,184.0500030517578,184.94000244140625,181.75,183.13999938964844,155762700,NVDA
2026-03-13,184.9199981689453,186.08999633789062,179.94000244140625,180.25,160988400,NVDA
2026-03-16,182.97000122070312,188.8800048828125,181.41000366210938,183.22000122070312,217307400,NVDA
2026-03-17,185.05999755859375,185.39999389648438,181.67999267578125,181.92999267578125,182497800,NVDA
2026-03-18,182.47999572753906,183.3800048828125,180.3300018310547,180.39999389648438,156683100,NVDA
2026-03-19,178.00999450683594,179.97999572753906,175.7899932861328,178.55999755859375,170968500,NVDA
2026-03-20,178.0,178.25999450683594,171.72000122070312,172.6999969482422,241323500,NVDA
2026-03-23,177.25999450683594,178.3699951171875,174.75999450683594,175.63999938964844,182836300,NVDA
2026-03-24,174.8300018310547,176.22000122070312,173.97999572753906,175.1999969482422,147667800,NVDA
2026-03-25,177.10000610351562,181.22000122070312,176.85000610351562,178.67999267578125,162602100,NVDA
2026-03-26,176.07000732421875,176.50999450683594,171.13999938964844,171.24000549316406,186152200,NVDA
2026-03-27,170.0,170.97000122070312,167.00999450683594,167.52000427246094,196212700,NVDA
2026-03-30,168.77999877929688,169.4499969482422,164.27000427246094,165.1699981689453,185627000,NVDA
2026-03-31,166.97000122070312,174.6199951171875,166.9600067138672,174.39999389648438,226181300,NVDA
2026-04-01,176.0,177.3699951171875,174.75,175.75,168132000,NVDA
2026-04-02,172.17999267578125,177.49000549316406,171.3699951171875,177.38999938964844,143143200,NVDA
2026-04-06,177.16000366210938,177.7899932861328,175.75999450683594,177.63999938964844,107564300,NVDA
2026-04-07,175.72999572753906,178.22999572753906,173.66000366210938,178.10000610351562,132534900,NVDA
2026-04-08,184.5,185.25999450683594,180.3000030517578,182.0800018310547,147732700,NVDA
2026-04-09,181.83999633789062,184.0800018310547,180.6199951171875,183.91000366210938,116428500,NVDA
2026-04-10,184.30999755859375,190.0,184.3000030517578,188.6300048828125,160459500,NVDA
2026-04-13,186.02999877929688,189.66000366210938,185.74000549316406,189.30999755859375,133648200,NVDA
2026-04-14,190.83999633789062,196.50999450683594,190.77000427246094,196.50999450683594,161307000,NVDA
2026-04-15,196.5399932861328,200.39999389648438,195.74000549316406,198.8699951171875,185338400,NVDA
2026-04-16,197.42999267578125,199.85000610351562,195.80999755859375,198.35000610351562,134012900,NVDA
2026-04-17,199.89999389648438,201.6999969482422,199.27000427246094,201.67999267578125,160324400,NVDA
2026-04-20,199.97999572753906,202.1699981689453,197.83999633789062,202.05999755859375,119381400,NVDA
2026-04-21,202.1300048828125,202.75,199.0,199.8800048828125,107945300,NVDA
2026-04-22,200.99000549316406,202.5,199.0,202.5,107501000,NVDA
2026-04-23,202.4600067138672,203.8300018310547,197.22000122070312,199.63999938964844,113561800,NVDA
2026-04-24,199.9600067138672,210.9499969482422,199.80999755859375,208.27000427246094,214134400,NVDA
2026-04-27,209.64999389648438,216.8300018310547,207.3800048828125,216.61000061035156,187172400,NVDA
2026-04-28,209.49000549316406,214.72999572753906,208.1999969482422,213.1699981689453,180275400,NVDA
2026-04-29,212.6999969482422,212.72000122070312,207.5800018310547,209.25,123711800,NVDA
2026-04-30,209.92999267578125,210.3000030517578,198.6999969482422,199.57000732421875,225239200,NVDA
2026-05-01,201.27999877929688,203.0,197.1199951171875,198.4499969482422,128647000,NVDA
2026-05-04,199.5,201.72999572753906,194.74000549316406,198.47999572753906,125368100,NVDA
2026-05-05,199.3000030517578,200.24000549316406,196.02999877929688,196.5,113406600,NVDA
2026-05-06,199.88999938964844,208.27000427246094,198.61000061035156,207.8300018310547,188362800,NVDA
2026-05-07,208.33999633789062,214.1999969482422,206.5,211.5,168307900,NVDA
2026-05-08,213.02999877929688,217.8000030517578,212.88999938964844,215.1999969482422,136421400,NVDA
2026-05-11,214.0399932861328,222.3000030517578,213.88999938964844,219.44000244140625,160685800,NVDA
2026-05-12,218.5500030517578,223.75,214.9199981689453,220.77999877929688,159176600,NVDA
2026-05-13,224.92999267578125,227.83999633789062,221.57000732421875,225.8300018310547,150405400,NVDA
2026-05-14,229.85000610351562,236.5399932861328,229.3000030517578,235.74000549316406,180782900,NVDA
2026-05-15,229.75999450683594,231.5,224.24000549316406,225.32000732421875,180977600,NVDA
2026-05-18,229.8699951171875,230.0,218.3699951171875,222.32000732421875,146280900,NVDA
2026-05-19,219.6199951171875,224.47999572753906,217.91000366210938,220.61000061035156,140948200,NVDA
2026-05-20,223.17999267578125,226.1300048828125,220.5,223.47000122070312,184201600,NVDA
2026-05-21,222.2899932861328,227.39999389648438,217.92999267578125,219.50999450683594,203381800,NVDA
2026-05-22,220.89999389648438,221.00999450683594,214.8000030517578,215.3300018310547,168346300,NVDA
